ID,AC,gene_symbol,protein_name,GO_F Count,GO_P Count,GO_C Count,all_go_counts,bin,normalized_protein,normalized_gene_name,MATCH,PMC_ID,Rank,PMC_PROTEIN,HGNC_symbol,gene_id,gene_name,Bin2,predicted_gene_name,pmatch
PGH2_HUMAN,P35354,PTGS2,Prostaglandin G/H synthase 2 ,7,58,9,74,bin_5,Prostaglandin G/H synthase 2,PTGS2,1,100087,66,2199,PTGS2,HGNC:9605,prostaglandin-endoperoxide synthase 2,1,prostaglandin-endoperoxide synthase 2,1
RET_HUMAN,P07949,RET,Extracellular cell-membrane anchored RET cadherin 120 kDa fragment ,5,38,8,51,bin_5,Extracellular cell-membrane anchored RET cadherin 120 kDa fragment,CDH16,0,49222,127,35,RET,HGNC:9967,ret proto-oncogene,1,prostaglandin-endoperoxide synthase 2,0
ACE2_HUMAN,Q9BYF1,ACE2,Processed angiotensin-converting enzyme 2 ,8,26,12,46,bin_5,Processed angiotensin-converting enzyme 2,ACE2,1,70078,97,7912,ACE2,HGNC:13557,angiotensin converting enzyme 2,1,prostaglandin-endoperoxide synthase 2,0
IGF1_HUMAN,P05019,IGF1,Insulin-like growth factor I,5,65,7,77,bin_5,Insulin-like growth factor I,IGF1,1,36173,171,45813,IGF1,HGNC:5464,insulin like growth factor 1,1,interleukin 6,0
RENI_HUMAN,P00797,REN,Renin ,4,18,4,26,bin_5,Renin,REN,1,112622,57,110266,REN,HGNC:9958,renin,1,prostaglandin-endoperoxide synthase 2,0
CXCR4_HUMAN,P61073,CXCR4,C-X-C chemokine receptor type 4,12,43,12,67,bin_5,C-X-C chemokine receptor type 4,CXCR4,1,82337,76,34665,CXCR4,HGNC:2561,C-X-C motif chemokine receptor 4,1,epidermal growth factor receptor,0
ITCH_HUMAN,Q9BY75,ITCH,E3 ubiquitin-protein ligase Itchy homolog,8,31,12,51,bin_5,E3 ubiquitin-protein ligase Itchy homolog,ITCH,1,79364,83,448,ITCH,HGNC:13890,itchy E3 ubiquitin protein ligase,1,prostaglandin-endoperoxide synthase 2,0
DESM_HUMAN,Q8TAC4,DES,Desmin,3,6,14,23,bin_5,Desmin,DES,1,423164,13,30763,DES,HGNC:2770,desmin,1,epidermal growth factor receptor,0
EGLN_HUMAN,P17813,ENG,Endoglin,12,55,8,75,bin_5,Endoglin,ENG,1,115274,56,11971,ENG,HGNC:3349,endoglin,1,epidermal growth factor receptor,0
STAT3_HUMAN,P40763,STAT3,Signal transducer and activator of transcription 3 ,20,77,7,104,bin_5,Signal transducer and activator of transcription 3,STAT3,1,190588,30,151055,STAT3,HGNC:11364,signal transducer and activator of transcription 3,1,prostaglandin-endoperoxide synthase 2,0
SP1_HUMAN,P08047,SP1,Transcription factor Sp1,19,17,7,43,bin_5,Transcription factor Sp1,SP1,1,69696,99,55851,SP1,HGNC:11205,Sp1 transcription factor,1,ret proto-oncogene,0
E2F1_HUMAN,Q01094,E2F1,Transcription factor E2F1 ,11,22,8,41,bin_5,Transcription factor E2F1,E2F1,1,32644,186,28311,E2F1,HGNC:3113,E2F transcription factor 1,1,epidermal growth factor receptor,0
SIR1_HUMAN,Q96EB6,SIRT1,SirtT1 75 kDa fragment ,29,112,16,157,bin_5,SIRT1,SIRT1,1,81652,77,1,SIRT1,HGNC:14929,sirtuin 1,1,prostaglandin-endoperoxide synthase 2,0
TF65_HUMAN,Q04206,RELA,Transcription factor p65,25,78,9,112,bin_5,Transcription factor p65,RELA,1,44651,142,87504,RELA,HGNC:9955,"RELA proto-oncogene, NF-kB subunit",1,prostaglandin-endoperoxide synthase 2,0
APOE_HUMAN,P02649,APOE,Apolipoprotein E ,21,97,31,149,bin_5,Apolipoprotein E,APOE,1,94666,68,73952,APOE,HGNC:613,apolipoprotein E,1,albumin,0
CD4_HUMAN,P01730,CD4,T-cell surface glycoprotein CD4,16,32,8,56,bin_5,T-cell surface glycoprotein CD4,CD4,1,468742,10,82454,CD4,HGNC:1678,CD4 molecule,1,cytochrome P450 family 2 subfamily C member 19,0
RAN_HUMAN,Q9CWI7,RAN,GTP-binding nuclear protein Ran,12,21,19,52,bin_5,GTP-binding nuclear protein Ran,RAN,1,297774,19,3090,RAN,HGNC:9846,"RAN, member RAS oncogene family",1,prostaglandin-endoperoxide synthase 2,0
ALBU_HUMAN,Q8IUK7,ALB,Albumin,10,3,11,24,bin_5,Albumin,ALB,1,44785,141,790338,ALB,HGNC:399,albumin,1,albumin,1
SDF1_HUMAN,Q9H554,CXCL12,SDF-1-alpha(3-67),6,39,4,49,bin_5,CXCL12,CXCL12,1,46337,138,13,CXCL12,HGNC:10672,C-X-C motif chemokine ligand 12,1,prostaglandin-endoperoxide synthase 2,0
NANOG_HUMAN,Q9H9S0,NANOG,Homeobox protein NANOG,8,10,5,23,bin_5,Homeobox protein NANOG,NANOG,1,39822,157,8136,NANOG,HGNC:20857,Nanog homeobox,1,forkhead box P3,0
AKT1_HUMAN,P31749,AKT1,RAC-alpha serine/threonine-protein kinase,17,136,17,170,bin_5,RAC-alpha serine/threonine-protein kinase,AKT1,1,46136,139,1094,AKT1,HGNC:391,AKT serine/threonine kinase 1,1,albumin,0
ARF_HUMAN,Q8N726,CDKN2A,Tumor suppressor ARF ,8,38,6,52,bin_5,Tumor suppressor ARF,CDKN2A,1,78204,86,17898,CDKN2A,HGNC:1787,cyclin dependent kinase inhibitor 2A,1,cytochrome b-245 beta chain,0
CD14_HUMAN,P08571,CD14,"Monocyte differentiation antigen CD14, membrane-bound form",5,25,10,40,bin_5,CD14,CD14,1,238351,25,6601,CD14,HGNC:1628,CD14 molecule,1,cytochrome P450 family 2 subfamily C member 9,0
SODC_HUMAN,P00441,SOD1,Superoxide dismutase [Cu-Zn] ,7,57,16,80,bin_5,Superoxide dismutase [Cu-Zn],SOD1,1,38359,160,175044,SOD1,HGNC:11179,superoxide dismutase 1,1,ret proto-oncogene,0
NLRP3_HUMAN,Q5JQS8,NLRP3,"NACHT, LRR and PYD domains-containing protein 3 ",15,27,11,53,bin_5,"NACHT, LRR and PYD domains-containing protein 3",NLRP3,1,92195,69,6004,NLRP3,HGNC:16400,NLR family pyrin domain containing 3,1,prostaglandin-endoperoxide synthase 2,0
CD28_HUMAN,Q9BYV0,CD28,T-cell-specific surface glycoprotein CD28,3,28,6,37,bin_5,T-cell-specific surface glycoprotein CD28,CD28,1,79997,79,47835,CD28,HGNC:1653,CD28 molecule,1,cytochrome P450 family 2 subfamily C member 9,0
GALA_HUMAN,P22466,GAL,Galanin message-associated peptide,6,16,4,26,bin_5,Galanin message-associated peptide,GAL,1,129672,46,45,GAL,HGNC:4114,galanin and GMAP prepropeptide,1,fibrinogen beta chain,0
CDK1_HUMAN,P06493,CDK1,Cyclin-dependent kinase 1,13,52,17,82,bin_5,Cyclin-dependent kinase 1,CDK1,1,37531,164,29222,CDK1,HGNC:1722,cyclin dependent kinase 1,1,cytochrome P450 family 2 subfamily C member 19,0
GROA_HUMAN,P09341,CXCL1,GRO-alpha(6-73),5,12,4,21,bin_5,CXCL1,CXCL1,1,37066,168,23,CXCL1,HGNC:4602,C-X-C motif chemokine ligand 1,1,interleukin 6,0
TIE2_HUMAN,CKLRCSCNNG,TEK,Angiopoietin-1 receptor,6,34,13,53,bin_5,Angiopoietin-1 receptor,TEK,1,87320,70,14308,TEK,HGNC:11724,TEK receptor tyrosine kinase,1,ret proto-oncogene,0
ESR1_HUMAN,P03372,ESR1,Estrogen receptor,26,45,11,82,bin_5,Estrogen receptor,ESR1,1,23842,264,273854,ESR1,HGNC:3467,estrogen receptor 1,2,epidermal growth factor receptor,0
COMT_HUMAN,P21964,COMT,Catechol O-methyltransferase ,4,44,8,56,bin_5,Catechol O-methyltransferase,COMT,1,19448,325,13376,COMT,HGNC:2228,catechol-O-methyltransferase,2,cytochrome P450 family 2 subfamily E member 1,0
CRF_HUMAN,P06850,CRH,Corticoliberin,6,49,5,60,bin_5,Corticotropin-releasing hormone,CRH,1,21312,295,28151,CRH,HGNC:2355,corticotropin releasing hormone,2,cytochrome P450 family 2 subfamily C member 19,0
NUMB_HUMAN,Q8WW73,NUMB,Protein numb homolog,3,8,11,22,bin_5,protein numb homolog,NUMB,1,16567,369,2532,NUMB,HGNC:8060,NUMB endocytic adaptor protein,2,mitogen-activated protein kinase 1,0
DMD_HUMAN,Q02295,DMD,Dystrophin,8,28,18,54,bin_5,Dystrophin,DMD,1,24530,255,23760,DMD,HGNC:2928,dystrophin,2,epidermal growth factor receptor,0
SRF_HUMAN,P11831,SRF,Serum response factor,12,69,4,85,bin_5,Serum response factor,SRF,1,23006,274,1397892,SRF,HGNC:11291,serum response factor,2,prostaglandin-endoperoxide synthase 2,0
COLI_HUMAN,P01189,POMC,Met-enkephalin,6,16,5,27,bin_5,Met-enkephalin,PENK,0,22466,281,7276,POMC,HGNC:9201,proopiomelanocortin,2,prostaglandin-endoperoxide synthase 2,0
IL18_HUMAN,Q14116,IL18,Interleukin-18 ,2,38,3,43,bin_5,Interleukin-18,IL18,1,28863,211,22631,IL18,HGNC:5986,interleukin 18,2,interleukin 6,0
FES_HUMAN,P07332,FES,Tyrosine-protein kinase Fes/Fps,6,20,8,34,bin_5,Tyrosine-protein kinase Fes/Fps,FES,1,24611,254,118,FES,HGNC:3657,"FES proto-oncogene, tyrosine kinase",2,epidermal growth factor receptor,0
CD24_HUMAN,P25063,CD24,Signal transducer CD24,2,26,5,33,bin_5,CD24,CD24,1,26698,228,3476,CD24,HGNC:1645,CD24 molecule,2,cytochrome P450 family 2 subfamily C member 9,0
TGFB1_HUMAN,P01137,TGFB1,Transforming growth factor beta-1 ,11,175,12,198,bin_5,Transforming growth factor beta-1,TGFB1,1,21201,297,126659,TGFB1,HGNC:11766,transforming growth factor beta 1,2,ret proto-oncogene,0
CP2C9_HUMAN,P11712,CYP2C9,Cytochrome P450 2C9 ,14,14,4,32,bin_5,Cytochrome P450 2C9,CYP2C9,1,16050,384,6644,CYP2C9,HGNC:2623,cytochrome P450 family 2 subfamily C member 9,2,epidermal growth factor receptor,0
CTCF_HUMAN,P49711,CTCF,Transcriptional repressor CTCF,10,13,6,29,bin_5,Transcriptional repressor CTCF,CTCF,1,23004,275,6343,CTCF,HGNC:13723,CCCTC-binding factor,2,prostaglandin-endoperoxide synthase 2,0
CDK5_HUMAN,Q00535,CDK5,Cyclin-dependent kinase 5 ,13,60,20,93,bin_5,Cyclin-dependent kinase 5,CDK5,1,18621,340,8456,CDK5,HGNC:1774,cyclin dependent kinase 5,2,cytochrome b-245 beta chain,0
LIPL_HUMAN,P06858,LPL,Lipoprotein lipase,14,27,7,48,bin_5,Lipoprotein lipase,LPL,1,23512,266,44995,LPL,HGNC:6677,lipoprotein lipase,2,interleukin 6,0
SECR_HUMAN,P09683,SCT,Secretin ,4,14,2,20,bin_5,Secretin,SCT,1,29173,208,12229,SCT,HGNC:10607,secretin,2,prostaglandin-endoperoxide synthase 2,0
IL2_HUMAN,P60568,IL2,Interleukin-2,7,38,2,47,bin_5,Interleukin-2,IL2,1,27998,217,101246,IL2,HGNC:6001,interleukin 2,2,interleukin 6,0
DUOX2_HUMAN,Q9NRD8,DUOX2,Dual oxidase 2,7,13,10,30,bin_5,Dual oxidase 2,DUOX2,1,18666,339,17335,DUOX2,HGNC:13273,dual oxidase 2,2,ret proto-oncogene,0
IL15_HUMAN,P40933,IL15,Interleukin-15,2,29,8,39,bin_5,Interleukin-15,IL15,1,18825,336,13370,IL15,HGNC:5977,interleukin 15,2,interleukin 6,0
SMAD7_HUMAN,O15105,SMAD7,Mothers against decapentaplegic homolog 7,10,39,10,59,bin_5,Mothers against decapentaplegic homolog 7,SMAD7,1,17695,355,65918,SMAD7,HGNC:6773,SMAD family member 7,2,mitogen-activated protein kinase 1,0
MECP2_HUMAN,P51608,MECP2,Methyl-CpG-binding protein 2,19,77,7,103,bin_5,Methyl-CpG-binding protein 2,MECP2,1,18747,337,6574,MECP2,HGNC:6990,methyl-CpG binding protein 2,2,mitogen-activated protein kinase 1,0
TSC2_HUMAN,Q8TAZ1,TSC2,Tuberin ,5,24,10,39,bin_5,Tuberin,TSC2,1,22268,284,5090,TSC2,HGNC:12363,TSC complex subunit 2,2,ret proto-oncogene,0
CBL_HUMAN,P22681,CBL,E3 ubiquitin-protein ligase CBL,9,27,9,45,bin_5,E3 ubiquitin-protein ligase CBL,CBL,1,26924,223,6250,CBL,HGNC:1541,Cbl proto-oncogene,2,cytochrome b-245 beta chain,0
FINC_HUMAN,Q96KP8,FN1,Ugl-Y3,9,28,13,50,bin_5,Ugl-Y3,no appropriate match,0,17573,358,6,FN1,HGNC:3778,fibronectin 1,2,fibroblast growth factor receptor 2,0
FUS_HUMAN,P35637,FUS,RNA-binding protein FUS,9,8,4,21,bin_5,RNA-binding protein FUS,FUS,1,23482,267,13970,FUS,HGNC:4010,FUS RNA binding protein,2,fibroblast growth factor receptor 1,0
MTAP2_HUMAN,P11137,MAP2,Microtubule-associated protein 2,5,13,20,38,bin_5,Microtubule-associated protein 2,MAP2,1,22734,277,79630,MAP2,HGNC:6839,microtubule associated protein 2,2,mitogen-activated protein kinase 1,0
CDK6_HUMAN,Q00534,CDK6,Cyclin-dependent kinase 6,5,34,10,49,bin_5,Cyclin-dependent kinase 6,CDK6,1,25280,244,4076,CDK6,HGNC:1777,cyclin dependent kinase 6,2,cytochrome P450 family 2 subfamily C member 19,0
L1CAM_HUMAN,P32004,L1CAM,Neural cell adhesion molecule L1,2,11,8,21,bin_5,Neural cell adhesion molecule L1,L1CAM,1,17160,362,13084,L1CAM,HGNC:6470,L1 cell adhesion molecule,2,kinesin family member 5B,0
FGFR3_HUMAN,P22607,FGFR3,Fibroblast growth factor receptor 3,5,20,7,32,bin_5,Fibroblast growth factor receptor 3,FGFR3,1,16783,366,4969,FGFR3,HGNC:3690,fibroblast growth factor receptor 3,2,epidermal growth factor receptor,0
LEG3_HUMAN,P17931,LGALS3,Galectin-3,9,23,16,48,bin_5,Galectin-3,LGALS3,1,23468,268,21228,LGALS3,HGNC:6563,galectin 3,2,kinesin family member 5B,0
JUNB_HUMAN,P17275,JUNB,Transcription factor JunB ,5,17,6,28,bin_5,Transcription factor JunB,JUNB,1,13256,462,12137,JUNB,HGNC:6205,"JunB proto-oncogene, AP-1 transcription factor subunit",3,interleukin 6,0
ATRX_HUMAN,Q9H0Z1,ATRX,Transcriptional regulator ATRX,11,23,10,44,bin_5,Transcriptional regulator ATRX,ATRX,1,11370,523,3935,ATRX,HGNC:886,ATRX chromatin remodeler,3,cyclin dependent kinase inhibitor 1A,0
BMAL1_HUMAN,O00316,BMAL1,Basic helix-loop-helix ARNT-like protein 1 ,12,26,8,46,bin_5,Basic helix-loop-helix ARNT-like protein 1,BHLHE40,0,12125,493,704,BMAL1,HGNC:701,basic helix-loop-helix ARNT like 1,3,albumin,0
NOS3_HUMAN,Q548C1,NOS3,Nitric oxide synthase 3 ,11,47,9,67,bin_5,Nitric oxide synthase 3,NOS3,1,10454,567,204524,NOS3,HGNC:7876,nitric oxide synthase 3,3,mitogen-activated protein kinase 1,0
STAT2_HUMAN,P52630,STAT2,Signal transducer and activator of transcription 2,5,11,8,24,bin_5,Signal transducer and activator of transcription 2,STAT2,1,13544,453,11774,STAT2,HGNC:11363,signal transducer and activator of transcription 2,3,prostaglandin-endoperoxide synthase 2,0
TS101_HUMAN,Q99816,TSG101,Tumor susceptibility gene 101 protein,8,27,14,49,bin_5,Tumor susceptibility gene 101 protein,TSG101,1,12733,472,2931,TSG101,HGNC:15971,tumor susceptibility 101,3,serine palmitoyltransferase long chain base subunit 1,0
CO3A1_HUMAN,V9GZI1,COL3A1,Collagen alpha-1(III) chain,7,35,4,46,bin_5,Collagen alpha-1(III) chain,COL3A1,1,12406,479,11045,COL3A1,HGNC:2201,collagen type III alpha 1 chain,3,epidermal growth factor receptor,0
TNFB_HUMAN,P01374,LTA,Lymphotoxin-alpha,3,16,2,21,bin_5,Lymphotoxin-alpha,LTA,1,15107,409,13923,LTA,HGNC:6709,lymphotoxin alpha,3,mitogen-activated protein kinase 1,0
ACTA_HUMAN,P62736,ACTA2,"Actin, aortic smooth muscle, intermediate form",3,12,12,27,bin_5,"Actin, aortic smooth muscle, intermediate form",ACTA2,1,13553,452,5721,ACTA2,HGNC:130,"actin alpha 2, smooth muscle",3,adenosine deaminase,0
RAD50_HUMAN,Q92878,RAD50,DNA repair protein RAD50,10,22,9,41,bin_5,DNA repair protein RAD50,RAD50,1,14417,426,12724,RAD50,HGNC:9816,RAD50 double strand break repair protein,3,prostaglandin-endoperoxide synthase 2,0
GATA2_HUMAN,P23769,GATA2,Endothelial transcription factor GATA-2,11,54,4,69,bin_5,Endothelial transcription factor GATA-2,GATA2,1,12001,495,4226,GATA2,HGNC:4171,GATA binding protein 2,3,fibroblast growth factor receptor 1,0
TRAF3_HUMAN,Q13114,TRAF3,TNF receptor-associated factor 3 ,9,18,9,36,bin_5,TNF receptor-associated factor 3,TRAF3,1,10217,582,1532,TRAF3,HGNC:12033,TNF receptor associated factor 3,3,prostaglandin-endoperoxide synthase 2,0
ARI1A_HUMAN,Q9HBJ5,ARID1A,AT-rich interactive domain-containing protein 1A,3,18,8,29,bin_5,AT-rich interactive domain-containing protein 1A,ARID1A,1,12676,473,809,ARID1A,HGNC:11110,AT-rich interaction domain 1A,3,ret proto-oncogene,0
TRPV4_HUMAN,Q96Q92,TRPV4,Transient receptor potential cation channel subfamily V member 4,17,44,14,75,bin_5,Transient receptor potential cation channel subfamily V member 4,TRPV4,1,11078,538,8854,TRPV4,HGNC:18083,transient receptor potential cation channel subfamily V member 4,3,serine/threonine kinase 11,0
TREM2_HUMAN,Q9NZC2,TREM2,Triggering receptor expressed on myeloid cells 2,22,103,5,130,bin_5,Triggering receptor expressed on myeloid cells 2,TREM2,1,13202,464,64530,TREM2,HGNC:17761,triggering receptor expressed on myeloid cells 2,3,serine palmitoyltransferase long chain base subunit 1,0
LEP_HUMAN,P41159,LEP,Leptin ,4,96,3,103,bin_5,Leptin,LEP,1,15311,406,126170,LEP,HGNC:6553,leptin,3,lysosomal associated membrane protein 1,0
CP2E1_HUMAN,P05181,CYP2E1,Cytochrome P450 2E1 ,14,12,4,30,bin_5,Cytochrome P450 2E1,CYP2E1,1,14891,415,10030,CYP2E1,HGNC:2631,cytochrome P450 family 2 subfamily E member 1,3,epidermal growth factor receptor,0
MUSK_HUMAN,O15146,MUSK,"Muscle, skeletal receptor tyrosine-protein kinase",5,12,4,21,bin_5,"Muscle, skeletal receptor tyrosine-protein kinase",MUSK,1,11081,537,48362,MUSK,HGNC:7525,muscle associated receptor tyrosine kinase,3,phospholamban,0
ID3_HUMAN,Q02535,ID3,DNA-binding protein inhibitor ID-3,5,20,3,28,bin_5,DNA-binding protein inhibitor ID-3,ID3,1,11135,534,520,ID3,HGNC:5362,inhibitor of DNA binding 3,3,interleukin 2,0
HG2A_HUMAN,Q8WLP6,CD74,Class-II-associated invariant chain peptide ,11,49,24,84,bin_5,Class-II-associated invariant chain peptide,CD74,1,10750,553,4751,CD74,HGNC:1697,CD74 molecule,3,cyclin dependent kinase 4,0
TSLP_HUMAN,Q969D9,TSLP,Thymic stromal lymphopoietin,2,19,2,23,bin_5,Thymic stromal lymphopoietin,TSLP,1,11092,535,10303,TSLP,HGNC:30743,thymic stromal lymphopoietin,3,serine/threonine kinase 40,0
APOA1_HUMAN,P02647,APOA1,Truncated apolipoprotein A-I,15,48,19,82,bin_5,Truncated apolipoprotein A-I,APOA1,1,12321,482,1668,APOA1,HGNC:600,apolipoprotein A1,3,albumin,0
MAVS_HUMAN,Q86VY7,MAVS,Mitochondrial antiviral-signaling protein ,7,31,5,43,bin_5,Mitochondrial antiviral-signaling protein,MAVS,1,14523,421,8287,MAVS,HGNC:29233,mitochondrial antiviral signaling protein,3,"serine peptidase inhibitor, Kazal type 5",0
NOX1_HUMAN,Q9Y5S8,NOX1,NADPH oxidase 1,5,22,5,32,bin_5,NADPH oxidase 1,NOX1,1,10732,556,3519,NOX1,HGNC:7889,NADPH oxidase 1,3,prostaglandin-endoperoxide synthase 2,0
HLAC_HUMAN,Q9TPX2,HLA-C,"HLA class I histocompatibility antigen, C alpha chain",3,6,16,25,bin_5,"HLA class I histocompatibility antigen, C alpha chain",HLA-C,1,13197,465,3647,HLA-C,HGNC:4933,"major histocompatibility complex, class I, C",3,interleukin 6,0
HPRT_HUMAN,P00492,HPRT1,Hypoxanthine-guanine phosphoribosyltransferase,5,24,3,32,bin_5,Hypoxanthine-guanine phosphoribosyltransferase,HPRT1,1,12606,475,13465,HPRT1,HGNC:5157,hypoxanthine phosphoribosyltransferase 1,3,interleukin 6,0
JAK3_HUMAN,P52333,JAK3,Tyrosine-protein kinase JAK3 ,5,31,6,42,bin_5,Tyrosine-protein kinase JAK3,JAK3,1,13781,442,7809,JAK3,HGNC:6193,Janus kinase 3,3,interleukin 6,0
OPTN_HUMAN,Q8N562,OPTN,Optineurin,5,16,10,31,bin_5,Optineurin,OPTN,1,10687,560,5132,OPTN,HGNC:17142,optineurin,3,prostaglandin-endoperoxide synthase 2,0
BMP7_HUMAN,P18075,BMP7,Bone morphogenetic protein 7,4,72,4,80,bin_5,Bone morphogenetic protein 7,BMP7,1,10555,564,6354,BMP7,HGNC:1074,bone morphogenetic protein 7,3,CDK1,0
TLR8_HUMAN,Q9NR97,TLR8,Toll-like receptor 8 ,7,19,6,32,bin_5,Toll-like receptor 8,TLR8,1,13030,466,2782,TLR8,HGNC:15632,toll like receptor 8,3,ret proto-oncogene,0
MMP7_HUMAN,P09237,MMP7,Matrilysin,5,13,4,22,bin_5,Matrilysin,MMP7,1,8741,660,8867,MMP7,HGNC:7174,matrix metallopeptidase 7,4,MKI67,0
MEN1_HUMAN,Q9BUF0,MEN1,Menin,8,21,14,43,bin_5,Menin,MEN1,1,7863,721,5831,MEN1,HGNC:7010,menin 1,4,mitogen-activated protein kinase 1,0
CPT1A_HUMAN,P50416,CPT1A,"Carnitine O-palmitoyltransferase 1, liver isoform",4,24,2,30,bin_5,"Carnitine O-palmitoyltransferase 1, liver isoform",CPT1A,1,8281,691,504,CPT1A,HGNC:2328,carnitine palmitoyltransferase 1A,4,cytochrome P450 family 2 subfamily D member 6,0
SFRP1_HUMAN,Q8N474,SFRP1,Secreted frizzled-related protein 1,5,84,7,96,bin_5,Secreted frizzled-related protein 1,SFRP1,1,7171,765,2820,SFRP1,HGNC:10776,secreted frizzled related protein 1,4,ret proto-oncogene,0
P85A_HUMAN,P27986,PIK3R1,Phosphatidylinositol 3-kinase regulatory subunit alpha,18,40,11,69,bin_5,Phosphatidylinositol 3-kinase regulatory subunit alpha,PIK3R1,1,8920,651,35113,PIK3R1,HGNC:8979,phosphoinositide-3-kinase regulatory subunit 1,4,prostaglandin-endoperoxide synthase 2,0
A16L1_HUMAN,Q9H619,ATG16L1,Autophagy-related protein 16-1 ,4,12,9,25,bin_5,Autophagy-related protein 16-1,ATG16L1,1,8567,670,3997,ATG16L1,HGNC:21498,autophagy related 16 like 1,4,prostaglandin-endoperoxide synthase 2,0
TOP2A_HUMAN,P11388,TOP2A,DNA topoisomerase 2-alpha,12,16,10,38,bin_5,DNA topoisomerase 2-alpha,TOP2A,1,8504,677,960,TOP2A,HGNC:11989,DNA topoisomerase II alpha,4,prostaglandin-endoperoxide synthase 2,0
HXK1_HUMAN,P19367,HK1,Hexokinase-1 ,8,14,4,26,bin_5,Hexokinase-1,HK1,1,9683,607,3333,HK1,HGNC:4922,hexokinase 1,4,interleukin 6,0
IKKB_HUMAN,GSPDSMNASR,IKBKB,Inhibitor of nuclear factor kappa-B kinase subunit beta,11,29,7,47,bin_5,Inhibitor of nuclear factor kappa-B kinase subunit beta,IKBKB,1,8922,650,4891,IKBKB,HGNC:5960,inhibitor of nuclear factor kappa B kinase subunit beta,4,kinesin family member 5B,0
BAP1_HUMAN,Q92560,BAP1,Ubiquitin carboxyl-terminal hydrolase BAP1 ,5,28,5,38,bin_5,Ubiquitin carboxyl-terminal hydrolase BAP1,BAP1,1,9408,624,757,BAP1,HGNC:950,BRCA1 associated deubiquitinase 1,4,catenin beta 1,0
PAX2_HUMAN,Q02962,PAX2,Paired box protein Pax-2,8,58,7,73,bin_5,Paired box protein Pax-2,PAX2,1,8263,693,6416,PAX2,HGNC:8616,paired box 2,4,mitogen-activated protein kinase 1,0
SC6A4_HUMAN,P31645,SLC6A4,Sodium-dependent serotonin transporter,13,31,10,54,bin_5,Sodium-dependent serotonin transporter,SLC6A4,1,6922,780,31549,SLC6A4,HGNC:11050,solute carrier family 6 member 4,4,prostaglandin-endoperoxide synthase 2,0
DAF_HUMAN,Q14UF4,CD55,Complement decay-accelerating factor,2,11,11,24,bin_5,Complement decay-accelerating factor,CD55,1,8555,671,8567,CD55,HGNC:2665,CD55 molecule (Cromer blood group),4,epidermal growth factor receptor,0
PRDM1_HUMAN,O75626,PRDM1,PR domain zinc finger protein 1,8,28,4,40,bin_5,PR domain zinc finger protein 1,PRDM1,1,7693,736,10904,PRDM1,HGNC:9346,PR/SET domain 1,4,prostaglandin-endoperoxide synthase 2,0
BTC_HUMAN,P35070,BTC,Betacellulin,4,12,4,20,bin_5,Betacellulin,BTC,1,8713,662,2399,BTC,HGNC:1121,betacellulin,4,calcium voltage-gated channel subunit alpha1 C,0
NRP1_HUMAN,O14786,NRP1,Neuropilin-1 ,10,77,15,102,bin_5,Neuropilin-1,NRP1,1,9819,604,13341,NRP1,HGNC:8004,neuropilin 1,4,mitogen-activated protein kinase 1,0
MVP_HUMAN,Q14764,MVP,Major vault protein,3,8,12,23,bin_5,Major vault protein,MVP,1,9580,613,1668,MVP,HGNC:7531,major vault protein,4,mitogen-activated protein kinase 1,0
PROX1_HUMAN,Q92786,PROX1,Prospero homeobox protein 1,10,61,5,76,bin_5,Prospero homeobox protein 1,PROX1,1,7724,735,2533,PROX1,HGNC:9459,prospero homeobox 1,4,prostaglandin-endoperoxide synthase 2,0
UD11_HUMAN,P22309,UGT1A1,UDP-glucuronosyltransferase 1A1 ,7,23,6,36,bin_5,UDP-glucuronosyltransferase 1A1,UGT1A1,1,7742,732,1619,UGT1A1,HGNC:12530,UDP glucuronosyltransferase family 1 member A1,4,ret proto-oncogene,0
MYF5_HUMAN,P13349,MYF5,Myogenic factor 5,4,15,3,22,bin_5,Myogenic factor 5,MYF5,1,7385,751,1468,MYF5,HGNC:7565,myogenic factor 5,4,mitogen-activated protein kinase 1,0
NR4A1_HUMAN,P22736,NR4A1,Nuclear receptor subfamily 4immunitygroup A member 1,11,22,8,41,bin_5,Nuclear receptor subfamily 4 group A member 1,NR4A1,1,7729,733,0,NR4A1,HGNC:7980,nuclear receptor subfamily 4 group A member 1,4,nuclear receptor subfamily 3 group C member 1,0
ANPRA_HUMAN,LTEYCPRGSL,NPR1,Atrial natriuretic peptide receptor 1 ,10,15,3,28,bin_5,Atrial natriuretic peptide receptor 1,NPR1,1,8476,680,29768,NPR1,HGNC:7943,natriuretic peptide receptor 1,4,prostaglandin-endoperoxide synthase 2,0
NRATCYTDLS,Q9NR61,DLL4,Delta-like protein 4,3,29,1,33,bin_5,Delta-like protein 4,DLL4,1,9494,619,2028,DLL4,HGNC:2910,delta like canonical Notch ligand 4,4,epidermal growth factor receptor,0
QFYFSNTFDL,P56715,RP1,Oxygen-regulated protein 1,1,12,7,20,bin_5,Oxygen-regulated protein 1,HYOU1,0,7325,754,3741,RP1,HGNC:10263,RP1 axonemal microtubule associated,4,prostaglandin-endoperoxide synthase 2,0
MCM2_HUMAN,P49736,MCM2,DNA replication licensing factor MCM2 ,9,10,8,27,bin_5,DNA replication licensing factor MCM2,MCM2,1,8712,663,2693,MCM2,HGNC:6944,minichromosome maintenance complex component 2,4,lysosomal associated membrane protein 1,0
GNAS2_HUMAN,Q5JWD5,GNAS,Guanine nucleotide-binding protein G(s) subunit alpha isoforms short,6,14,7,27,bin_5,Guanine nucleotide-binding protein G(s) subunit alpha isoforms short,GNAS,1,8543,673,8417,GNAS,HGNC:4392,GNAS complex locus,4,fibroblast growth factor receptor 2,0
GATA6_HUMAN,Q92908,GATA6,Transcription factor GATA-6,11,55,5,71,bin_5,Transcription factor GATA-6,GATA6,1,9153,640,8003,GATA6,HGNC:4174,GATA binding protein 6,4,fibroblast growth factor receptor 1,0
PERF_HUMAN,P14222,PRF1,Perforin-1,4,14,8,26,bin_5,Perforin-1,PRF1,1,7240,758,37560,PRF1,HGNC:9360,perforin 1,4,prostaglandin-endoperoxide synthase 2,0
KLF5_HUMAN,Q13887,KLF5,Krueppel-like factor 5,6,15,5,26,bin_5,Krueppel-like factor 5,KLF5,1,7204,762,125,KLF5,HGNC:6349,KLF transcription factor 5,4,interleukin 6,0
PLF4_HUMAN,P02776,PF4,"Platelet factor 4, short form",4,22,5,31,bin_5,Platelet factor 4,PF4,1,8698,664,2410,PF4,HGNC:8861,platelet factor 4,4,prostaglandin-endoperoxide synthase 2,0
PBX1_HUMAN,P40424,PBX1,Pre-B-cell leukemia transcription factor 1,10,27,5,42,bin_5,Pre-B-cell leukemia transcription factor 1,PBX1,1,6273,858,415,PBX1,HGNC:8632,PBX homeobox 1,5,mitogen-activated protein kinase 1,0
HEY1_HUMAN,Q9Y5J3,HEY1,Hairy/enhancer-of-split related with YRPW motif protein 1,8,28,4,40,bin_5,Hairy/enhancer-of-split related with YRPW motif protein 1,HEY1,1,5724,919,651,HEY1,HGNC:4880,hes related family bHLH transcription factor with YRPW motif 1,5,interleukin 2,0
BIN1_HUMAN,O75515,BIN1,Myc box-dependent-interacting protein 1,10,22,23,55,bin_5,Myc box-dependent-interacting protein 1,BIN1,1,6011,889,103,BIN1,HGNC:1052,bridging integrator 1,5,catenin beta 1,0
HS71A_HUMAN,P0DMV8,HSPA1A,Heat shock 70 kDa protein 1A ,23,35,21,79,bin_5,Heat shock 70 kDa protein 1A,HSPA1A,1,5442,963,7716,HSPA1A,HGNC:5232,heat shock protein family A (Hsp70) member 1A,5,interleukin 6,0
XRP2_HUMAN,O75695,RP2,Protein XRP2,4,5,11,20,bin_5,protein,RP2,1,6357,849,43,RP2,HGNC:10274,RP2 activator of ARL3 GTPase,5,prostaglandin-endoperoxide synthase 2,0
CSF2_HUMAN,P04141,CSF2,Granulocyte-macrophage colony-stimulating factor,3,28,5,36,bin_5,Granulocyte-macrophage colony-stimulating factor,CSF2,1,6224,868,82892,CSF2,HGNC:2434,colony stimulating factor 2,5,epidermal growth factor receptor,0
HNF1A_HUMAN,Q99861,HNF1A,Hepatocyte nuclear factor 1-alpha,9,10,4,23,bin_5,Hepatocyte nuclear factor 1-alpha,HNF1A,1,6136,875,7485,HNF1A,HGNC:11621,HNF1 homeobox A,5,prostaglandin-endoperoxide synthase 2,0
SNP25_HUMAN,Q5U0B5,SNAP25,Synaptosomal-associated protein 25,8,21,31,60,bin_5,Synaptosomal-associated protein 25,SNAP25,1,6716,805,2314,SNAP25,HGNC:11132,synaptosome associated protein 25,5,ret proto-oncogene,0
NOS1_HUMAN,P29475,NOS1,Nitric oxide synthase 1 ,14,33,17,64,bin_5,Nitric oxide synthase 1,NOS1,1,6364,848,206864,NOS1,HGNC:7872,nitric oxide synthase 1,5,prostaglandin-endoperoxide synthase 2,0
BARD1_HUMAN,Q99728,BARD1,BRCA1-associated RING domain protein 1,6,19,11,36,bin_5,BRCA1-associated RING domain protein 1,BARD1,1,6563,822,1779,BARD1,HGNC:952,BRCA1 associated RING domain 1,5,cyclin dependent kinase inhibitor 1A,0
1433Z_HUMAN,Q6NUR9,YWHAZ,14-3-3 protein zeta/delta,10,21,12,43,bin_5,14-3-3 protein zeta/delta,YWHAZ,1,5999,891,803,YWHAZ,HGNC:12855,tyrosine 3-monooxygenase/tryptophan 5-monooxygenase activation protein zeta,5,ret proto-oncogene,0
DRD4_HUMAN,P21917,DRD4,D(4) dopamine receptor,12,27,6,45,bin_5,D(4) dopamine receptor,DRD4,1,5291,978,157906,DRD4,HGNC:3025,dopamine receptor D4,5,epidermal growth factor receptor,0
CDK7_HUMAN,P50613,CDK7,Cyclin-dependent kinase 7,7,9,13,29,bin_5,Cyclin-dependent kinase 7,CDK7,1,6223,869,171769,CDK7,HGNC:1778,cyclin dependent kinase 7,5,cytochrome P450 family 2 subfamily C member 19,0
LATS2_HUMAN,Q9NRM7,LATS2,Serine/threonine-protein kinase LATS2,4,17,5,26,bin_5,Serine/threonine-protein kinase LATS2,LATS2,1,5607,934,295,LATS2,HGNC:6515,large tumor suppressor kinase 2,5,interleukin 6,0
ALKB5_HUMAN,Q6P6C2,ALKBH5,RNA demethylase ALKBH5 ,6,11,6,23,bin_5,RNA demethylase ALKBH5,ALKBH5,1,6249,860,4320,ALKBH5,HGNC:25996,"alkB homolog 5, RNA demethylase",5,serine/threonine kinase 11,0
TGFB2_HUMAN,P61812,TGFB2,Transforming growth factor beta-2,8,91,6,105,bin_5,Transforming growth factor beta-2,TGFB2,1,6736,802,30188,TGFB2,HGNC:11768,transforming growth factor beta 2,5,ret proto-oncogene,0
DLL1_HUMAN,O00548,DLL1,Delta-like protein 1 ,5,65,6,76,bin_5,Delta-like protein 1,DLL1,1,6646,811,2071,DLL1,HGNC:2908,delta like canonical Notch ligand 1,5,epidermal growth factor receptor,0
HMR1_HUMAN,Q9TQB3,MR1,Major histocompatibility complex class I-related gene protein,3,8,9,20,bin_5,Major histocompatibility complex class I-related gene protein,MR1,1,5616,933,3124,MR1,HGNC:4975,"major histocompatibility complex, class I-related",5,interleukin 6,0
CHK1_HUMAN,O14757,CHEK1,Serine/threonine-protein kinase Chk1,6,27,11,44,bin_5,Serine/threonine-protein kinase Chk1,CHEK1,1,5633,930,1469,CHEK1,HGNC:1925,checkpoint kinase 1,5,cytochrome P450 family 2 subfamily C member 19,0
SCN1A_HUMAN,KPIVEKHEQE,SCN1A,Sodium channel protein type 1 subunit alpha,2,12,10,24,bin_5,Sodium channel protein type 1 subunit alpha,SCN1A,1,5528,949,84925,SCN1A,HGNC:10585,sodium voltage-gated channel alpha subunit 1,5,prostaglandin-endoperoxide synthase 2,0
MFF_HUMAN,Q9GZY8,MFF,Mitochondrial fission factor,2,12,6,20,bin_5,Mitochondrial fission factor,MFF,1,5624,931,191898,MFF,HGNC:24858,mitochondrial fission factor,5,serine/threonine kinase 11,0
DQA1_HUMAN,Q6ICU6,HLA-DQA1,"HLA class II histocompatibility antigen, DQ alpha 1 chain",3,6,12,21,bin_5,"HLA class II histocompatibility antigen, DQ alpha 1 chain",HLA-DQA1,1,6119,878,3831,HLA-DQA1,HGNC:4942,"major histocompatibility complex, class II, DQ alpha 1",5,interleukin 2,0
RPE65_HUMAN,Q16518,RPE65,Retinoid isomerohydrolase ,9,9,5,23,bin_5,Retinoid isomerohydrolase,RPE65,1,6591,817,485,RPE65,HGNC:10294,retinoid isomerohydrolase RPE65,5,prostaglandin-endoperoxide synthase 2,0
IL23R_HUMAN,Q8IW84,IL23R,Interleukin-23 receptor,2,25,4,31,bin_5,Interleukin-23 receptor,IL23R,1,5504,952,11293,IL23R,HGNC:19100,interleukin 23 receptor,5,sodium channel epithelial 1 subunit beta,0
PKHD1_HUMAN,P08F94,PKHD1,Fibrocystin ,1,24,14,39,bin_5,Fibrocystin,PKHD1,1,6245,861,877,PKHD1,HGNC:9016,PKHD1 ciliary IPT domain containing fibrocystin/polyductin,5,prostaglandin-endoperoxide synthase 2,0
IL2RG_HUMAN,P31785,IL2RG,Cytokine receptor common subunit gamma,5,18,9,32,bin_5,Cytokine receptor common subunit gamma,IL2RG,1,6195,871,71760,IL2RG,HGNC:6010,interleukin 2 receptor subunit gamma,5,interleukin 2,0
TBX5_HUMAN,Q99593,TBX5,T-box transcription factor TBX5,7,39,7,53,bin_5,T-box transcription factor TBX5,TBX5,1,6433,838,2348,TBX5,HGNC:11604,T-box transcription factor 5,5,ret proto-oncogene,0
IFIH1_HUMAN,Q9BYX4,IFIH1,Interferon-induced helicase C domain-containing protein 1 ,11,19,4,34,bin_5,Interferon-induced helicase C domain-containing protein 1,IFIH1,1,5482,956,1749,IFIH1,HGNC:18873,interferon induced with helicase C domain 1,5,prostaglandin-endoperoxide synthase 2,0
SIX1_HUMAN,Q15475,SIX1,Homeobox protein SIX1,10,61,6,77,bin_5,Homeobox protein SIX1,SIX1,1,5471,960,2340,SIX1,HGNC:10887,SIX homeobox 1,5,ret proto-oncogene,0
ELK1_HUMAN,P19419,ELK1,ETS domain-containing protein Elk-1,9,12,7,28,bin_5,ETS domain-containing protein Elk-1,ELK1,1,6242,862,487,ELK1,HGNC:3321,ETS transcription factor ELK1,5,epidermal growth factor receptor,0
NDRG1_HUMAN,Q92597,NDRG1,Protein NDRG1,4,7,11,22,bin_5,Protein NDRG1,NDRG1,1,4828,1056,4742,NDRG1,HGNC:7679,N-myc downstream regulated 1,6,mitogen-activated protein kinase 1,0
MLP3B_HUMAN,Q9GZQ8,MAP1LC3B,Microtubule-associated proteins 1A/1B light chain 3B ,4,7,11,22,bin_5,Microtubule-associated proteins 1A/1B light chain 3B,MAP1LC3B,1,4525,1117,1202,MAP1LC3B,HGNC:13352,microtubule associated protein 1 light chain 3 beta,6,ret proto-oncogene,0
HDAC9_HUMAN,O94845,HDAC9,Histone deacetylase 9,11,16,6,33,bin_5,Histone deacetylase 9,HDAC9,1,4681,1087,106946,HDAC9,HGNC:14065,histone deacetylase 9,6,prostaglandin-endoperoxide synthase 2,0
ATS5_HUMAN,Q9UNA0,ADAMTS5,A disintegrin and metalloproteinase with thrombospondin motifs 5,9,9,5,23,bin_5,A disintegrin and metalloproteinase with thrombospondin motifs 5,ADAMTS5,1,4230,1161,5269,ADAMTS5,HGNC:221,ADAM metallopeptidase with thrombospondin type 1 motif 5,6,adenosine deaminase,0
MYOG_HUMAN,P15173,MYOG,Myogenin,11,22,5,38,bin_5,Myogenin,MYOG,1,4876,1047,14084,MYOG,HGNC:7612,myogenin,6,mitogen-activated protein kinase 1,0
HRG_HUMAN,P04196,HRG,Histidine-rich glycoprotein,9,27,7,43,bin_5,Histidine-rich glycoprotein,HRG,1,4779,1066,2554,HRG,HGNC:5181,histidine rich glycoprotein,6,interleukin 2,0
DHH_HUMAN,O43323,DHH,Desert hedgehog protein N-product,5,15,4,24,bin_5,Desert hedgehog protein N-product,DHH,1,4742,1073,3,DHH,HGNC:2865,desert hedgehog signaling molecule,6,epidermal growth factor receptor,0
FOXC2_HUMAN,Q99958,FOXC2,Forkhead box protein C2,11,40,4,55,bin_5,Forkhead box protein C2,FOXC2,1,5161,1003,4310,FOXC2,HGNC:3801,forkhead box C2,6,fibroblast growth factor receptor 2,0
ETS2_HUMAN,P15036,ETS2,Protein C-ets-2,9,7,5,21,bin_5,Protein C-ets-2,ETS2,1,4878,1046,578,ETS2,HGNC:3489,"ETS proto-oncogene 2, transcription factor",6,epidermal growth factor receptor,0
IF16_HUMAN,Q5T3X2,IFI16,Gamma-interferon-inducible protein 16 ,4,25,7,36,bin_5,Gamma-interferon-inducible protein 16,IFI16,1,5071,1020,932,IFI16,HGNC:5395,interferon gamma inducible protein 16,6,interleukin 6,0
GNAQ_HUMAN,P50148,GNAQ,Guanine nucleotide-binding protein G(q) subunit alpha,6,13,9,28,bin_5,Guanine nucleotide-binding protein G(q) subunit alpha,GNAQ,1,4639,1089,14198,GNAQ,HGNC:4390,G protein subunit alpha q,6,forkhead box P3,0
K2C8_HUMAN,Q6GMY0,KRT8,"Keratin, type II cytoskeletal 8",2,7,15,24,bin_5,"Keratin, type II cytoskeletal 8",KRT8,1,4148,1176,10348,KRT8,HGNC:6446,keratin 8,6,interleukin 6,0
BIRC3_HUMAN,Q13489,BIRC3,Baculoviral IAP repeat-containing protein 3,6,19,5,30,bin_5,Baculoviral IAP repeat-containing protein 3,BIRC3,1,4778,1067,303,BIRC3,HGNC:591,baculoviral IAP repeat containing 3,6,albumin,0
ATF1_HUMAN,P18846,ATF1,Cyclic AMP-dependent transcription factor ATF-1,7,8,6,21,bin_5,Cyclic AMP-dependent transcription factor ATF-1,ATF1,1,4423,1132,152,ATF1,HGNC:783,activating transcription factor 1,6,albumin,0
MIB1_HUMAN,Q86YT6,MIB1,E3 ubiquitin-protein ligase MIB1,3,12,5,20,bin_5,E3 ubiquitin-protein ligase MIB1,MIB1,1,4821,1058,738,MIB1,HGNC:21086,MIB E3 ubiquitin protein ligase 1,6,angiotensin converting enzyme 2,0
MSX2_HUMAN,P35548,MSX2,Homeobox protein MSX-2,7,36,5,48,bin_5,Homeobox protein MSX-2,MSX2,1,5180,1000,379,MSX2,HGNC:7392,msh homeobox 2,6,mitogen-activated protein kinase 1,0
YBOX1_HUMAN,P67809,YBX1,Y-box-binding protein 1 ,11,22,16,49,bin_5,Y-box-binding protein 1,YBX1,1,5129,1009,3195,YBX1,HGNC:8014,Y-box binding protein 1,6,mitogen-activated protein kinase 1,0
MFNNACTYNE,Q9H2T5,PBRM1,Protein polybromo-1,2,13,8,23,bin_5,protein polybromo-1,PBRM1,1,4434,1131,674,PBRM1,HGNC:30064,polybromo 1,6,"serine peptidase inhibitor, Kazal type 6",0
SAMH1_HUMAN,Q9Y3Z3,SAMHD1,Deoxynucleoside triphosphate triphosphohydrolase SAMHD1 ,11,13,5,29,bin_5,Deoxynucleoside triphosphate triphosphohydrolase SAMHD1,SAMHD1,1,4456,1128,774,SAMHD1,HGNC:15925,SAM and HD domain containing deoxynucleoside triphosphate triphosphohydrolase 1,6,solute carrier family 22 member 4,0
APOC3_HUMAN,P02656,APOC3,Apolipoprotein C-III,5,24,9,38,bin_5,Apolipoprotein C-III,APOC3,1,4270,1147,3895,APOC3,HGNC:610,apolipoprotein C3,6,catenin beta 1,0
CCN1_HUMAN,O00622,CCN1,CCN family member 1 ,4,30,3,37,bin_5,CCN family member 1,CYR61,0,4448,1129,5131,CCN1,HGNC:2654,cellular communication network factor 1,6,epidermal growth factor receptor,0
BATF_HUMAN,Q16520,BATF,Basic leucine zipper transcriptional factor ATF-like,6,14,5,25,bin_5,Basic leucine zipper transcriptional factor ATF-like,BATF,1,4722,1076,1041,BATF,HGNC:958,basic leucine zipper ATF-like transcription factor,6,cyclin dependent kinase inhibitor 1A,0
PLPL3_HUMAN,Q9NST1,PNPLA3,1-acylglycerol-3-phosphate O-acyltransferase PNPLA3 ,10,13,4,27,bin_5,1-acylglycerol-3-phosphate O-acyltransferase PNPLA3,PNPLA3,1,5090,1015,75,PNPLA3,HGNC:18590,"patatin like domain 3, 1-acylglycerol-3-phosphate O-acyltransferase ",6,prostaglandin-endoperoxide synthase 2,0
SMN_HUMAN,Q16637,SMN2,Survival motor neuron protein,2,4,14,20,bin_5,Survival motor neuron protein,SMN1,0,4267,1150,124960,SMN2,HGNC:11118,"survival of motor neuron 2, centromeric",6,ret proto-oncogene,0
CH3L1_HUMAN,P36222,CHI3L1,Chitinase-3-like protein 1,3,17,8,28,bin_5,Chitinase-3-like protein 1,CHI3L1,1,4818,1059,2311,CHI3L1,HGNC:1932,chitinase 3 like 1,6,cyclin dependent kinase 4,0
KCNH2_HUMAN,Q9H3P0,KCNH2,Potassium voltage-gated channel subfamily H member 2,11,24,3,38,bin_5,Potassium voltage-gated channel subfamily H member 2,KCNH2,1,4753,1069,5385,KCNH2,HGNC:6251,potassium voltage-gated channel subfamily H member 2,6,interleukin 6,0
TIRAP_HUMAN,P58753,TIRAP,Toll/interleukin-1 receptor domain-containing adapter protein,8,31,7,46,bin_5,Toll/interleukin-1 receptor domain-containing adapter protein,TIRAP,1,4942,1036,1256,TIRAP,HGNC:17192,TIR domain containing adaptor protein,6,prostaglandin-endoperoxide synthase 2,0
VLDLR_HUMAN,P98155,VLDLR,Very low-density lipoprotein receptor,8,12,6,26,bin_5,Very low-density lipoprotein receptor,VLDLR,1,4253,1154,170404,VLDLR,HGNC:12698,very low density lipoprotein receptor,6,ret proto-oncogene,0
TRI25_HUMAN,Q14258,TRIM25,E3 ubiquitin/ISG15 ligase TRIM25,8,19,5,32,bin_5,E3 ubiquitin/ISG15 ligase TRIM25,TRIM25,1,4245,1158,54,TRIM25,HGNC:12932,tripartite motif containing 25,6,prostaglandin-endoperoxide synthase 2,0
UCP3_HUMAN,P55916,UCP3,Putative mitochondrial transporter UCP3 ,2,16,2,20,bin_5,Putative mitochondrial transporter UCP3,UCP3,1,4810,1060,806,UCP3,HGNC:12519,uncoupling protein 3,6,ret proto-oncogene,0
GPNMB_HUMAN,Q14956,GPNMB,Transmembrane glycoprotein NMB,5,16,4,25,bin_5,Transmembrane glycoprotein NMB,GPNMB,1,3762,1254,861,GPNMB,HGNC:4462,glycoprotein nmb,7,interleukin 6,0
CSF3_HUMAN,P09919,CSF3,Granulocyte colony-stimulating factor,4,14,4,22,bin_5,Granulocyte colony-stimulating factor,CSF3,1,3509,1315,109832,CSF3,HGNC:2438,colony stimulating factor 3,7,epidermal growth factor receptor,0
RAB5A_HUMAN,P20339,RAB5A,Ras-related protein Rab-5A,4,16,28,48,bin_5,Ras-related protein Rab-5A,RAB5A,1,3621,1285,132,RAB5A,HGNC:9783,"RAB5A, member RAS oncogene family",7,prostaglandin-endoperoxide synthase 2,0
LYAM2_HUMAN,P16581,SELE,E-selectin,5,16,8,29,bin_5,E-selectin,SELE,1,3402,1359,28347,SELE,HGNC:10718,selectin E,7,prostaglandin-endoperoxide synthase 2,0
SDC1_HUMAN,P18827,SDC1,Syndecan-1 ,2,14,7,23,bin_5,Syndecan-1,SDC1,1,3801,1245,9906,SDC1,HGNC:10658,syndecan 1,7,prostaglandin-endoperoxide synthase 2,0
EDNRB_HUMAN,Q8NHM9,EDNRB,Endothelin receptor type B ,3,52,2,57,bin_5,Endothelin receptor type B,EDNRB,1,3720,1264,50194,EDNRB,HGNC:3180,endothelin receptor type B,7,epidermal growth factor receptor,0
CCND3_HUMAN,P30281,CCND3,G1/S-specific cyclin-D3 ,4,9,8,21,bin_5,G1/S-specific cyclin-D3,CCND3,1,3697,1271,98,CCND3,HGNC:1585,cyclin D3,7,cytochrome b-245 beta chain,0
KPCA_HUMAN,P17252,PRKCA,Protein kinase C alpha type,10,29,11,50,bin_5,protein,PRKCA,1,4021,1201,12188,PRKCA,HGNC:9393,protein kinase C alpha,7,prostaglandin-endoperoxide synthase 2,0
ACSL1_HUMAN,P33121,ACSL1,Long-chain-fatty-acid--CoA ligase 1 ,7,14,6,27,bin_5,Long-chain-fatty-acid--CoA ligase 1,ACSL1,1,3802,1244,1617,ACSL1,HGNC:3569,acyl-CoA synthetase long chain family member 1,7,epidermal growth factor receptor,0
NMDE1_HUMAN,Q12879,GRIN2A,"Glutamate receptor ionotropic, NMDA 2A ",5,34,13,52,bin_5,"Glutamate receptor ionotropic, NMDA 2A",GRIN2A,1,3908,1218,4070,GRIN2A,HGNC:4585,glutamate ionotropic receptor NMDA type subunit 2A,7,interleukin 6,0
HEY2_HUMAN,Q9UBP5,HEY2,Hairy/enhancer-of-split related with YRPW motif protein 2,11,58,5,74,bin_5,Hairy/enhancer-of-split related with YRPW motif protein 2,HEY2,1,3612,1287,647,HEY2,HGNC:4881,hes related family bHLH transcription factor with YRPW motif 2,7,fibroblast growth factor receptor 1,0
TNR1B_HUMAN,P20333,TNFRSF1B,Tumor necrosis factor-binding protein 2,3,23,9,35,bin_5,Tumor necrosis factor-binding protein 2,TNFRSF1B,1,3357,1374,19234,TNFRSF1B,HGNC:11917,TNF receptor superfamily member 1B,7,ret proto-oncogene,0
HIPK2_HUMAN,Q9H2X6,HIPK2,Homeodomain-interacting protein kinase 2,10,43,7,60,bin_5,Homeodomain-interacting protein kinase 2,HIPK2,1,3718,1265,2386,HIPK2,HGNC:14402,homeodomain interacting protein kinase 2,7,ret proto-oncogene,0
SYT1_HUMAN,P21579,SYT1,Synaptotagmin-1 ,14,20,20,54,bin_5,Synaptotagmin-1,SYT1,1,3478,1330,5826,SYT1,HGNC:11509,synaptotagmin 1,7,ret proto-oncogene,0
FOSL1_HUMAN,P15407,FOSL1,Fos-related antigen 1,6,29,5,40,bin_5,Fos-related antigen 1,FOSL1,1,3753,1256,853,FOSL1,HGNC:13718,"FOS like 1, AP-1 transcription factor subunit",7,prostaglandin-endoperoxide synthase 2,0
AAAT_HUMAN,Q9BWQ3,SLC1A5,Neutral amino acid transporter B(0),11,9,5,25,bin_5,Neutral amino acid transporter B(0),SLC6A19,0,4034,1198,120928,SLC1A5,HGNC:10943,solute carrier family 1 member 5,7,prostaglandin-endoperoxide synthase 2,0
ATP7A_HUMAN,Q04656,ATP7A,Copper-transporting ATPase 1,11,59,24,94,bin_5,Copper-transporting ATPase 1,ATP7A,1,3981,1207,1697,ATP7A,HGNC:869,ATPase copper transporting alpha,7,catenin beta 1,0
LHX2_HUMAN,P50458,LHX2,LIM/homeobox protein Lhx2,6,17,2,25,bin_5,LIM/homeobox protein Lhx2,LHX2,1,3479,1329,47,LHX2,HGNC:6594,LIM homeobox 2,7,lysosomal associated membrane protein 1,0
P2RX7_HUMAN,Q4VKI0,P2RX7,P2X purinoceptor 7,6,75,11,92,bin_5,P2X purinoceptor 7,P2RX7,1,3482,1326,9738,P2RX7,HGNC:8537,purinergic receptor P2X 7,7,prostaglandin-endoperoxide synthase 2,0
ARI1B_HUMAN,Q8NFD5,ARID1B,AT-rich interactive domain-containing protein 1B ,2,15,9,26,bin_5,AT-rich interactive domain-containing protein 1B,ARID1B,1,3429,1345,447,ARID1B,HGNC:18040,AT-rich interaction domain 1B,7,prostaglandin-endoperoxide synthase 2,0
EMX1_HUMAN,Q04741,EMX1,Homeobox protein EMX1 ,3,15,5,23,bin_5,Homeobox protein EMX1,EMX1,1,3482,1327,1026,EMX1,HGNC:3340,empty spiracles homeobox 1,7,epidermal growth factor receptor,0
UVRAG_HUMAN,Q9P2Y5,UVRAG,UV radiation resistance-associated gene protein,2,18,14,34,bin_5,UV radiation resistance-associated gene protein,UVRAG,1,3682,1274,2004,UVRAG,HGNC:12640,UV radiation resistance associated,7,ret proto-oncogene,0
TAP2_HUMAN,Q03519,TAP2,Antigen peptide transporter 2,9,11,8,28,bin_5,Antigen peptide transporter 2,TAP2,1,3937,1213,189,TAP2,HGNC:44,"transporter 2, ATP binding cassette subfamily B member",7,actin alpha cardiac muscle 1,0
MK_HUMAN,P21741,MDK,Midkine ,4,58,1,63,bin_5,Midkine,MDK,1,3425,1348,4115,MDK,HGNC:6972,midkine,7,mitogen-activated protein kinase 1,0
FOXL2_HUMAN,P58012,FOXL2,Forkhead box protein L2,9,19,4,32,bin_5,Forkhead box protein L2,FOXL2,1,3738,1257,2905,FOXL2,HGNC:1092,forkhead box L2,7,BRCA1 DNA repair associated,0
HBEGF_HUMAN,Q99075,HBEGF,Heparin-binding EGF-like growth factor,5,17,6,28,bin_5,Heparin-binding EGF-like growth factor,HBEGF,1,3713,1267,18206,HBEGF,HGNC:3059,heparin binding EGF like growth factor,7,epidermal growth factor receptor,0
HDAC7_HUMAN,Q9BR73,HDAC7,Histone deacetylase 7,10,10,4,24,bin_5,Histone deacetylase 7,HDAC7,1,3849,1234,121680,HDAC7,HGNC:14067,histone deacetylase 7,7,prostaglandin-endoperoxide synthase 2,0
KCNJ2_HUMAN,AAFLFSIETQ,KCNJ2,Inward rectifier potassium channel 2,4,20,9,33,bin_5,Inward rectifier potassium channel 2,KCNJ2,1,3419,1352,155,KCNJ2,HGNC:6263,potassium inwardly rectifying channel subfamily J member 2,7,interleukin 6,0
NRX1A_HUMAN,Q9H3M2,NRXN1,Neurexin-1,6,19,9,34,bin_5,Neurexin-1,NRXN1,1,3409,1356,1723,NRXN1,HGNC:8008,neurexin 1,7,neurofibromin 1,0
HXA11_HUMAN,P31270,HOXA11,Homeobox protein Hox-A11,3,28,5,36,bin_5,Homeobox protein Hox-A11,HOXA11,1,3733,1258,323,HOXA11,HGNC:5101,homeobox A11,7,interleukin 2,0
CATC_HUMAN,Q7Z5U7,CTSC,Dipeptidyl peptidase 1 light chain,9,9,13,31,bin_5,Dipeptidyl peptidase 1 light chain,CTSC,1,3125,1452,6873,CTSC,HGNC:2528,cathepsin C,8,epidermal growth factor receptor,0
USF1_HUMAN,P22415,USF1,Upstream stimulatory factor 1,12,12,5,29,bin_5,Upstream stimulatory factor 1,USF1,1,2965,1513,34413,USF1,HGNC:12593,upstream transcription factor 1,8,ret proto-oncogene,0
RB27B_HUMAN,O00194,RAB27B,Ras-related protein Rab-27B,6,5,15,26,bin_5,Ras-related protein Rab-27B,RAB27B,1,3068,1483,65,RAB27B,HGNC:9767,"RAB27B, member RAS oncogene family",8,ret proto-oncogene,0
GIT1_HUMAN,Q9Y2X7,GIT1,ARF GTPase-activating protein GIT1,5,18,12,35,bin_5,ARF GTPase-activating protein GIT1,GIT1,1,2845,1557,421,GIT1,HGNC:4272,GIT ArfGAP 1,8,glutamate ionotropic receptor NMDA type subunit 2B,0
BMP1_HUMAN,Q99423,BMP1,Bone morphogenetic protein 1,9,9,4,22,bin_5,Bone morphogenetic protein 1,BMP1,1,3163,1443,1646,BMP1,HGNC:1067,bone morphogenetic protein 1,8,catenin beta 1,0
BBC3_HUMAN,Q9BXH1,BBC3,"Bcl-2-binding component 3, isoforms 1/2",0,25,3,28,bin_5,"Bcl-2-binding component 3, isoforms 1/2",BBC3,1,3106,1462,27,BBC3,HGNC:17868,BCL2 binding component 3,8,serine/threonine kinase 11,0
APOC1_HUMAN,P02654,APOC1,Truncated apolipoprotein C-I,5,20,5,30,bin_5,Truncated apolipoprotein C-I,APOC1,1,3099,1469,383,APOC1,HGNC:607,apolipoprotein C1,8,angiotensinogen,0
CSPG4_HUMAN,Q6UVK1,CSPG4,Chondroitin sulfate proteoglycan 4,2,9,12,23,bin_5,Chondroitin sulfate proteoglycan 4,CSPG4,1,3288,1399,1646,CSPG4,HGNC:2466,chondroitin sulfate proteoglycan 4,8,epidermal growth factor receptor,0
TRPC5_HUMAN,Q9UL62,TRPC5,Short transient receptor potential channel 5,7,14,6,27,bin_5,Short transient receptor potential channel 5,TRPC5,1,3166,1442,94449,TRPC5,HGNC:12337,transient receptor potential cation channel subfamily C member 5,8,ret proto-oncogene,0
NSD1_HUMAN,Q96L73,NSD1,"Histone-lysine N-methyltransferase, H3 lysine-36 specific",14,6,3,23,bin_5,"Histone-lysine N-methyltransferase, H3 lysine-36 specific",SETD2,0,3223,1416,915,NSD1,HGNC:14234,nuclear receptor binding SET domain protein 1,8,ret proto-oncogene,0
VMLQPFDYDP,O95292,VAPB,Vesicle-associated membrane protein-associated protein B/C ,7,16,5,28,bin_5,Vesicle-associated membrane protein-associated protein B/C,VAPB,1,3065,1485,651,VAPB,HGNC:12649,VAMP associated protein B and C,8,ret proto-oncogene,0
LGR4_HUMAN,Q9BXB1,LGR4,Leucine-rich repeat-containing G-protein coupled receptor 4,4,20,1,25,bin_5,Leucine-rich repeat-containing G-protein coupled receptor 4,LGR4,1,2797,1572,4610,LGR4,HGNC:13299,leucine rich repeat containing G protein-coupled receptor 4,8,ret proto-oncogene,0
VAV2_HUMAN,Q6Q317,VAV2,Guanine nucleotide exchange factor VAV2,4,14,3,21,bin_5,Guanine nucleotide exchange factor VAV2,VAV2,1,3106,1463,1515,VAV2,HGNC:12658,vav guanine nucleotide exchange factor 2,8,ret proto-oncogene,0
LTK_HUMAN,P29376,LTK,Leukocyte tyrosine kinase receptor ,5,12,3,20,bin_5,Leukocyte tyrosine kinase receptor,LTK,1,2921,1528,84722,LTK,HGNC:6721,leukocyte receptor tyrosine kinase,8,mitogen-activated protein kinase 1,0
VGF_HUMAN,O15240,VGF,Antimicrobial peptide VGF[554-577],3,14,8,25,bin_5,no appropriate match,XXXX,0,3116,1454,0,VGF,HGNC:12684,VGF nerve growth factor inducible,8,ret proto-oncogene,0
RL5_HUMAN,P46777,RPL5,Large ribosomal subunit protein uL18 ,7,12,13,32,bin_5,Large ribosomal subunit protein uL18,RPL5,1,3293,1396,271,RPL5,HGNC:10360,ribosomal protein L5,8,prostaglandin-endoperoxide synthase 2,0
LOX15_HUMAN,P16050,ALOX15,Polyunsaturated fatty acid lipoxygenase ALOX15 ,5,25,5,35,bin_5,Polyunsaturated fatty acid lipoxygenase ALOX15,ALOX15,1,3275,1405,1220,ALOX15,HGNC:433,arachidonate 15-lipoxygenase,8,albumin,0
SEC13_HUMAN,LLTYTGEGQW,SEC13,Protein SEC13 homolog ,2,11,12,25,bin_5,protein,SEC13,1,2926,1527,1380,SEC13,HGNC:10697,"SEC13 homolog, nuclear pore and COPII component",8,prostaglandin-endoperoxide synthase 2,0
SMCA2_HUMAN,P51531,SMARCA2,Probable global transcription activator SNF2L2,10,22,11,43,bin_5,Probable global transcription activator SNF2L2,SMARCA2,1,2930,1524,34,SMARCA2,HGNC:11098,SWI/SNF related BAF chromatin remodeling complex subunit ATPase 2,8,prostaglandin-endoperoxide synthase 2,0
DRD3_HUMAN,P35462,DRD3,D(3) dopamine receptor ,2,36,2,40,bin_5,D(3) dopamine receptor,DRD3,1,2879,1543,159888,DRD3,HGNC:3024,dopamine receptor D3,8,epidermal growth factor receptor,0
CH60_HUMAN,P10809,HSPD1,"60 kDa heat shock protein, mitochondrial",17,30,18,65,bin_5,"60 kDa heat shock protein, mitochondrial",HSPD1,1,2929,1525,20216,HSPD1,HGNC:5261,heat shock protein family D (Hsp60) member 1,8,interleukin 6,0
BMR1B_HUMAN,O00238,BMPR1B,Bone morphogenetic protein receptor type-1B,9,24,5,38,bin_5,Bone morphogenetic protein receptor type-1B,BMPR1B,1,3094,1472,553,BMPR1B,HGNC:1077,bone morphogenetic protein receptor type 1B,8,CYP1A1,0
GREM1_HUMAN,O60565,GREM1,Gremlin-1,7,41,3,51,bin_5,Gremlin-1,GREM1,1,3254,1411,2005,GREM1,HGNC:2001,"gremlin 1, DAN family BMP antagonist",8,epidermal growth factor receptor,0
DMRT1_HUMAN,Q9Y5R6,DMRT1,Doublesex- and mab-3-related transcription factor 1,8,20,4,32,bin_5,Doublesex- and mab-3-related transcription factor 1,DMRT1,1,2876,1546,558,DMRT1,HGNC:2934,doublesex and mab-3 related transcription factor 1,8,epidermal growth factor receptor,0
PLK4_HUMAN,O00444,PLK4,Serine/threonine-protein kinase PLK4 ,4,6,10,20,bin_5,Serine/threonine-protein kinase PLK4,PLK4,1,3116,1455,245,PLK4,HGNC:11397,polo like kinase 4,8,prostaglandin-endoperoxide synthase 2,0
KIF3A_HUMAN,Q9Y496,KIF3A,Kinesin-like protein KIF3A,8,8,11,27,bin_5,Kinesin-like protein KIF3A,KIF3A,1,3105,1465,346,KIF3A,HGNC:6319,kinesin family member 3A,8,interleukin 6,0
CMGA_HUMAN,P10645,CHGA,p-Glu serpinin precursor,0,21,7,28,bin_5,no appropriate match,XXXX,0,3192,1432,2,CHGA,HGNC:1929,chromogranin A,8,cytochrome P450 family 2 subfamily C member 19,0
MRP3_HUMAN,Q86X85,ABCC3,ATP-binding cassette sub-family C member 3,11,7,4,22,bin_5,ATP-binding cassette sub-family C member 3,ABCC3,1,2861,1550,4517,ABCC3,HGNC:54,ATP binding cassette subfamily C member 3,8,adenosine deaminase,0
PRDX2_HUMAN,P32119,PRDX2,Peroxiredoxin-2,2,21,3,26,bin_5,Peroxiredoxin-2,PRDX2,1,2852,1554,13472,PRDX2,HGNC:9353,peroxiredoxin 2,8,prostaglandin-endoperoxide synthase 2,0
ENPP1_HUMAN,P22413,ENPP1,"Ectonucleotide pyrophosphatase/phosphodiesterase family member 1, secreted form ",19,26,6,51,bin_5,"Ectonucleotide pyrophosphatase/phosphodiesterase family member 1, secreted form",ENPP1,1,3115,1456,584,ENPP1,HGNC:3356,ectonucleotide pyrophosphatase/phosphodiesterase 1,8,epidermal growth factor receptor,0
HIP1_HUMAN,O00291,HIP1,Huntingtin-interacting protein 1,14,17,16,47,bin_5,Huntingtin-interacting protein 1,HIP1,1,2632,1650,1649,HIP1,HGNC:4913,huntingtin interacting protein 1,9,interleukin 6,0
ASCL2_HUMAN,Q99929,ASCL2,Achaete-scute homolog 2,9,17,4,30,bin_5,Achaete-scute homolog 2,ASCL2,1,2524,1711,2735,ASCL2,HGNC:739,achaete-scute family bHLH transcription factor 2,9,androgen receptor,0
PHB2_HUMAN,Q99623,PHB2,Prohibitin-2,6,32,16,54,bin_5,Prohibitin-2,PHB2,1,2578,1681,1710,PHB2,HGNC:30306,prohibitin 2,9,forkhead box P3,0
SDC4_HUMAN,P31431,SDC4,Syndecan-4 ,4,11,7,22,bin_5,Syndecan-4,SDC4,1,2442,1755,5416,SDC4,HGNC:10661,syndecan 4,9,prostaglandin-endoperoxide synthase 2,0
OSR1_HUMAN,Q8TAX0,OSR1,Protein odd-skipped-related 1,4,51,4,59,bin_5,Protein odd-skipped-related 1,OSR1,1,2651,1641,608,OSR1,HGNC:8111,odd-skipped related transcription factor 1,9,nuclear receptor subfamily 3 group C member 1,0
LAMC1_HUMAN,P11047,LAMC1,Laminin subunit gamma-1,1,13,10,24,bin_5,Laminin subunit gamma-1,LAMC1,1,2620,1660,1032,LAMC1,HGNC:6492,laminin subunit gamma 1,9,mitogen-activated protein kinase 1,0
IFT88_HUMAN,Q13099,IFT88,Intraflagellar transport protein 88 homolog,1,10,13,24,bin_5,Intraflagellar transport protein 88 homolog,IFT88,1,2605,1667,443,IFT88,HGNC:20606,intraflagellar transport 88,9,angiotensin converting enzyme 2,0
CLD4_HUMAN,O14493,CLDN4,Claudin-4 ,4,12,9,25,bin_5,Claudin-4,CLDN4,1,2743,1597,5229,CLDN4,HGNC:2046,claudin 4,9,cytochrome P450 family 2 subfamily C member 9,0
MP2K2_HUMAN,P36507,MAP2K2,Dual specificity mitogen-activated protein kinase kinase 2,11,22,14,47,bin_5,Dual specificity mitogen-activated protein kinase kinase 2,MAP2K2,1,2654,1640,291,MAP2K2,HGNC:6842,mitogen-activated protein kinase kinase 2,9,mitogen-activated protein kinase 1,0
DYN1_HUMAN,Q05193,DNM1,Dynamin-1 ,10,11,15,36,bin_5,Dynamin-1,DNM1,1,2699,1614,4565,DNM1,HGNC:2972,dynamin 1,9,epidermal growth factor receptor,0
CP26B_HUMAN,Q9NR63,CYP26B1,Cytochrome P450 26B1,7,24,2,33,bin_5,Cytochrome P450 26B1,CYP26B1,1,2577,1683,124,CYP26B1,HGNC:20581,cytochrome P450 family 26 subfamily B member 1,9,angiotensin converting enzyme 2,0
FRS2_HUMAN,Q8WU20,FRS2,Fibroblast growth factor receptor substrate 2,4,18,7,29,bin_5,Fibroblast growth factor receptor substrate 2,FRS2,1,2403,1770,91281,FRS2,HGNC:16971,fibroblast growth factor receptor substrate 2,9,prostaglandin-endoperoxide synthase 2,0
TIE1_HUMAN,P35590,TIE1,Tyrosine-protein kinase receptor Tie-1,2,16,2,20,bin_5,Tyrosine-protein kinase receptor Tie-1,TIE1,1,2617,1661,1117,TIE1,HGNC:11809,tyrosine kinase with immunoglobulin like and EGF like domains 1,9,ret proto-oncogene,0
KKKQEEEVST,Q9NXN3,MLX,Max-like protein X,10,5,6,21,bin_5,Max-like protein X,MLX,1,2494,1726,392,MLX,HGNC:11645,MAX dimerization protein MLX,9,prostaglandin-endoperoxide synthase 2,0
LLQSEENKNL,O95453,PARN,Poly(A)-specific ribonuclease PARN,9,12,7,28,bin_5,Poly(A)-specific ribonuclease PARN,PARN,1,2626,1652,945,PARN,HGNC:8609,poly(A)-specific ribonuclease,9,mitogen-activated protein kinase 1,0
TRIB3_HUMAN,Q96RU7,TRIB3,Tribbles homolog 3,7,14,4,25,bin_5,Tribbles homolog 3,TRIB3,1,2747,1594,2045,TRIB3,HGNC:16228,tribbles pseudokinase 3,9,prostaglandin-endoperoxide synthase 2,0
ITPR1_HUMAN,Q14643,ITPR1,"Inositol 1,4,5-trisphosphate-gated calcium channel ITPR1 ",10,21,16,47,bin_5,"Inositol 1,4,5-trisphosphate-gated calcium channel ITPR1",ITPR1,1,2738,1603,1,ITPR1,HGNC:6180,"inositol 1,4,5-trisphosphate receptor type 1",9,interleukin 6,0
CHD8_HUMAN,Q96F26,CHD8,Chromodomain-helicase-DNA-binding protein 8 ,10,15,5,30,bin_5,Chromodomain-helicase-DNA-binding protein 8,CHD8,1,2499,1725,3070,CHD8,HGNC:20153,chromodomain helicase DNA binding protein 8,9,prostaglandin-endoperoxide synthase 2,0
QDLQGEVEYY,O75445,USH2A,Usherin,3,10,13,26,bin_5,Usherin,USH2A,1,2501,1722,569,USH2A,HGNC:12601,usherin,9,ret proto-oncogene,0
PPA5_HUMAN,P13686,ACP5,Tartrate-resistant acid phosphatase type 5,3,15,3,21,bin_5,Tartrate-resistant acid phosphatase type 5,ACP5,1,2462,1741,12979,ACP5,HGNC:124,"acid phosphatase 5, tartrate resistant",9,adenosine deaminase,0
ANXA5_HUMAN,P08758,ANXA5,Annexin A5,5,5,11,21,bin_5,Annexin A5,ANXA5,1,2501,1723,5690,ANXA5,HGNC:543,annexin A5,9,albumin,0
CLC7A_HUMAN,Q96PA4,CLEC7A,C-type lectin domain family 7 member A,6,48,4,58,bin_5,C-type lectin domain family 7 member A,CLEC7A,1,2601,1670,10140,CLEC7A,HGNC:14558,C-type lectin domain containing 7A,9,sodium channel protein type 5 subunit alpha,0
IRAK2_HUMAN,O43187,IRAK2,Interleukin-1 receptor-associated kinase-like 2,6,14,5,25,bin_5,Interleukin-1 receptor-associated kinase-like 2,IRAK2,1,2717,1609,329,IRAK2,HGNC:6113,interleukin 1 receptor associated kinase 2,9,interleukin 6,0
NECD_HUMAN,Q99608,NDN,Necdin,3,14,7,24,bin_5,Necdin,NDN,1,2459,1744,1399,NDN,HGNC:7675,"necdin, MAGE family member",9,mitogen-activated protein kinase 1,0
WNT6_HUMAN,Q9Y6F9,WNT6,Protein Wnt-6,2,13,9,24,bin_5,Protein Wnt-6,WNT6,1,2625,1653,240,WNT6,HGNC:12785,Wnt family member 6,9,ret proto-oncogene,0
MOT1_HUMAN,P53985,SLC16A1,Monocarboxylate transporter 1 ,8,15,11,34,bin_5,Monocarboxylate transporter 1,SLC16A1,1,2616,1663,13066,SLC16A1,HGNC:10922,solute carrier family 16 member 1,9,ret proto-oncogene,0
ZIC1_HUMAN,Q15915,ZIC1,Zinc finger protein ZIC 1,6,15,3,24,bin_5,Zinc finger protein ZIC 1,ZIC1,1,2666,1630,1143,ZIC1,HGNC:12872,Zic family zinc finger 1,9,ret proto-oncogene,0
BHE40_HUMAN,O14503,BHLHE40,Class E basic helix-loop-helix protein 40,12,11,4,27,bin_5,Class E basic helix-loop-helix protein 40,BHLHE40,1,2455,1748,0,BHLHE40,HGNC:1046,basic helix-loop-helix family member e40,9,CYP1A1,0
GBRA1_HUMAN,P14867,GABRA1,Gamma-aminobutyric acid receptor subunit alpha-1,3,5,12,20,bin_5,Gamma-aminobutyric acid receptor subunit alpha-1,GABRA1,1,2449,1752,4585,GABRA1,HGNC:4075,gamma-aminobutyric acid type A receptor subunit alpha1,9,fibroblast growth factor receptor 1,0
ZP3_HUMAN,P21754,ZP3,Processed zona pellucida sperm-binding protein 3,6,20,5,31,bin_5,Processed zona pellucida sperm-binding protein 3,ZP3,1,2624,1654,129,ZP3,HGNC:13189,zona pellucida glycoprotein 3,9,ret proto-oncogene,0
PLPL2_HUMAN,Q96AD5,PNPLA2,Patatin-like phospholipase domain-containing protein 2 ,7,10,8,25,bin_5,Patatin-like phospholipase domain-containing protein 2,PNPLA2,1,2254,1848,3362,PNPLA2,HGNC:30802,"patatin like domain 2, triacylglycerol lipase",10,serine/threonine kinase 40,0
PROF1_HUMAN,P07737,PFN1,Profilin-1,9,16,10,35,bin_5,Profilin-1,PFN1,1,2136,1909,4018,PFN1,HGNC:8881,profilin 1,10,prostaglandin-endoperoxide synthase 2,0
BIRC2_HUMAN,Q13490,BIRC2,Baculoviral IAP repeat-containing protein 2,11,33,6,50,bin_5,Baculoviral IAP repeat-containing protein 2,BIRC2,1,2191,1879,580983,BIRC2,HGNC:590,baculoviral IAP repeat containing 2,10,albumin,0
LPPRC_HUMAN,P42704,LRPPRC,"Leucine-rich PPR motif-containing protein, mitochondrial",6,6,13,25,bin_5,"Leucine-rich PPR motif-containing protein, mitochondrial",LRPPRC,1,2062,1953,187,LRPPRC,HGNC:15714,leucine rich pentatricopeptide repeat containing,10,prostaglandin-endoperoxide synthase 2,0
CAD23_HUMAN,Q96JL3,CDH23,Cadherin-23 ,3,15,9,27,bin_5,Cadherin-23,CDH23,1,2267,1839,1366,CDH23,HGNC:13733,cadherin related 23,10,prostaglandin-endoperoxide synthase 2,0
SOX8_HUMAN,P57073,SOX8,Transcription factor SOX-8,5,37,4,46,bin_5,Transcription factor SOX-8,SOX8,1,2235,1858,86,SOX8,HGNC:11203,SRY-box transcription factor 8,10,prostaglandin-endoperoxide synthase 2,0
KCNQ3_HUMAN,O43525,KCNQ3,Potassium voltage-gated channel subfamily KQT member 3 ,2,26,7,35,bin_5,Potassium voltage-gated channel subfamily KQT member 3,KCNQ3,1,2222,1865,450,KCNQ3,HGNC:6297,potassium voltage-gated channel subfamily Q member 3,10,kinesin family member 5B,0
RS5_HUMAN,P46782,RPS5,"Small ribosomal subunit protein uS7, N-terminally processed",4,6,13,23,bin_5,"Small ribosomal subunit protein uS7, N-terminally processed",RPS5,1,2360,1795,12,RPS5,HGNC:10426,ribosomal protein S5,10,prostaglandin-endoperoxide synthase 2,0
CY24A_HUMAN,P13498,CYBA,Cytochrome b-245 light chain,6,18,9,33,bin_5,Cytochrome b-245 light chain,CYBA,1,2267,1838,662,CYBA,HGNC:2577,cytochrome b-245 alpha chain,10,epidermal growth factor receptor,0
SCF_HUMAN,P21583,KITLG,Soluble KIT ligand,3,27,7,37,bin_5,KITLG,KITLG,1,2321,1812,254132,KITLG,HGNC:6343,KIT ligand,10,interleukin 6,0
GFRA1_HUMAN,P56159,GFRA1,GDNF family receptor alpha-1,5,8,10,23,bin_5,GDNF family receptor alpha-1,GFRA1,1,2188,1881,9548,GFRA1,HGNC:4243,GDNF family receptor alpha 1,10,fibroblast growth factor receptor 2,0
HXD13_HUMAN,P35453,HOXD13,Homeobox protein Hox-D13,7,15,2,24,bin_5,Homeobox protein Hox-D13,HOXD13,1,2038,1968,51,HOXD13,HGNC:5136,homeobox D13,10,interleukin 2,0
HDGF_HUMAN,P51858,HDGF,Hepatoma-derived growth factor,10,6,7,23,bin_5,Hepatoma-derived growth factor,HDGF,1,2234,1859,1503,HDGF,HGNC:4856,heparin binding growth factor,10,interleukin 6,0
RNF4_HUMAN,P78317,RNF4,E3 ubiquitin-protein ligase RNF4 ,8,12,6,26,bin_5,E3 ubiquitin-protein ligase RNF4,RNF4,1,2114,1924,1504,RNF4,HGNC:10067,ring finger protein 4,10,prostaglandin-endoperoxide synthase 2,0
DKC1_HUMAN,O60832,DKC1,H/ACA ribonucleoprotein complex subunit DKC1,5,16,9,30,bin_5,H/ACA ribonucleoprotein complex subunit DKC1,DKC1,1,2252,1850,356,DKC1,HGNC:2890,dyskerin pseudouridine synthase 1,10,epidermal growth factor receptor,0
YES_HUMAN,P07947,YES1,Tyrosine-protein kinase Yes,7,16,7,30,bin_5,Tyrosine-protein kinase Yes,YES1,1,2362,1792,28868,YES1,HGNC:12841,"YES proto-oncogene 1, Src family tyrosine kinase",10,ret proto-oncogene,0
BLNK_HUMAN,Q8WV28,BLNK,B-cell linker protein,9,7,5,21,bin_5,B-cell linker protein,BLNK,1,2347,1801,576,BLNK,HGNC:14211,B cell linker,10,prostaglandin-endoperoxide synthase 2,0
SEM4D_HUMAN,Q92854,SEMA4D,Semaphorin-4D,7,25,3,35,bin_5,Semaphorin-4D,SEMA4D,1,2114,1923,1650,SEMA4D,HGNC:10732,semaphorin 4D,10,prostaglandin-endoperoxide synthase 2,0
PTK7_HUMAN,Q8NFA7,PTK7,Inactive tyrosine-protein kinase 7,4,20,5,29,bin_5,Inactive tyrosine-protein kinase 7,PTK7,1,2115,1920,69518,PTK7,HGNC:9618,protein tyrosine kinase 7 (inactive),10,prostaglandin-endoperoxide synthase 2,0
CBLB_HUMAN,Q13191,CBLB,E3 ubiquitin-protein ligase CBL-B,6,15,4,25,bin_5,E3 ubiquitin-protein ligase CBL-B,CBLB,1,2088,1939,1877,CBLB,HGNC:1542,Cbl proto-oncogene B,10,cytochrome b-245 beta chain,0
NEK7_HUMAN,Q8TDX7,NEK7,Serine/threonine-protein kinase Nek7 ,5,8,7,20,bin_5,Serine/threonine-protein kinase Nek7,NEK7,1,2115,1921,194,NEK7,HGNC:13386,NIMA related kinase 7,10,prostaglandin-endoperoxide synthase 2,0
CP2J2_HUMAN,P51589,CYP2J2,Cytochrome P450 2J2,11,7,4,22,bin_5,Cytochrome P450 2J2,CYP2J2,1,2221,1868,883,CYP2J2,HGNC:2634,cytochrome P450 family 2 subfamily J member 2,10,epidermal growth factor receptor,0
ISG20_HUMAN,Q96AZ6,ISG20,Interferon-stimulated gene 20 kDa protein,8,7,7,22,bin_5,Interferon-stimulated gene 20 kDa protein,ISG20,1,2336,1807,4375,ISG20,HGNC:6130,interferon stimulated exonuclease gene 20,10,interleukin 6,0
HXA7_HUMAN,P31268,HOXA7,Homeobox protein Hox-A7,6,12,4,22,bin_5,Homeobox protein Hox-A7,HOXA7,1,2084,1942,42,HOXA7,HGNC:5108,homeobox A7,10,interleukin 6,0
PDIA1_HUMAN,P07237,P4HB,Protein disulfide-isomerase,9,14,14,37,bin_5,protein disulfide-isomerase,P4HB,1,2250,1851,24227,P4HB,HGNC:8548,prolyl 4-hydroxylase subunit beta,10,prostaglandin-endoperoxide synthase 2,0
GPER1_HUMAN,Q99527,GPER1,G-protein coupled estrogen receptor 1 ,6,53,29,88,bin_5,G-protein coupled estrogen receptor 1,GPER1,1,2229,1861,22554,GPER1,HGNC:4485,G protein-coupled estrogen receptor 1,10,forkhead box P1,0
DNJB1_HUMAN,P25685,DNAJB1,DnaJ homolog subfamily B member 1,9,8,11,28,bin_5,DnaJ homolog subfamily B member 1,DNAJB1,1,2285,1828,2414,DNAJB1,HGNC:5270,DnaJ heat shock protein family (Hsp40) member B1,10,interleukin 6,0
SIAH2_HUMAN,O43255,SIAH2,E3 ubiquitin-protein ligase SIAH2,5,14,6,25,bin_5,E3 ubiquitin-protein ligase SIAH2,SIAH2,1,2076,1946,1150,SIAH2,HGNC:10858,siah E3 ubiquitin protein ligase 2,10,prostaglandin-endoperoxide synthase 2,0
LRAT_HUMAN,O95237,LRAT,Lecithin retinol acyltransferase ,6,9,5,20,bin_5,Lecithin retinol acyltransferase,LRAT,1,2064,1950,1351,LRAT,HGNC:6685,lecithin retinol acyltransferase,10,interleukin 6,0
TBA1A_HUMAN,Q71U36,TUBA1A,Detyrosinated tubulin alpha-1A chain,8,33,12,53,bin_5,Detyrosinated tubulin alpha-1A chain,TUBA1A,1,2249,1852,16,TUBA1A,HGNC:20766,tubulin alpha 1a,10,forkhead box P3,0
CALX_HUMAN,P27824,CANX,Calnexin,4,7,12,23,bin_5,Calnexin,CANX,1,1905,2046,18049,CANX,HGNC:1473,calnexin,11,catenin beta 1,0
SARM1_HUMAN,Q6SZW1,SARM1,NAD(+) hydrolase SARM1 ,5,12,10,27,bin_5,NAD(+) hydrolase SARM1,SARM1,1,1807,2107,322,SARM1,HGNC:17074,sterile alpha and TIR motif containing 1,11,serine palmitoyltransferase long chain base subunit 1,0
RING2_HUMAN,Q99496,RNF2,E3 ubiquitin-protein ligase RING2,5,10,10,25,bin_5,E3 ubiquitin-protein ligase RING2,RNF2,1,1861,2077,725,RNF2,HGNC:10061,ring finger protein 2,11,prostaglandin-endoperoxide synthase 2,0
PFKAM_HUMAN,P08237,PFKM,"ATP-dependent 6-phosphofructokinase, muscle type ",9,11,6,26,bin_5,"ATP-dependent 6-phosphofructokinase, muscle type",PFKM,1,1744,2151,216,PFKM,HGNC:8877,"phosphofructokinase, muscle",11,prostaglandin-endoperoxide synthase 2,0
NGN3_HUMAN,Q9Y4Z2,NEUROG3,Neurogenin-3,7,15,2,24,bin_5,Neurogenin-3,NEUROG3,1,1917,2037,2102,NEUROG3,HGNC:13806,neurogenin 3,11,prostaglandin-endoperoxide synthase 2,0
FUT8_HUMAN,Q9BYC5,FUT8,"Alpha-(1,6)-fucosyltransferase",3,16,5,24,bin_5,"Alpha-(1,6)-fucosyltransferase",FUT8,1,1889,2056,6756,FUT8,HGNC:4019,fucosyltransferase 8,11,epidermal growth factor receptor,0
RS9_HUMAN,P46781,RPS9,Small ribosomal subunit protein uS4 ,4,4,14,22,bin_5,Small ribosomal subunit protein uS4,RPS9,1,1880,2063,175,RPS9,HGNC:10442,ribosomal protein S9,11,prostaglandin-endoperoxide synthase 2,0
DYN2_HUMAN,P50570,DNM2,Dynamin-2 ,6,25,25,56,bin_5,Dynamin-2,DNM2,1,1995,1993,28647,DNM2,HGNC:2974,dynamin 2,11,epidermal growth factor receptor,0
SSXT_HUMAN,Q15532,SS18,Protein SSXT,2,12,6,20,bin_5,protein,SS18,1,1918,2036,65,SS18,HGNC:11340,SS18 subunit of BAF chromatin remodeling complex,11,prostaglandin-endoperoxide synthase 2,0
UBP2_HUMAN,O75604,USP2,Ubiquitin carboxyl-terminal hydrolase 2,6,11,5,22,bin_5,Ubiquitin carboxyl-terminal hydrolase 2,USP2,1,1964,2010,7356,USP2,HGNC:12618,ubiquitin specific peptidase 2,11,ret proto-oncogene,0
RBBP4_HUMAN,Q09028,RBBP4,Histone-binding protein RBBP4,3,16,13,32,bin_5,Histone-binding protein RBBP4,RBBP4,1,1860,2079,354,RBBP4,HGNC:9887,"RB binding protein 4, chromatin remodeling factor",11,prostaglandin-endoperoxide synthase 2,0
NLS1_HUMAN,Q8NA29,MFSD2A,Sodium-dependent lysophosphatidylcholine symporter 1 ,6,31,3,40,bin_5,Sodium-dependent lysophosphatidylcholine symporter 1,MFSD2A,1,1718,2166,90,MFSD2A,HGNC:25897,"MFSD2 lysolipid transporter A, lysophospholipid",11,forkhead box P3,0
KCNA1_HUMAN,Q09470,KCNA1,Potassium voltage-gated channel subfamily A member 1 ,5,22,22,49,bin_5,Potassium voltage-gated channel subfamily A member 1,KCNA1,1,1888,2057,0,KCNA1,HGNC:6218,potassium voltage-gated channel subfamily A member 1,11,interleukin 6,0
BBS1_HUMAN,Q8NFJ9,BBS1,Bardet-Biedl syndrome 1 protein,4,25,7,36,bin_5,Bardet-Biedl syndrome 1 protein,BBS1,1,1786,2122,288,BBS1,HGNC:966,Bardet-Biedl syndrome 1,11,cyclin dependent kinase inhibitor 1A,0
MKKS_HUMAN,Q9NPJ1,MKKS,Molecular chaperone MKKS ,3,35,6,44,bin_5,Molecular chaperone MKKS,MKKS,1,1898,2048,269,MKKS,HGNC:7108,MKKS centrosomal shuttling protein,11,mitogen-activated protein kinase 1,0
FZD2_HUMAN,Q14332,FZD2,Frizzled-2,4,17,4,25,bin_5,Frizzled-2,FZD2,1,1999,1990,1188,FZD2,HGNC:4040,frizzled class receptor 2,11,fibroblast growth factor receptor 1,0
MRP5_HUMAN,Q9UQC3,ABCC5,ATP-binding cassette sub-family C member 5,13,13,6,32,bin_5,ATP-binding cassette sub-family C member 5,ABCC5,1,1985,1999,4482,ABCC5,HGNC:56,ATP binding cassette subfamily C member 5,11,adenosine deaminase,0
ZFHX3_HUMAN,Q15911,ZFHX3,Zinc finger homeobox protein 3,7,13,6,26,bin_5,Zinc finger homeobox protein 3,ZFHX3,1,1790,2121,30357,ZFHX3,HGNC:777,zinc finger homeobox 3,11,cyclin dependent kinase inhibitor 1A,0
KAT5_HUMAN,Q92993,KAT5,Histone acetyltransferase KAT5 ,15,43,16,74,bin_5,Histone acetyltransferase KAT5,KAT5,1,1791,2118,1143,KAT5,HGNC:5275,lysine acetyltransferase 5,11,interleukin 6,0
FOXK1_HUMAN,P85037,FOXK1,Forkhead box protein K1 ,7,10,4,21,bin_5,Forkhead box protein K1,FOXK1,1,1765,2137,925,FOXK1,HGNC:23480,forkhead box K1,11,serine/threonine kinase 40,0
RAMP1_HUMAN,O60894,RAMP1,Receptor activity-modifying protein 1,4,13,4,21,bin_5,Receptor activity-modifying protein 1,RAMP1,1,1791,2119,985,RAMP1,HGNC:9843,receptor activity modifying protein 1,11,prostaglandin-endoperoxide synthase 2,0
LDB1_HUMAN,Q86U70,LDB1,LIM domain-binding protein 1,8,23,7,38,bin_5,LIM domain-binding protein 1,LDB1,1,1877,2066,2197,LDB1,HGNC:6532,LIM domain binding 1,11,interleukin 6,0
KDM2B_HUMAN,Q8NHM5,KDM2B,Lysine-specific demethylase 2B,9,17,5,31,bin_5,Lysine-specific demethylase 2B,KDM2B,1,1978,2005,878,KDM2B,HGNC:13610,lysine demethylase 2B,11,ret proto-oncogene,0
DDX17_HUMAN,Q92841,DDX17,Probable ATP-dependent RNA helicase DDX17,8,15,8,31,bin_5,Probable ATP-dependent RNA helicase DDX17,DDX17,1,1761,2140,157,DDX17,HGNC:2740,DEAD-box helicase 17,11,epidermal growth factor receptor,0
RILP_HUMAN,Q96NA2,RILP,Rab-interacting lysosomal protein,3,9,8,20,bin_5,Rab-interacting lysosomal protein,RILP,1,1896,2049,733,RILP,HGNC:30266,Rab interacting lysosomal protein,11,"serine peptidase inhibitor, Kazal type 5",0
EIF3A_HUMAN,Q14152,EIF3A,Eukaryotic translation initiation factor 3 subunit A ,5,6,13,24,bin_5,Eukaryotic translation initiation factor 3 subunit A,EIF3A,1,1887,2059,8721,EIF3A,HGNC:3271,eukaryotic translation initiation factor 3 subunit A,11,epidermal growth factor receptor,0
K1C10_HUMAN,P13645,KRT10,"Keratin, type I cytoskeletal 10",2,7,11,20,bin_5,"Keratin, type I cytoskeletal 10",KRT10,1,1937,2026,1544,KRT10,HGNC:6413,keratin 10,11,kinesin family member 5B,0
TP53B_HUMAN,Q12888,TP53BP1,TP53-binding protein 1 ,9,12,9,30,bin_5,TP53-binding protein 1,TP53BP1,1,1757,2144,485,TP53BP1,HGNC:11999,tumor protein p53 binding protein 1,11,ret proto-oncogene,0
PEX5_HUMAN,P50542,PEX5,Peroxisomal targeting signal 1 receptor ,6,21,9,36,bin_5,Peroxisomal targeting signal 1 receptor,PEX5,1,1748,2148,6316,PEX5,HGNC:9719,peroxisomal biogenesis factor 5,11,ret proto-oncogene,0
OSBP1_HUMAN,P22059,OSBP,Oxysterol-binding protein 1 ,5,9,13,27,bin_5,Oxysterol-binding protein 1,OSBP,1,1895,2050,3152,OSBP,HGNC:8503,oxysterol binding protein,11,prostaglandin-endoperoxide synthase 2,0
AF9_HUMAN,P42568,MLLT3,Protein AF-9 ,6,9,6,21,bin_5,protein,MLLT3,1,1620,2244,377,MLLT3,HGNC:7136,MLLT3 super elongation complex subunit,12,mitogen-activated protein kinase 1,0
ACTN3_HUMAN,Q08043,ACTN3,Alpha-actinin-3,6,21,10,37,bin_5,Alpha-actinin-3,ACTN3,1,1550,2305,769,ACTN3,HGNC:165,actinin alpha 3,12,adenosine deaminase,0
NR0B1_HUMAN,P51843,NR0B1,Nuclear receptor subfamily 0 group B member 1,8,17,9,34,bin_5,Nuclear receptor subfamily 0 group B member 1,NR0B1,1,1588,2275,246,NR0B1,HGNC:7960,nuclear receptor subfamily 0 group B member 1,12,prostaglandin-endoperoxide synthase 2,0
MP2K6_HUMAN,P52564,MAP2K6,Dual specificity mitogen-activated protein kinase kinase 6,7,24,4,35,bin_5,Dual specificity mitogen-activated protein kinase kinase 6,MAP2K6,1,1505,2349,297,MAP2K6,HGNC:6846,mitogen-activated protein kinase kinase 6,12,kinesin family member 5B,0
HSP76_HUMAN,P17066,HSPA6,Heat shock 70 kDa protein 6,7,4,9,20,bin_5,Heat shock 70 kDa protein 6,HSPA6,1,1631,2235,52116,HSPA6,HGNC:5239,heat shock protein family A (Hsp70) member 6,12,interleukin 6,0
CXB6_HUMAN,O95452,GJB6,Gap junction beta-6 protein,5,15,3,23,bin_5,Gap junction beta-6 protein,GJB6,1,1611,2254,1562,GJB6,HGNC:4288,gap junction protein beta 6,12,fibroblast growth factor 1,0
DVL3_HUMAN,Q92997,DVL3,Segment polarity protein dishevelled homolog DVL-3,5,15,2,22,bin_5,Segment polarity protein dishevelled homolog DVL-3,DVL3,1,1600,2261,24,DVL3,HGNC:3087,dishevelled segment polarity protein 3,12,epidermal growth factor receptor,0
LMO4_HUMAN,P61968,LMO4,LIM domain transcription factor LMO4,3,14,3,20,bin_5,LIM domain transcription factor LMO4,LMO4,1,1678,2191,659,LMO4,HGNC:6644,LIM domain only 4,12,lysosomal associated membrane protein 1,0
RBMX_HUMAN,P38159,RBMX,"RNA-binding motif protein, X chromosome, N-terminally processed",6,10,11,27,bin_5,"RNA-binding motif protein, X chromosome, N-terminally processed",RBMX,1,1632,2234,127,RBMX,HGNC:9910,RNA binding motif protein X-linked,12,prostaglandin-endoperoxide synthase 2,0
SMCA5_HUMAN,O60264,SMARCA5,SWI/SNF-related matrix-associated actin-dependent regulator of chromatin subfamily A member 5,8,21,14,43,bin_5,SWI/SNF-related matrix-associated actin-dependent regulator of chromatin subfamily A member 5,SMARCA5,1,1664,2208,0,SMARCA5,HGNC:11101,SNF2 related chromatin remodeling ATPase 5,12,ret proto-oncogene,0
KIF1B_HUMAN,Q9P280,KIF1B,Kinesin-like protein KIF1B ,5,9,9,23,bin_5,Kinesin-like protein KIF1B,KIF1B,1,1586,2277,172,KIF1B,HGNC:16636,kinesin family member 1B,12,serine/threonine kinase 11,0
CER1_HUMAN,O95813,CER1,Cerberus,4,17,2,23,bin_5,Cerberus,CER1,1,1492,2364,1992,CER1,HGNC:1862,"cerberus 1, DAN family BMP antagonist",12,cytochrome P450 family 2 subfamily C member 19,0
DNLI3_HUMAN,P49916,LIG3,DNA ligase 3,5,12,4,21,bin_5,DNA ligase 3,LIG3,1,1610,2255,235198,LIG3,HGNC:6600,DNA ligase 3,12,lysine demethylase 5C,0
SUV92_HUMAN,Q9H5I1,SUV39H2,Histone-lysine N-methyltransferase SUV39H2,7,10,4,21,bin_5,Histone-lysine N-methyltransferase SUV39H2,SUV39H2,1,1537,2320,368,SUV39H2,HGNC:17287,SUV39H2 histone lysine methyltransferase,12,retinoid X receptor alpha,0
DINTKPKKEN,P55011,SLC12A2,Solute carrier family 12 member 2,8,29,16,53,bin_5,Solute carrier family 12 member 2,SLC12A2,1,1617,2246,1753,SLC12A2,HGNC:10911,solute carrier family 12 member 2,12,prostaglandin-endoperoxide synthase 2,0
VEGFD_HUMAN,O43915,VEGFD,Vascular endothelial growth factor D ,6,14,4,24,bin_5,Vascular endothelial growth factor D,FIGF,0,1681,2188,1895,VEGFD,HGNC:3708,vascular endothelial growth factor D,12,fibroblast growth factor receptor 2,0
RARG_HUMAN,Q9H1I3,RARG,Retinoic acid receptor gamma,9,33,6,48,bin_5,Retinoic acid receptor gamma,RARG,1,1671,2197,47444,RARG,HGNC:9866,retinoic acid receptor gamma,12,prostaglandin-endoperoxide synthase 2,0
ANXA3_HUMAN,P12429,ANXA3,Annexin A3,5,11,11,27,bin_5,Annexin A3,ANXA3,1,1539,2319,5491,ANXA3,HGNC:541,annexin A3,12,albumin,0
ASPH_HUMAN,Q6NXR7,ASPH,Aspartyl/asparaginyl beta-hydroxylase,6,26,8,40,bin_5,Aspartyl/asparaginyl beta-hydroxylase,ASPH,1,1540,2316,115,ASPH,HGNC:757,aspartate beta-hydroxylase,12,albumin,0
FBW1A_HUMAN,Q9Y297,BTRC,F-box/WD repeat-containing protein 1A,7,28,4,39,bin_5,F-box/WD repeat-containing protein 1A,FBXW1A,0,1517,2335,153,BTRC,HGNC:1144,beta-transducin repeat containing E3 ubiquitin protein ligase,12,CYP11A1,0
IF6_HUMAN,P56537,EIF6,Eukaryotic translation initiation factor 6 ,3,13,9,25,bin_5,Eukaryotic translation initiation factor 6,EIF6,1,1540,2317,97934,EIF6,HGNC:6159,eukaryotic translation initiation factor 6,12,interleukin 6,0
CATG_HUMAN,P08311,CTSG,"Cathepsin G, C-terminal truncated form ",6,22,14,42,bin_5,Cathepsin G,CTSG,1,1596,2264,472,CTSG,HGNC:2532,cathepsin G,12,epidermal growth factor receptor,0
S5A2_HUMAN,P31213,SRD5A2,3-oxo-5-alpha-steroid 4-dehydrogenase 2,4,22,3,29,bin_5,3-oxo-5-alpha-steroid 4-dehydrogenase 2,SRD5A2,1,1667,2203,437,SRD5A2,HGNC:11285,steroid 5 alpha-reductase 2,12,prostaglandin-endoperoxide synthase 2,0
MUL1_HUMAN,SCVFLECGHV,MUL1,Mitochondrial ubiquitin ligase activator of NFKB 1,7,27,4,38,bin_5,Mitochondrial ubiquitin ligase activator of NFKB 1,MULAN,0,1514,2338,1158,MUL1,HGNC:25762,mitochondrial E3 ubiquitin protein ligase 1,12,serine/threonine kinase 40,0
PGRC1_HUMAN,O00264,PGRMC1,Membrane-associated progesterone receptor component 1,5,3,12,20,bin_5,Membrane-associated progesterone receptor component 1,PGRMC1,1,1617,2247,2283,PGRMC1,HGNC:16090,progesterone receptor membrane component 1,12,ret proto-oncogene,0
CML1_HUMAN,Q99788,CMKLR1,Chemerin-like receptor 1 ,6,14,2,22,bin_5,Chemerin-like receptor 1,CMKLR1,1,1607,2257,15,CMKLR1,HGNC:2121,chemerin chemokine-like receptor 1,12,cytochrome P450 family 2 subfamily C member 19,0
CIB1_HUMAN,Q99828,CIB1,Calcium and integrin-binding protein 1,7,42,21,70,bin_5,Calcium and integrin-binding protein 1,CIB1,1,1644,2224,7320,CIB1,HGNC:16920,calcium and integrin binding 1,12,ret proto-oncogene,0
TELT_HUMAN,O15273,TCAP,Telethonin,8,18,3,29,bin_5,Telethonin,TCAP,1,1512,2342,764,TCAP,HGNC:11610,titin-cap,12,prostaglandin-endoperoxide synthase 2,0
SHAN1_HUMAN,Q9Y566,SHANK1,SH3 and multiple ankyrin repeat domains protein 1,9,18,11,38,bin_5,SH3 and multiple ankyrin repeat domains protein 1,SHANK1,1,1509,2346,2593,SHANK1,HGNC:15474,SH3 and multiple ankyrin repeat domains 1,12,ret proto-oncogene,0
GRIK2_HUMAN,Q96KS6,GRIK2,"Glutamate receptor ionotropic, kainate 2",11,20,10,41,bin_5,"Glutamate receptor ionotropic, kainate 2",GRIK2,1,1616,2248,9361,GRIK2,HGNC:4580,glutamate ionotropic receptor kainate type subunit 2,12,forkhead box P2,0
CLIC4_HUMAN,Q9Y696,CLIC4,Chloride intracellular channel protein 4,1,14,17,32,bin_5,Chloride intracellular channel protein 4,CLIC4,1,1395,2442,73920,CLIC4,HGNC:13518,chloride intracellular channel 4,13,prostaglandin-endoperoxide synthase 2,0
HNRPQ_HUMAN,Q96LC2,SYNCRIP,Heterogeneous nuclear ribonucleoprotein Q,2,12,12,26,bin_5,Heterogeneous nuclear ribonucleoprotein Q,HNRNPQ,0,1325,2503,7555,SYNCRIP,HGNC:16918,synaptotagmin binding cytoplasmic RNA interacting protein,13,prostaglandin-endoperoxide synthase 2,0
CREB3_HUMAN,O43889,CREB3,Processed cyclic AMP-responsive element-binding protein 3,14,22,12,48,bin_5,Processed cyclic AMP-responsive element-binding protein 3,CREB3,1,1359,2473,6303,CREB3,HGNC:2347,cAMP responsive element binding protein 3,13,cytochrome P450 family 2 subfamily C member 9,0
FTM_HUMAN,Q68CZ1,RPGRIP1L,Protein fantom,1,20,14,35,bin_5,no appropriate match,XXXX,0,1281,2547,2542,RPGRIP1L,HGNC:29168,RPGRIP1 like,13,serine/threonine kinase 40,0
SMRC1_HUMAN,Q92922,SMARCC1,SWI/SNF complex subunit SMARCC1 ,3,21,15,39,bin_5,SWI/SNF complex subunit SMARCC1,SMARCC1,1,1411,2433,719,SMARCC1,HGNC:11104,SWI/SNF related BAF chromatin remodeling complex subunit C1,13,prostaglandin-endoperoxide synthase 2,0
APOH_HUMAN,P02749,APOH,Beta-2-glycoprotein 1,5,14,9,28,bin_5,Beta-2-glycoprotein 1,APOH,1,1386,2452,2462,APOH,HGNC:616,apolipoprotein H,13,albumin,0
LLSAEFGKHL,P11277,SPTB,"Spectrin beta chain, erythrocytic",4,3,13,20,bin_5,"Spectrin beta chain, erythrocytic",SPTB,1,1378,2459,1802,SPTB,HGNC:11274,"spectrin beta, erythrocytic",13,prostaglandin-endoperoxide synthase 2,0
GIIVFSYTSQ,Q9H598,SLC32A1,Vesicular inhibitory amino acid transporter ,6,8,15,29,bin_5,Vesicular inhibitory amino acid transporter,SLC32A1,1,1465,2389,19707,SLC32A1,HGNC:11018,solute carrier family 32 member 1,13,ret proto-oncogene,0
SGRKLRRRTL,Q9NR48,ASH1L,Histone-lysine N-methyltransferase ASH1L,10,16,5,31,bin_5,Histone-lysine N-methyltransferase ASH1L,ASH1L,1,1412,2432,284,ASH1L,HGNC:19088,ASH1 like histone lysine methyltransferase,13,prostaglandin-endoperoxide synthase 2,0
FLOT1_HUMAN,O75955,FLOT1,Flotillin-1,2,26,26,54,bin_5,Flotillin-1,FLOT1,1,1441,2406,4883,FLOT1,HGNC:3757,flotillin 1,13,fibroblast growth factor receptor 1,0
SEM7A_HUMAN,O75326,SEMA7A,Semaphorin-7A,3,16,3,22,bin_5,Semaphorin-7A,SEMA7A,1,1359,2475,1179,SEMA7A,HGNC:10741,semaphorin 7A (JohnMiltonHagen blood group),13,prostaglandin-endoperoxide synthase 2,0
IMB1_HUMAN,Q14974,KPNB1,Importin subunit beta-1,9,9,15,33,bin_5,Importin subunit beta-1,KPNB1,1,1268,2562,951,KPNB1,HGNC:6400,karyopherin subunit beta 1,13,kinesin family member 5B,0
PCLO_HUMAN,Q9Y6V0,PCLO,Protein piccolo,4,8,8,20,bin_5,protein,PCLO,1,1384,2453,4463,PCLO,HGNC:13406,piccolo presynaptic cytomatrix protein,13,ret proto-oncogene,0
1433G_HUMAN,P61981,YWHAG,"14-3-3 protein gamma, N-terminally processed",9,10,6,25,bin_5,14-3-3 protein gamma,YWHAG,1,1304,2518,198,YWHAG,HGNC:12852,tyrosine 3-monooxygenase/tryptophan 5-monooxygenase activation protein gamma,13,ret proto-oncogene,0
FOXH1_HUMAN,O75593,FOXH1,Forkhead box protein H1,12,19,4,35,bin_5,Forkhead box protein H1,FOXH1,1,1394,2444,4779,FOXH1,HGNC:3814,forkhead box H1,13,forkhead box O1,0
CR3L1_HUMAN,Q96BA8,CREB3L1,Processed cyclic AMP-responsive element-binding protein 3-like protein 1,8,12,7,27,bin_5,Processed cyclic AMP-responsive element-binding protein 3-like protein 1,CREB3L1,1,1467,2386,114,CREB3L1,HGNC:18856,cAMP responsive element binding protein 3 like 1,13,prostaglandin-endoperoxide synthase 2,0
RGS9_HUMAN,O75916,RGS9,Regulator of G-protein signaling 9,2,12,6,20,bin_5,Regulator of G-protein signaling 9,RGS9,1,1456,2395,293,RGS9,HGNC:10004,regulator of G protein signaling 9,13,prostaglandin-endoperoxide synthase 2,0
DHB4_HUMAN,P51659,HSD17B4,Enoyl-CoA hydratase 2,9,8,5,22,bin_5,Enoyl-CoA hydratase 2,ECHS1,0,1308,2517,153,HSD17B4,HGNC:5213,hydroxysteroid 17-beta dehydrogenase 4,13,interleukin 6,0
ARRB2_HUMAN,Q8N7Y2,ARRB2,Beta-arrestin-2,8,31,10,49,bin_5,Beta-arrestin-2,ARRB2,1,1311,2514,6242,ARRB2,HGNC:712,arrestin beta 2,13,albumin,0
RL26_HUMAN,P61254,RPL26,Large ribosomal subunit protein uL24 ,3,12,9,24,bin_5,Large ribosomal subunit protein uL24,RPL24,0,1296,2533,220,RPL26,HGNC:10327,ribosomal protein L26,13,prostaglandin-endoperoxide synthase 2,0
LONM_HUMAN,P36776,LONP1,"Lon protease homolog, mitochondrial ",13,14,5,32,bin_5,"Lon protease homolog, mitochondrial",LONP1,1,1311,2515,7884,LONP1,HGNC:9479,"lon peptidase 1, mitochondrial",13,prostaglandin-endoperoxide synthase 2,0
ZO2_HUMAN,Q8N756,TJP2,Tight junction protein ZO-2,7,10,7,24,bin_5,Tight junction protein ZO-2,TJP2,1,1375,2462,3722,TJP2,HGNC:11828,tight junction protein 2,13,ret proto-oncogene,0
GLR_HUMAN,P47871,GCGR,Glucagon receptor,3,14,3,20,bin_5,Glucagon receptor,GCGR,1,1449,2401,70347,GCGR,HGNC:4192,glucagon receptor,13,interleukin 6,0
GABR1_HUMAN,Q71SG6,GABBR1,Gamma-aminobutyric acid type B receptor subunit 1,5,14,16,35,bin_5,Gamma-aminobutyric acid type B receptor subunit 1,GABBR1,1,1292,2536,23176,GABBR1,HGNC:4070,gamma-aminobutyric acid type B receptor subunit 1,13,fibroblast growth factor receptor 1,0
AHI1_HUMAN,Q8N157,AHI1,Jouberin,1,23,9,33,bin_5,Jouberin,AHI1,1,1393,2445,232,AHI1,HGNC:21575,Abelson helper integration site 1,13,serine/threonine kinase 11,0
RIR2B_HUMAN,Q9NTD8,RRM2B,Ribonucleoside-diphosphate reductase subunit M2 B,3,14,4,21,bin_5,Ribonucleoside-diphosphate reductase subunit M2 B,RRM2B,1,1380,2455,609,RRM2B,HGNC:17296,ribonucleotide reductase regulatory TP53 inducible subunit M2B,13,prostaglandin-endoperoxide synthase 2,0
SNAT_HUMAN,Q16613,AANAT,Serotonin N-acetyltransferase,3,15,3,21,bin_5,Serotonin N-acetyltransferase,AANAT,1,1421,2422,2384,AANAT,HGNC:19,aralkylamine N-acetyltransferase,13,adenosine deaminase,0
CHD5_HUMAN,Q8TDI0,CHD5,Chromodomain-helicase-DNA-binding protein 5,9,6,8,23,bin_5,Chromodomain-helicase-DNA-binding protein 5,CHD5,1,1290,2540,3408,CHD5,HGNC:16816,chromodomain helicase DNA binding protein 5,13,angiotensin converting enzyme 2,0
CTC1_HUMAN,Q2NKJ3,CTC1,CST complex subunit CTC1,3,14,5,22,bin_5,CST complex subunit CTC1,CTC1,1,1285,2544,556,CTC1,HGNC:26169,CST telomere replication complex component 1,13,serine/threonine kinase 40,0
S39AE_HUMAN,Q15043,SLC39A14,Metal cation symporter ZIP14 ,7,18,7,32,bin_5,Metal cation symporter ZIP14,SLC39A14,1,1393,2446,172,SLC39A14,HGNC:20858,solute carrier family 39 member 14,13,angiotensin converting enzyme 2,0
NSMA2_HUMAN,Q9NY59,SMPD3,Sphingomyelin phosphodiesterase 3 ,7,35,5,47,bin_5,Sphingomyelin phosphodiesterase 3,SMPD3,1,1188,2640,3429,SMPD3,HGNC:14240,sphingomyelin phosphodiesterase 3,14,prostaglandin-endoperoxide synthase 2,0
OXLA_HUMAN,Q96RQ9,IL4I1,L-amino-acid oxidase ,3,13,5,21,bin_5,L-amino-acid oxidase,no appropriate match,0,1134,2701,4724,IL4I1,HGNC:19094,interleukin 4 induced 1,14,solute carrier family 22 member 4,0
KS6A1_HUMAN,Q96C05,RPS6KA1,Ribosomal protein S6 kinase alpha-1,7,14,4,25,bin_5,Ribosomal protein S6 kinase alpha-1,RPS6KA1,1,1158,2671,2273,RPS6KA1,HGNC:10430,ribosomal protein S6 kinase A1,14,prostaglandin-endoperoxide synthase 2,0
STK3_HUMAN,Q13188,STK3,Serine/threonine-protein kinase 3 20kDa subunit,7,32,5,44,bin_5,Serine/threonine-protein kinase 3 20kDa subunit,no appropriate match,0,1094,2745,9,STK3,HGNC:11406,serine/threonine kinase 3,14,prostaglandin-endoperoxide synthase 2,0
AMFR_HUMAN,Q9UKV5,AMFR,E3 ubiquitin-protein ligase AMFR,11,13,12,36,bin_5,E3 ubiquitin-protein ligase AMFR,AMFR,1,1204,2631,629,AMFR,HGNC:463,autocrine motility factor receptor,14,albumin,0
COPT1_HUMAN,O15431,SLC31A1,Truncated CTR1 form ,5,10,7,22,bin_5,Truncated CTR1 form,SLC31A1,1,1179,2650,463,SLC31A1,HGNC:11016,solute carrier family 31 member 1,14,ret proto-oncogene,0
RBBP7_HUMAN,Q16576,RBBP7,Histone-binding protein RBBP7,2,16,10,28,bin_5,Histone-binding protein RBBP7,RBBP7,1,1173,2657,222,RBBP7,HGNC:9890,"RB binding protein 7, chromatin remodeling factor",14,prostaglandin-endoperoxide synthase 2,0
UB2L3_HUMAN,P68036,UBE2L3,Ubiquitin-conjugating enzyme E2 L3,8,13,6,27,bin_5,Ubiquitin-conjugating enzyme E2 L3,UBE2L3,1,1248,2587,973,UBE2L3,HGNC:12488,ubiquitin conjugating enzyme E2 L3,14,ret proto-oncogene,0
HDBP1_HUMAN,Q8IV16,GPIHBP1,Glycosylphosphatidylinositol-anchored high density lipoprotein-binding protein 1,7,11,6,24,bin_5,Glycosylphosphatidylinositol-anchored high density lipoprotein-binding protein 1,GPIHBP1,1,1205,2630,524,GPIHBP1,HGNC:24945,glycosylphosphatidylinositol anchored high density lipoprotein binding protein 1,14,serine/threonine kinase 40,0
KCNJ8_HUMAN,Q15842,KCNJ8,ATP-sensitive inward rectifier potassium channel 8,7,45,8,60,bin_5,ATP-sensitive inward rectifier potassium channel 8,KCNJ8,1,1236,2604,140,KCNJ8,HGNC:6269,potassium inwardly rectifying channel subfamily J member 8,14,interleukin 6,0
KC1A_HUMAN,Q9UDK3,CSNK1A1,Casein kinase I isoform alpha,4,16,10,30,bin_5,Casein kinase I isoform alpha,CSNK1A1,1,1157,2673,1575,CSNK1A1,HGNC:2451,casein kinase 1 alpha 1,14,epidermal growth factor receptor,0
BKRB2_HUMAN,P30411,BDKRB2,B2 bradykinin receptor,5,16,4,25,bin_5,B2 bradykinin receptor,BDKRB2,1,1082,2760,6698,BDKRB2,HGNC:1030,bradykinin receptor B2,14,catenin beta 1,0
PTK6_HUMAN,Q13882,PTK6,Protein-tyrosine kinase 6,5,17,7,29,bin_5,protein-tyrosine kinase 6,PTK6,1,1176,2651,429415,PTK6,HGNC:9617,protein tyrosine kinase 6,14,prostaglandin-endoperoxide synthase 2,0
CYFP2_HUMAN,Q96F07,CYFIP2,Cytoplasmic FMR1-interacting protein 2,1,11,9,21,bin_5,Cytoplasmic FMR1-interacting protein 2,CYFIP2,1,1121,2716,539,CYFIP2,HGNC:13760,cytoplasmic FMR1 interacting protein 2,14,prostaglandin-endoperoxide synthase 2,0
RAB21_HUMAN,Q9UL25,RAB21,Ras-related protein Rab-21,3,9,17,29,bin_5,Ras-related protein Rab-21,RAB21,1,1187,2642,46,RAB21,HGNC:18263,"RAB21, member RAS oncogene family",14,prostaglandin-endoperoxide synthase 2,0
AT2A1_HUMAN,O14983,ATP2A1,Sarcoplasmic/endoplasmic reticulum calcium ATPase 1 ,6,21,11,38,bin_5,Sarcoplasmic/endoplasmic reticulum calcium ATPase 1,ATP2A1,1,1249,2584,3183,ATP2A1,HGNC:811,ATPase sarcoplasmic/endoplasmic reticulum Ca2+ transporting 1,14,albumin,0
ANXA6_HUMAN,P08133,ANXA6,Annexin A6,9,6,12,27,bin_5,Annexin A6,ANXA6,1,1245,2593,2735,ANXA6,HGNC:544,annexin A6,14,adenosine deaminase,0
KAT8_HUMAN,Q9NR35,KAT8,Histone acetyltransferase KAT8 ,12,15,12,39,bin_5,Histone acetyltransferase KAT8,MYST1,0,1123,2715,767,KAT8,HGNC:17933,lysine acetyltransferase 8,14,prostaglandin-endoperoxide synthase 2,0
SFTPD_HUMAN,P35247,SFTPD,Pulmonary surfactant-associated protein D,2,12,8,22,bin_5,Pulmonary surfactant-associated protein D,SFTPD,1,1127,2712,565,SFTPD,HGNC:10803,surfactant protein D,14,prostaglandin-endoperoxide synthase 2,0
SCNNB_HUMAN,P51168,SCNN1B,Amiloride-sensitive sodium channel subunit beta,2,26,6,34,bin_5,Amiloride-sensitive sodium channel subunit beta,SCNN1B,1,1110,2731,2454,SCNN1B,HGNC:10600,sodium channel epithelial 1 subunit beta,14,prostaglandin-endoperoxide synthase 2,0
S26A6_HUMAN,Q9BXS9,SLC26A6,Solute carrier family 26 member 6,14,23,12,49,bin_5,Solute carrier family 26 member 6,SLC26A6,1,1126,2713,13782,SLC26A6,HGNC:14472,solute carrier family 26 member 6,14,ret proto-oncogene,0
IREB2_HUMAN,Q9UF17,IREB2,Iron-responsive element-binding protein 2,5,12,3,20,bin_5,Iron-responsive element-binding protein 2,IREB2,1,1171,2660,1615,IREB2,HGNC:6115,iron responsive element binding protein 2,14,interleukin 6,0
ADA15_HUMAN,Q71S69,ADAM15,Disintegrin and metalloproteinase domain-containing protein 15,6,17,7,30,bin_5,Disintegrin and metalloproteinase domain-containing protein 15,ADAM15,1,1239,2599,3005,ADAM15,HGNC:193,ADAM metallopeptidase domain 15,14,albumin,0
AL3A2_HUMAN,P51648,ALDH3A2,Aldehyde dehydrogenase family 3 member A2,7,8,6,21,bin_5,Aldehyde dehydrogenase family 3 member A2,ALDH3A2,1,1107,2734,2994,ALDH3A2,HGNC:403,aldehyde dehydrogenase 3 family member A2,14,albumin,0
FAF1_HUMAN,Q9UNN5,FAF1,FAS-associated factor 1,7,11,9,27,bin_5,FAS-associated factor 1,FAF1,1,1187,2643,9593,FAF1,HGNC:3578,Fas associated factor 1,14,epidermal growth factor receptor,0
TISD_HUMAN,P47974,ZFP36L2,mRNA decay activator protein ZFP36L2 ,3,22,3,28,bin_5,mRNA decay activator protein ZFP36L2,ZFP36L2,1,1174,2653,245,ZFP36L2,HGNC:1108,ZFP36 ring finger protein like 2,14,calcium voltage-gated channel subunit alpha1 C,0
PARP9_HUMAN,Q8IXQ6,PARP9,Protein mono-ADP-ribosyltransferase PARP9 ,11,18,8,37,bin_5,protein,PARP9,1,1217,2620,292,PARP9,HGNC:24118,poly(ADP-ribose) polymerase family member 9,14,sodium voltage-gated channel alpha subunit 9,0
PTPRK_HUMAN,VCEFKAAYFD,PTPRK,Receptor-type tyrosine-protein phosphatase kappa,5,14,8,27,bin_5,Receptor-type tyrosine-protein phosphatase kappa,PTPRK,1,1104,2738,600,PTPRK,HGNC:9674,protein tyrosine phosphatase receptor type K,14,prostaglandin-endoperoxide synthase 2,0
CSRP3_HUMAN,P50461,CSRP3,Cysteine and glycine-rich protein 3,6,23,6,35,bin_5,Cysteine and glycine-rich protein 3,CSRP3,1,1097,2742,313,CSRP3,HGNC:2472,cysteine and glycine rich protein 3,14,epidermal growth factor receptor,0
SNAPN_HUMAN,O95295,SNAPIN,SNARE-associated protein Snapin,1,28,14,43,bin_5,SNARE-associated protein Snapin,SNAPIN,1,1186,2644,205,SNAPIN,HGNC:17145,SNAP associated protein,14,ret proto-oncogene,0
DQA2_HUMAN,P01906,HLA-DQA2,"HLA class II histocompatibility antigen, DQ alpha 2 chain",3,6,11,20,bin_5,"HLA class II histocompatibility antigen, DQ alpha 2 chain",HLA-DQA2,1,1011,2838,3824,HLA-DQA2,HGNC:4943,"major histocompatibility complex, class II, DQ alpha 2",15,interleukin 6,0
DYL1_HUMAN,P63167,DYNLL1,"Dynein light chain 1, cytoplasmic",8,10,19,37,bin_5,"Dynein light chain 1, cytoplasmic",DYNLL1,1,955,2899,13897,DYNLL1,HGNC:15476,dynein light chain LC8-type 1,15,prostaglandin-endoperoxide synthase 2,0
FA2H_HUMAN,Q7L5A8,FA2H,Fatty acid 2-hydroxylase ,3,15,3,21,bin_5,Fatty acid 2-hydroxylase,FA2H,1,982,2869,876,FA2H,HGNC:21197,fatty acid 2-hydroxylase,15,sirtuin 1,0
UD17_HUMAN,Q9HAW7,UGT1A7,UDP-glucuronosyltransferase 1A7 ,7,13,2,22,bin_5,UDP-glucuronosyltransferase 1A7,UGT1A7,1,914,2943,434,UGT1A7,HGNC:12539,UDP glucuronosyltransferase family 1 member A7,15,ret proto-oncogene,0
NPT2A_HUMAN,Q06495,SLC34A1,Sodium-dependent phosphate transport protein 2A,4,33,12,49,bin_5,Sodium-dependent phosphate transport protein 2A,SLC34A1,1,1015,2829,1157,SLC34A1,HGNC:11019,solute carrier family 34 member 1,15,prostaglandin-endoperoxide synthase 2,0
PRIC1_HUMAN,Q96MT3,PRICKLE1,Prickle-like protein 1,2,45,5,52,bin_5,Prickle-like protein 1,PRICKLE1,1,999,2848,147,PRICKLE1,HGNC:17019,prickle planar cell polarity protein 1,15,prostaglandin-endoperoxide synthase 2,0
IF172_HUMAN,Q9UG01,IFT172,Intraflagellar transport protein 172 homolog,0,24,9,33,bin_5,Intraflagellar transport protein 172 homolog,IFT172,1,992,2855,154,IFT172,HGNC:30391,intraflagellar transport 172,15,sodium voltage-gated channel alpha subunit 11,0
ACHA_HUMAN,P02708,CHRNA1,Acetylcholine receptor subunit alpha ,4,14,8,26,bin_5,Acetylcholine receptor subunit alpha,CHRNA,0,1056,2785,45690,CHRNA1,HGNC:1955,cholinergic receptor nicotinic alpha 1 subunit,15,cytochrome b-245 beta chain,0
SDCB1_HUMAN,O00560,SDCBP,Syntenin-1,14,19,21,54,bin_5,Syntenin-1,SDCBP,1,1016,2828,1474,SDCBP,HGNC:10662,syndecan binding protein,15,prostaglandin-endoperoxide synthase 2,0
CALRL_HUMAN,Q16602,CALCRL,Calcitonin gene-related peptide type 1 receptor ,5,13,7,25,bin_5,Calcitonin gene-related peptide type 1 receptor,CALCRL,1,1039,2802,20507,CALCRL,HGNC:16709,calcitonin receptor like receptor,15,serpin family E member 1,0
GRM2_HUMAN,Q14416,GRM2,Metabotropic glutamate receptor 2,5,15,6,26,bin_5,Metabotropic glutamate receptor 2,GRM2,1,978,2871,1333,GRM2,HGNC:4594,glutamate metabotropic receptor 2,15,interleukin 6,0
VTI1A_HUMAN,Q96AJ9,VTI1A,Vesicle transport through interaction with t-SNAREs homolog 1A,2,11,17,30,bin_5,Vesicle transport through interaction with t-SNAREs homolog 1A,VTI1A,1,902,2958,259,VTI1A,HGNC:17792,vesicle transport through interaction with t-SNAREs 1A,15,prostaglandin-endoperoxide synthase 2,0
HCFC1_HUMAN,P51610,HCFC1,HCF C-terminal chain 6 ,6,10,12,28,bin_5,HCF C-terminal chain 6,HCFC1,1,997,2849,438,HCFC1,HGNC:4839,host cell factor C1,15,interleukin 2,0
PLXD1_HUMAN,Q9Y4D7,PLXND1,Plexin-D1,2,18,7,27,bin_5,Plexin-D1,PLXND1,1,945,2914,878,PLXND1,HGNC:9107,plexin D1,15,prostaglandin-endoperoxide synthase 2,0
HAX1_HUMAN,O00165,HAX1,HCLS1-associated protein X-1,2,12,15,29,bin_5,HCLS1-associated protein X-1,HAX1,1,1006,2840,146,HAX1,HGNC:16915,HCLS1 associated protein X-1,15,prostaglandin-endoperoxide synthase 2,0
FKRP_HUMAN,Q9H9S5,FKRP,Ribitol 5-phosphate transferase FKRP ,5,38,8,51,bin_5,Ribitol 5-phosphate transferase FKRP,FKRP,1,1059,2782,65,FKRP,HGNC:17997,fukutin related protein,15,ret proto-oncogene,0
STSDYKDNFG,Q14004,CDK13,Cyclin-dependent kinase 13,8,6,11,25,bin_5,Cyclin-dependent kinase 13,CDK13,1,1050,2791,103771,CDK13,HGNC:1733,cyclin dependent kinase 13,15,cytochrome b-245 beta chain,0
RAB38_HUMAN,P57729,RAB38,Ras-related protein Rab-38,6,14,15,35,bin_5,Ras-related protein Rab-38,RAB38,1,945,2913,17,RAB38,HGNC:9776,"RAB38, member RAS oncogene family",15,prostaglandin-endoperoxide synthase 2,0
ABCA2_HUMAN,Q9BZC7,ABCA2,ATP-binding cassette sub-family A member 2 ,8,33,10,51,bin_5,ATP-binding cassette sub-family A member 2,ABCA2,1,948,2910,0,ABCA2,HGNC:32,ATP binding cassette subfamily A member 2,15,adenosine deaminase,0
S47A1_HUMAN,Q96FL8,SLC47A1,Multidrug and toxin extrusion protein 1 ,9,9,4,22,bin_5,Multidrug and toxin extrusion protein 1,SLC47A1,1,926,2929,3958,SLC47A1,HGNC:25588,solute carrier family 47 member 1,15,"serine peptidase inhibitor, Kazal type 5",0
GUC2D_HUMAN,Q02846,GUCY2D,Retinal guanylyl cyclase 1,9,5,6,20,bin_5,Retinal guanylyl cyclase 1,GUCY2D,1,948,2911,5090,GUCY2D,HGNC:4689,"guanylate cyclase 2D, retinal",15,interleukin 6,0
PEX19_HUMAN,P40855,PEX19,Peroxisomal biogenesis factor 19 ,4,10,8,22,bin_5,Peroxisomal biogenesis factor 19,PEX19,1,990,2858,64,PEX19,HGNC:9713,peroxisomal biogenesis factor 19,15,prostaglandin-endoperoxide synthase 2,0
S22A6_HUMAN,Q9UBG6,SLC22A6,Solute carrier family 22 member 6 ,10,8,6,24,bin_5,Solute carrier family 22 member 6,SLC22A6,1,1045,2797,17190,SLC22A6,HGNC:10970,solute carrier family 22 member 6,15,prostaglandin-endoperoxide synthase 2,0
SRGP2_HUMAN,O75044,SRGAP2,SLIT-ROBO Rho GTPase-activating protein 2 ,4,14,9,27,bin_5,SLIT-ROBO Rho GTPase-activating protein 2,SRGAP2,1,922,2932,370,SRGAP2,HGNC:19751,SLIT-ROBO Rho GTPase activating protein 2,15,prostaglandin-endoperoxide synthase 2,0
S27A1_HUMAN,Q6PCB7,SLC27A1,Long-chain fatty acid transport protein 1 ,12,23,5,40,bin_5,Long-chain fatty acid transport protein 1,SLC27A1,1,1005,2841,43102,SLC27A1,HGNC:10995,solute carrier family 27 member 1,15,ret proto-oncogene,0
PSDE_HUMAN,O00487,PSMD14,26S proteasome non-ATPase regulatory subunit 14,6,8,9,23,bin_5,26S proteasome non-ATPase regulatory subunit 14,PSMD14,1,996,2851,1241,PSMD14,HGNC:16889,"proteasome 26S subunit, non-ATPase 14",15,solute carrier family 22 member 4,0
BAAT_HUMAN,Q14032,BAAT,Bile acid-CoA:amino acid N-acyltransferase ,9,9,4,22,bin_5,Bile acid-CoA:amino acid N-acyltransferase,BAAT,1,1029,2818,404,BAAT,HGNC:932,bile acid-CoA:amino acid N-acyltransferase,15,cyclin dependent kinase inhibitor 1A,0
NCK2_HUMAN,O43639,NCK2,Cytoplasmic protein NCK2,7,20,5,32,bin_5,Cytoplasmic protein NCK2,NCK2,1,919,2936,500,NCK2,HGNC:7665,NCK adaptor protein 2,15,mitogen-activated protein kinase 1,0
ANM2_HUMAN,Q9BW15,PRMT2,Protein arginine N-methyltransferase 2,14,10,5,29,bin_5,protein,PRMT2,1,915,2940,2333,PRMT2,HGNC:5186,protein arginine methyltransferase 2,15,interleukin 6,0
HXD3_HUMAN,P31249,HOXD3,Homeobox protein Hox-D3,5,12,5,22,bin_5,Homeobox protein Hox-D3,HOXD3,1,1005,2842,107,HOXD3,HGNC:5137,homeobox D3,15,interleukin 6,0
TAF4_HUMAN,O00268,TAF4,Transcription initiation factor TFIID subunit 4,3,12,7,22,bin_5,Transcription initiation factor TFIID subunit 4,TAF4,1,833,3036,5157,TAF4,HGNC:11537,TATA-box binding protein associated factor 4,16,ret proto-oncogene,0
DHSO_HUMAN,Q00796,SORD,Sorbitol dehydrogenase ,9,7,6,22,bin_5,Sorbitol dehydrogenase,SORD,1,787,3097,13238,SORD,HGNC:11184,sorbitol dehydrogenase,16,prostaglandin-endoperoxide synthase 2,0
PP1G_HUMAN,P36873,PPP1CC,Serine/threonine-protein phosphatase PP1-gamma catalytic subunit,11,13,16,40,bin_5,Serine/threonine-protein phosphatase PP1-gamma catalytic subunit,PPP1CC,1,809,3067,112,PPP1CC,HGNC:9283,protein phosphatase 1 catalytic subunit gamma,16,prostaglandin-endoperoxide synthase 2,0
RAB17_HUMAN,Q9H0T7,RAB17,Ras-related protein Rab-17,3,13,14,30,bin_5,Ras-related protein Rab-17,RAB17,1,757,3141,15,RAB17,HGNC:16523,"RAB17, member RAS oncogene family",16,prostaglandin-endoperoxide synthase 2,0
SIA4C_HUMAN,Q11206,ST3GAL4,"CMP-N-acetylneuraminate-beta-galactosamide-alpha-2,3-sialyltransferase 4",4,13,4,21,bin_5,"CMP-N-acetylneuraminate-beta-galactosamide-alpha-2,3-sialyltransferase 4",ST3GAL4,1,837,3027,5,ST3GAL4,HGNC:10864,"ST3 beta-galactoside alpha-2,3-sialyltransferase 4",16,prostaglandin-endoperoxide synthase 2,0
SCNBA_HUMAN,Q9UI33,SCN11A,Sodium channel protein type 11 subunit alpha ,1,35,7,43,bin_5,Sodium channel protein type 11 subunit alpha,SCN11A,1,823,3046,1488,SCN11A,HGNC:10583,sodium voltage-gated channel alpha subunit 11,16,prostaglandin-endoperoxide synthase 2,0
RASF2_HUMAN,P50749,RASSF2,Ras association domain-containing protein 2,1,16,8,25,bin_5,Ras association domain-containing protein 2,RASSF2,1,817,3053,25312,RASSF2,HGNC:9883,Ras association domain family member 2,16,prostaglandin-endoperoxide synthase 2,0
IATQGPLAET,Q13332,PTPRS,Receptor-type tyrosine-protein phosphatase S,5,20,11,36,bin_5,Receptor-type tyrosine-protein phosphatase S,PTPRS,1,878,2983,1585,PTPRS,HGNC:9681,protein tyrosine phosphatase receptor type S,16,prostaglandin-endoperoxide synthase 2,0
SNX5_HUMAN,Q9Y5X3,SNX5,Sorting nexin-5,7,8,13,28,bin_5,Sorting nexin-5,SNX5,1,837,3026,359,SNX5,HGNC:14969,sorting nexin 5,16,solute carrier family 22 member 4,0
TESCTDSGAE,Q96K76,USP47,Ubiquitin carboxyl-terminal hydrolase 47,3,14,5,22,bin_5,Ubiquitin carboxyl-terminal hydrolase 47,USP47,1,864,3000,2026,USP47,HGNC:20076,ubiquitin specific peptidase 47,16,serine/threonine kinase 39,0
TRI37_HUMAN,O94972,TRIM37,E3 ubiquitin-protein ligase TRIM37 ,9,11,7,27,bin_5,E3 ubiquitin-protein ligase TRIM37,TRIM37,1,808,3069,361,TRIM37,HGNC:7523,tripartite motif containing 37,16,mitogen-activated protein kinase 1,0
PTPRM_HUMAN,P28827,PTPRM,Receptor-type tyrosine-protein phosphatase mu,5,10,6,21,bin_5,Receptor-type tyrosine-protein phosphatase mu,PTPRM,1,749,3156,201,PTPRM,HGNC:9675,protein tyrosine phosphatase receptor type M,16,prostaglandin-endoperoxide synthase 2,0
AMPE_HUMAN,Q07075,ENPEP,Glutamyl aminopeptidase,4,10,10,24,bin_5,Glutamyl aminopeptidase,ENPEP,1,823,3047,2093,ENPEP,HGNC:3355,glutamyl aminopeptidase,16,epidermal growth factor receptor,0
RPGF3_HUMAN,O95398,RAPGEF3,Rap guanine nucleotide exchange factor 3,3,19,7,29,bin_5,Rap guanine nucleotide exchange factor 3,RAPGEF3,1,782,3112,3325,RAPGEF3,HGNC:16629,Rap guanine nucleotide exchange factor 3,16,serine/threonine kinase 11,0
CNBP1_HUMAN,Q9NSA3,CTNNBIP1,Beta-catenin-interacting protein 1,2,14,6,22,bin_5,Beta-catenin-interacting protein 1,CTNNBIP1,1,832,3038,544,CTNNBIP1,HGNC:16913,catenin beta interacting protein 1,16,ret proto-oncogene,0
HOIL1_HUMAN,Q9BYM8,RBCK1,RanBP-type and C3HC4-type zinc finger-containing protein 1,7,12,2,21,bin_5,RanBP-type and C3HC4-type zinc finger-containing protein 1,RBCK1,1,880,2980,72,RBCK1,HGNC:15864,RANBP2-type and C3HC4-type zinc finger containing 1,16,prostaglandin-endoperoxide synthase 2,0
GBRB1_HUMAN,P18505,GABRB1,Gamma-aminobutyric acid receptor subunit beta-1,8,9,12,29,bin_5,Gamma-aminobutyric acid receptor subunit beta-1,GABRB1,1,874,2989,2832,GABRB1,HGNC:4081,gamma-aminobutyric acid type A receptor subunit beta1,16,fibrinogen beta chain,0
DLG5_HUMAN,Q9Y4E3,DLG5,Disks large homolog 5,3,25,7,35,bin_5,Disks large homolog 5,DLG5,1,782,3111,3999,DLG5,HGNC:2904,discs large MAGUK scaffold protein 5,16,epidermal growth factor receptor,0
NKX32_HUMAN,P78367,NKX3-2,Homeobox protein Nkx-3.2,4,14,2,20,bin_5,Homeobox protein Nkx-3.2,NKX3-2,1,783,3108,16,NKX3-2,HGNC:951,NK3 homeobox 2,16,cyclin dependent kinase inhibitor 1A,0
NR2E1_HUMAN,Q9Y466,NR2E1,Nuclear receptor subfamily 2 group E member 1,9,35,2,46,bin_5,Nuclear receptor subfamily 2 group E member 1,NR2E1,1,769,3127,0,NR2E1,HGNC:7973,nuclear receptor subfamily 2 group E member 1,16,nuclear receptor subfamily 3 group C member 1,0
RB6I2_HUMAN,Q8NAS1,ERC1,ELKS/Rab6-interacting/CAST family member 1,4,8,8,20,bin_5,ELKS/Rab6-interacting/CAST family member 1,ERC1,1,783,3109,151,ERC1,HGNC:17072,ELKS/RAB6-interacting/CAST family member 1,16,ret proto-oncogene,0
TAF9_HUMAN,Q16594,TAF9,Transcription initiation factor TFIID subunit 9,9,19,7,35,bin_5,Transcription initiation factor TFIID subunit 9,TAF9,1,815,3056,4272,TAF9,HGNC:11542,TATA-box binding protein associated factor 9,16,prostaglandin-endoperoxide synthase 2,0
CMA1_HUMAN,P23946,CMA1,Chymase,4,10,8,22,bin_5,Chymase,CMA1,1,870,2995,7150,CMA1,HGNC:2097,chymase 1,16,epidermal growth factor receptor,0
PRKX_HUMAN,P51817,PRKX,cAMP-dependent protein kinase catalytic subunit PRKX,3,14,3,20,bin_5,cAMP-dependent protein kinase catalytic subunit PRKX,PRKX,1,767,3130,186,PRKX,HGNC:9441,protein kinase cAMP-dependent X-linked catalytic subunit,16,prostaglandin-endoperoxide synthase 2,0
NMDE4_HUMAN,O15399,GRIN2D,"Glutamate receptor ionotropic, NMDA 2D",7,17,8,32,bin_5,"Glutamate receptor ionotropic, NMDA 2D",GRIN2D,1,831,3039,1526,GRIN2D,HGNC:4588,glutamate ionotropic receptor NMDA type subunit 2D,16,interleukin 6,0
GDIA_HUMAN,P31150,GDI1,Rab GDP dissociation inhibitor alpha,4,9,10,23,bin_5,Rab GDP dissociation inhibitor alpha,GDI1,1,822,3049,3004,GDI1,HGNC:4226,GDP dissociation inhibitor 1,16,glutamate ionotropic receptor NMDA type subunit 1,0
CAPZB_HUMAN,P47756,CAPZB,F-actin-capping protein subunit beta,3,8,15,26,bin_5,F-actin-capping protein subunit beta,CAPZB,1,849,3016,849,CAPZB,HGNC:1491,capping actin protein of muscle Z-line subunit beta,16,catalase,0
ADA2C_HUMAN,P18825,ADRA2C,Alpha-2C adrenergic receptor,5,13,3,21,bin_5,Alpha-2C adrenergic receptor,ADRA2C,1,764,3134,14310,ADRA2C,HGNC:283,adrenoceptor alpha 2C,16,adenosine deaminase,0
TOPRS_HUMAN,Q9NS56,TOPORS,E3 ubiquitin-protein ligase Topors,7,20,11,38,bin_5,E3 ubiquitin-protein ligase Topors,TOPORS,1,761,3138,352,TOPORS,HGNC:21653,"TOP1 binding arginine/serine rich protein, E3 ubiquitin ligase",16,prostaglandin-endoperoxide synthase 2,0
RS4X_HUMAN,P62701,RPS4X,"Small ribosomal subunit protein eS4, X isoform ",3,5,14,22,bin_5,"40S ribosomal protein S4, X isoform",RPS4X,1,831,3040,15,RPS4X,HGNC:10424,ribosomal protein S4 X-linked,16,prostaglandin-endoperoxide synthase 2,0
BIRC7_HUMAN,Q96CA5,BIRC7,Baculoviral IAP repeat-containing protein 7 30kDa subunit,6,11,6,23,bin_5,Baculoviral IAP repeat-containing protein 7 30kDa subunit,BIRC7,1,693,3234,6,BIRC7,HGNC:13702,baculoviral IAP repeat containing 7,17,prostaglandin-endoperoxide synthase 2,0
GDF7_HUMAN,Q7Z4P5,GDF7,Growth/differentiation factor 7,3,18,1,22,bin_5,Growth/differentiation factor 7,GDF7,1,661,3295,166,GDF7,HGNC:4222,growth differentiation factor 7,17,interleukin 2,0
VAX1_HUMAN,Q5SQQ9,VAX1,Ventral anterior homeobox 1,6,13,2,21,bin_5,Ventral anterior homeobox 1,VAX1,1,673,3265,9392,VAX1,HGNC:12660,ventral anterior homeobox 1,17,ret proto-oncogene,0
BAF_HUMAN,O75531,BANF1,"Barrier-to-autointegration factor, N-terminally processed ",4,11,7,22,bin_5,"Barrier-to-autointegration factor, N-terminally processed",BANF1,1,634,3339,22,BANF1,HGNC:17397,barrier to autointegration nuclear assembly factor 1,17,prostaglandin-endoperoxide synthase 2,0
BBS7_HUMAN,Q8IWZ6,BBS7,Bardet-Biedl syndrome 7 protein,1,19,11,31,bin_5,Bardet-Biedl syndrome 7 protein,BBS7,1,700,3225,58,BBS7,HGNC:18758,Bardet-Biedl syndrome 7,17,prostaglandin-endoperoxide synthase 2,0
RBBP6_HUMAN,Q9H3I8,RBBP6,E3 ubiquitin-protein ligase RBBP6,5,9,7,21,bin_5,E3 ubiquitin-protein ligase RBBP6,RBBP6,1,687,3244,201,RBBP6,HGNC:9889,"RB binding protein 6, ubiquitin ligase",17,prostaglandin-endoperoxide synthase 2,0
PLXB2_HUMAN,O15031,PLXNB2,Plexin-B2,1,15,4,20,bin_5,Plexin-B2,PLXNB2,1,684,3251,820,PLXNB2,HGNC:9104,plexin B2,17,prostaglandin-endoperoxide synthase 2,0
UBP36_HUMAN,Q9P275,USP36,Ubiquitin carboxyl-terminal hydrolase 36 ,5,11,6,22,bin_5,Ubiquitin carboxyl-terminal hydrolase 36,USP36,1,734,3181,2740,USP36,HGNC:20062,ubiquitin specific peptidase 36,17,serine/threonine kinase 11,0
NLGNX_HUMAN,Q8N0W4,NLGN4X,"Neuroligin-4, X-linked",6,19,13,38,bin_5,"Neuroligin-4, X-linked",NLGN4X,1,703,3224,386,NLGN4X,HGNC:14287,neuroligin 4 X-linked,17,solute carrier family 22 member 4,0
ERCC8_HUMAN,Q13216,ERCC8,DNA excision repair protein ERCC-8,1,13,6,20,bin_5,DNA excision repair protein ERCC-8,ERCC8,1,721,3198,15,ERCC8,HGNC:3439,"ERCC excision repair 8, CSA ubiquitin ligase complex subunit",17,epidermal growth factor receptor,0
PLOD3_HUMAN,O60568,PLOD3,Procollagen glycosyltransferase,7,13,9,29,bin_5,Procollagen glycosyltransferase,GLT25D1,0,671,3267,530,PLOD3,HGNC:9083,"procollagen-lysine,2-oxoglutarate 5-dioxygenase 3",17,prostaglandin-endoperoxide synthase 2,0
KCNC3_HUMAN,Q14003,KCNC3,Voltage-gated potassium channel KCNC3 ,2,6,12,20,bin_5,Voltage-gated potassium channel KCNC3,KCNC3,1,620,3354,403,KCNC3,HGNC:6235,potassium voltage-gated channel subfamily C member 3,17,interleukin 6,0
MYCB2_HUMAN,O75592,MYCBP2,E3 ubiquitin-protein ligase MYCBP2 ,5,13,9,27,bin_5,E3 ubiquitin-protein ligase MYCBP2,MYCBP2,1,685,3245,284,MYCBP2,HGNC:23386,MYC binding protein 2,17,"serine peptidase inhibitor, Kazal type 5",0
KI18B_HUMAN,SVSHGRSRIA,KIF18B,Kinesin-like protein KIF18B,6,6,11,23,bin_5,Kinesin-like protein KIF18B,KIF18B,1,652,3310,75,KIF18B,HGNC:27102,kinesin family member 18B,17,"serine peptidase inhibitor, Kazal type 6",0
AT1B2_HUMAN,P14415,ATP1B2,Sodium/potassium-transporting ATPase subunit beta-2,4,22,14,40,bin_5,Sodium/potassium-transporting ATPase subunit beta-2,ATP1B2,1,692,3236,200,ATP1B2,HGNC:805,ATPase Na+/K+ transporting subunit beta 2,17,catenin beta 1,0
DLG3_HUMAN,Q92796,DLG3,Disks large homolog 3,5,9,11,25,bin_5,Disks large homolog 3,DLG3,1,735,3178,4019,DLG3,HGNC:2902,discs large MAGUK scaffold protein 3,17,epidermal growth factor receptor,0
LMAN1_HUMAN,Q9UQG7,LMAN1,Protein ERGIC-53,3,8,11,22,bin_5,Protein ERGIC-53,LMAN1,1,731,3187,1190,LMAN1,HGNC:6631,"lectin, mannose binding 1",17,interleukin 6,0
S15A4_HUMAN,Q8N697,SLC15A4,Solute carrier family 15 member 4 ,4,17,6,27,bin_5,Solute carrier family 15 member 4,SLC15A4,1,653,3309,24342,SLC15A4,HGNC:23090,solute carrier family 15 member 4,17,serine/threonine kinase 40,0
HUNIN_HUMAN,Q8IVG9,MT-RNR2,Humanin ,4,17,8,29,bin_5,Humanin,MTRNR2,0,654,3306,1882,MT-RNR2,HGNC:7471,mitochondrially encoded 16S rRNA,17,mitogen-activated protein kinase 1,0
M3K11_HUMAN,Q16584,MAP3K11,Mitogen-activated protein kinase kinase kinase 11,11,10,4,25,bin_5,Mitogen-activated protein kinase kinase kinase 11,MAP3K11,1,644,3325,215,MAP3K11,HGNC:6850,mitogen-activated protein kinase kinase kinase 11,17,mitogen-activated protein kinase 1,0
DEAF1_HUMAN,O75513,DEAF1,Deformed epidermal autoregulatory factor 1 homolog,4,10,6,20,bin_5,Deformed epidermal autoregulatory factor 1 homolog,DEAF1,1,654,3307,128,DEAF1,HGNC:14677,DEAF1 transcription factor,17,ret proto-oncogene,0
MAEA_HUMAN,Q7L5Y9,MAEA,E3 ubiquitin-protein transferase MAEA,3,8,10,21,bin_5,E3 ubiquitin-protein transferase MAEA,MAEA,1,682,3254,47,MAEA,HGNC:13731,"macrophage erythroblast attacher, E3 ubiquitin ligase",17,ret proto-oncogene,0
AGRG1_HUMAN,Q9Y653,ADGRG1,ADGRG1 C-terminal fragment,4,22,5,31,bin_5,ADGRG1 C-terminal fragment,ADGRG1,1,725,3193,134,ADGRG1,HGNC:4512,adhesion G protein-coupled receptor G1,17,interleukin 6,0
B2L10_HUMAN,Q9HD36,BCL2L10,Bcl-2-like protein 10 ,3,9,8,20,bin_5,Bcl-2-like protein 10,BCL2L10,1,641,3328,4472,BCL2L10,HGNC:993,BCL2 like 10,17,cyclin dependent kinase inhibitor 1A,0
TNKS2_HUMAN,Q9H2K2,TNKS2,Poly [ADP-ribose] polymerase tankyrase-2 ,5,9,8,22,bin_5,Poly [ADP-ribose] polymerase tankyrase-2,TNKS2,1,691,3237,320,TNKS2,HGNC:15677,tankyrase 2,17,serine palmitoyltransferase long chain base subunit 2,0
DNJC5_HUMAN,Q9H3Z4,DNAJC5,DnaJ homolog subfamily C member 5 ,1,7,15,23,bin_5,DnaJ homolog subfamily C member 5,DNAJC5,1,685,3247,2412,DNAJC5,HGNC:16235,DnaJ heat shock protein family (Hsp40) member C5,17,serine/threonine kinase 11,0
S4A11_HUMAN,Q8NBS3,SLC4A11,Solute carrier family 4 member 11,10,13,4,27,bin_5,Solute carrier family 4 member 11,SLC4A11,1,711,3214,1162,SLC4A11,HGNC:16438,solute carrier family 4 member 11,17,solute carrier family 22 member 4,0
ATN1_HUMAN,P54259,ATN1,Atrophin-1,3,12,6,21,bin_5,Atrophin-1,ATN1,1,639,3332,987,ATN1,HGNC:3033,atrophin 1,17,epidermal growth factor receptor,0
ADDB_HUMAN,Q6P0P2,ADD2,Beta-adducin,9,10,6,25,bin_5,Beta-adducin,ADD2,1,635,3336,3095,ADD2,HGNC:244,adducin 2,17,albumin,0
UBE2B_HUMAN,P63146,UBE2B,Ubiquitin-conjugating enzyme E2 B ,4,30,8,42,bin_5,Ubiquitin-conjugating enzyme E2 B,UBE2B,1,689,3238,23664,UBE2B,HGNC:12473,ubiquitin conjugating enzyme E2 B,17,ret proto-oncogene,0
GDIB_HUMAN,P50395,GDI2,Rab GDP dissociation inhibitor beta,4,6,11,21,bin_5,Rab GDP dissociation inhibitor beta,GDI2,1,566,3432,3142,GDI2,HGNC:4227,GDP dissociation inhibitor 2,18,interleukin 6,0
SC16A_HUMAN,O15027,SEC16A,Protein transport protein Sec16A,0,13,7,20,bin_5,protein transport protein Sec16A,SEC16A,1,525,3493,379,SEC16A,HGNC:29006,"SEC16 homolog A, endoplasmic reticulum export factor",18,sodium voltage-gated channel beta subunit 4,0
S6A13_HUMAN,Q9NSD5,SLC6A13,Sodium- and chloride-dependent GABA transporter 2,8,10,5,23,bin_5,Sodium- and chloride-dependent GABA transporter 2,SLC6A13,1,547,3463,359,SLC6A13,HGNC:11046,solute carrier family 6 member 13,18,prostaglandin-endoperoxide synthase 2,0
LNNDTKLCKD,P59047,NLRP5,"NACHT, LRR and PYD domains-containing protein 5",2,9,10,21,bin_5,"NACHT, LRR and PYD domains-containing protein 5",NLRP5,1,497,3537,1381,NLRP5,HGNC:21269,NLR family pyrin domain containing 5,18,angiotensin converting enzyme 2,0
PI51C_HUMAN,O60331,PIP5K1C,Phosphatidylinositol 4-phosphate 5-kinase type-1 gamma ,3,12,10,25,bin_5,Phosphatidylinositol 4-phosphate 5-kinase type-1 gamma,PIP5K1C,1,573,3423,471,PIP5K1C,HGNC:8996,phosphatidylinositol-4-phosphate 5-kinase type 1 gamma,18,prostaglandin-endoperoxide synthase 2,0
VPP4_HUMAN,Q9HBG4,ATP6V0A4,V-type proton ATPase 116 kDa subunit a 4,2,8,14,24,bin_5,V-type proton ATPase 116 kDa subunit a 4,ATP6V0A4,1,559,3442,303,ATP6V0A4,HGNC:866,ATPase H+ transporting V0 subunit a4,18,albumin,0
SAC2_HUMAN,Q9NT51,INPP5F,Phosphatidylinositide phosphatase SAC2 ,7,15,9,31,bin_5,Phosphatidylinositide phosphatase SAC2,INPP5F,1,555,3449,18,INPP5F,HGNC:17054,inositol polyphosphate-5-phosphatase F,18,prostaglandin-endoperoxide synthase 2,0
IKQETREKEN,Q9UFE4,CCDC39,Coiled-coil domain-containing protein 39 ,0,18,4,22,bin_5,Coiled-coil domain-containing protein 39,CCDC39,1,602,3379,4538,CCDC39,HGNC:25244,coiled-coil domain 39 molecular ruler complex subunit,18,serine/threonine kinase 40,0
E2AK1_HUMAN,Q9UHG4,EIF2AK1,Eukaryotic translation initiation factor 2-alpha kinase 1 ,5,15,3,23,bin_5,Eukaryotic translation initiation factor 2-alpha kinase 1,EIF2AK1,1,574,3422,4517,EIF2AK1,HGNC:24921,eukaryotic translation initiation factor 2 alpha kinase 1,18,forkhead box P3,0
M3K12_HUMAN,Q12852,MAP3K12,Mitogen-activated protein kinase kinase kinase 12,8,11,5,24,bin_5,Mitogen-activated protein kinase kinase kinase 12,MAP3K12,1,591,3396,140,MAP3K12,HGNC:6851,mitogen-activated protein kinase kinase kinase 12,18,mitogen-activated protein kinase 1,0
CP2S1_HUMAN,Q96SQ9,CYP2S1,Cytochrome P450 2S1 ,10,6,4,20,bin_5,Cytochrome P450 2S1,CYP2S1,1,546,3465,213,CYP2S1,HGNC:15654,cytochrome P450 family 2 subfamily S member 1,18,sodium channel protein type 5 subunit alpha,0
DYLT1_HUMAN,P63172,DYNLT1,Dynein light chain Tctex-type 1,2,9,11,22,bin_5,Dynein light chain Tctex-type 1,DYNLT1,1,485,3552,190,DYNLT1,HGNC:11697,dynein light chain Tctex-type 1,18,ret proto-oncogene,0
HVCN1_HUMAN,Q96D96,HVCN1,Voltage-gated hydrogen channel 1,4,12,8,24,bin_5,Voltage-gated hydrogen channel 1,HVCN1,1,559,3443,12698,HVCN1,HGNC:28240,hydrogen voltage gated channel 1,18,forkhead box P3,0
BAP31_HUMAN,P51572,BCAP31,B-cell receptor-associated protein 31,2,11,13,26,bin_5,B-cell receptor-associated protein 31,BCAP31,1,514,3508,4432,BCAP31,HGNC:16695,B cell receptor associated protein 31,18,prostaglandin-endoperoxide synthase 2,0
TULP3_HUMAN,O75386,TULP3,Tubby-related protein 3 ,6,16,9,31,bin_5,Tubby-related protein 3,TULP3,1,563,3434,33,TULP3,HGNC:12425,TUB like protein 3,18,ret proto-oncogene,0
AOC1_HUMAN,P19801,AOC1,Diamine oxidase [copper-containing] ,11,3,7,21,bin_5,Diamine oxidase [copper-containing],AOC1,1,603,3376,8934,AOC1,HGNC:80,amine oxidase copper containing 1,18,actin alpha cardiac muscle 1,0
CHMP5_HUMAN,Q9NZZ3,CHMP5,Charged multivesicular body protein 5,1,27,13,41,bin_5,Charged multivesicular body protein 5,CHMP5,1,599,3385,4874,CHMP5,HGNC:26942,charged multivesicular body protein 5,18,forkhead box P3,0
HPS4_HUMAN,Q9NQG7,HPS4,BLOC-3 complex member HPS4 ,4,12,9,25,bin_5,BLOC-3 complex member HPS4,HPS4,1,515,3507,83,HPS4,HGNC:15844,HPS4 biogenesis of lysosomal organelles complex 3 subunit 2,18,prostaglandin-endoperoxide synthase 2,0
DIC_HUMAN,Q9UBX3,SLC25A10,Mitochondrial dicarboxylate carrier ,7,12,4,23,bin_5,Mitochondrial dicarboxylate carrier,SLC25A10,1,517,3504,3464,SLC25A10,HGNC:10980,solute carrier family 25 member 10,18,prostaglandin-endoperoxide synthase 2,0
GRHL1_HUMAN,Q9NZI5,GRHL1,Grainyhead-like protein 1 homolog ,10,6,4,20,bin_5,Grainyhead-like protein 1 homolog,GRHL1,1,506,3523,438,GRHL1,HGNC:17923,grainyhead like transcription factor 1,18,sodium voltage-gated channel alpha subunit 1,0
DRC4_HUMAN,O95995,GAS8,Dynein regulatory complex subunit 4 ,2,12,10,24,bin_5,Dynein regulatory complex subunit 4,DRC4,0,516,3505,10634,DRC4,"""O95995",Dynein regulatory complex subunit 4,18,None,0
MED17_HUMAN,Q9NVC6,MED17,Mediator of RNA polymerase II transcription subunit 17,6,9,7,22,bin_5,Mediator of RNA polymerase II transcription subunit 17,MED17,1,554,3452,14089,FUT10,HGNC:2375,mediator complex subunit 17,18,epidermal growth factor receptor,0
S26A5_HUMAN,P58743,SLC26A5,Prestin ,8,17,4,29,bin_5,Prestin,SLC26A5,1,594,3391,1983,SLC26A5,HGNC:9359,solute carrier family 26 member 5,18,prostaglandin-endoperoxide synthase 2,0
ERO1A_HUMAN,Q96HE7,ERO1A,ERO1-like protein alpha,4,15,8,27,bin_5,ERO1-like protein alpha,ERO1A,1,504,3526,181,ERO1A,HGNC:13280,endoplasmic reticulum oxidoreductase 1 alpha,18,ret proto-oncogene,0
BAG4_HUMAN,O95429,BAG4,BAG family molecular chaperone regulator 4,5,15,5,25,bin_5,BAG family molecular chaperone regulator 4,BAG4,1,563,3435,2142,BAG4,HGNC:940,BAG cochaperone 4,18,cyclin dependent kinase inhibitor 1A,0
NTF4_HUMAN,P34130,NTF4,Neurotrophin-4,2,15,5,22,bin_5,Neurotrophin-4,NTF4,1,557,3445,3390,NTF4,HGNC:8024,neurotrophin 4,18,nuclear receptor subfamily 1 group I member 2,0
FUT9_HUMAN,Q9Y231,FUT9,4-galactosyl-N-acetylglucosaminide 3-alpha-L-fucosyltransferase 9 ,4,16,4,24,bin_5,4-galactosyl-N-acetylglucosaminide 3-alpha-L-fucosyltransferase 9,FUT9,1,581,3412,7,FUT9,HGNC:4020,fucosyltransferase 9,18,glutamate ionotropic receptor NMDA type subunit 1,0
AAKG1_HUMAN,P54619,PRKAG1,5'-AMP-activated protein kinase subunit gamma-1,8,9,6,23,bin_5,5'-AMP-activated protein kinase subunit gamma-1,PRKAG1,1,502,3530,473,PRKAG1,HGNC:9385,protein kinase AMP-activated non-catalytic subunit gamma 1,18,prostaglandin-endoperoxide synthase 2,0
SIA8B_HUMAN,Q92186,ST8SIA2,"Alpha-2,8-sialyltransferase 8B ",3,12,7,22,bin_5,"Alpha-2,8-sialyltransferase 8B",ST8SIA2,1,500,3534,37,ST8SIA2,HGNC:10870,"ST8 alpha-N-acetyl-neuraminide alpha-2,8-sialyltransferase 2",18,prostaglandin-endoperoxide synthase 2,0
PLCB3_HUMAN,Q01970,PLCB3,"1-phosphatidylinositol 4,5-bisphosphate phosphodiesterase beta-3 ",7,7,6,20,bin_5,"1-phosphatidylinositol 4,5-bisphosphate phosphodiesterase beta-3",PLCB3,1,563,3436,113,PLCB3,HGNC:9056,phospholipase C beta 3,18,prostaglandin-endoperoxide synthase 2,0
HEN2_HUMAN,Q02577,NHLH2,Helix-loop-helix protein 2,6,11,3,20,bin_5,Helix-loop-helix protein 2,TCF4,0,427,3630,168994,NHLH2,HGNC:7818,nescient helix-loop-helix 2,19,nuclear receptor subfamily 3 group C member 1,0
IGHE_HUMAN,P01854,IGHE,Immunoglobulin heavy constant epsilon ,2,18,6,26,bin_5,Immunoglobulin heavy constant epsilon,IGHE,1,380,3691,2426,IGHE,HGNC:5522,immunoglobulin heavy constant epsilon,19,interleukin 6,0
RUXE_HUMAN,P62304,SNRPE,Small nuclear ribonucleoprotein E,1,5,21,27,bin_5,Small nuclear ribonucleoprotein E,SNRPE,1,401,3661,51377,SNRPE,HGNC:11161,small nuclear ribonucleoprotein polypeptide E,19,ret proto-oncogene,0
ZDHC3_HUMAN,Q9NYG2,ZDHHC3,Palmitoyltransferase ZDHHC3 ,5,12,4,21,bin_5,Palmitoyltransferase ZDHHC3,ZDHHC3,1,342,3735,181,ZDHHC3,HGNC:18470,zDHHC palmitoyltransferase 3,19,prostaglandin-endoperoxide synthase 2,0
MTPN_HUMAN,P58546,MTPN,Myotrophin,1,15,6,22,bin_5,Myotrophin,MTPN,1,435,3621,628,MTPN,HGNC:15667,myotrophin,19,prostaglandin-endoperoxide synthase 2,0
NUDT3_HUMAN,O95989,NUDT3,Diphosphoinositol polyphosphate phosphohydrolase 1 ,13,8,3,24,bin_5,Diphosphoinositol polyphosphate phosphohydrolase 1,NUDT3,1,417,3640,154,NUDT3,HGNC:8050,nudix hydrolase 3,19,prostaglandin-endoperoxide synthase 2,0
RP3A_HUMAN,Q9Y2J0,RPH3A,Rabphilin-3A,10,5,11,26,bin_5,Rabphilin-3A,RPH3A,1,413,3647,730,RPH3A,HGNC:17056,rabphilin 3A,19,prostaglandin-endoperoxide synthase 2,0
EGLKFLFDSV,O00410,IPO5,Importin-5,5,7,9,21,bin_5,Importin-5,IPO5,1,464,3577,323,IPO5,HGNC:6402,importin 5,19,kinesin family member 5B,0
EXOC4_HUMAN,Q96A65,EXOC4,Exocyst complex component 4,1,10,11,22,bin_5,Exocyst complex component 4,EXOC4,1,437,3620,4704,EXOC4,HGNC:30389,exocyst complex component 4,19,"serine peptidase inhibitor, Kazal type 6",0
PCID2_HUMAN,Q9NW44,PCID2,PCI domain-containing protein 2,2,14,4,20,bin_5,PCI domain-containing protein 2,PCID2,1,454,3594,1794,PCID2,HGNC:25653,PCI domain containing 2,19,serine/threonine kinase 40,0
COL11_HUMAN,B4E1G0,COLEC11,Collectin-11,7,8,5,20,bin_5,Collectin-11,COLEC11,1,401,3663,430,COLEC11,HGNC:17213,collectin subfamily member 11,19,prostaglandin-endoperoxide synthase 2,0
CAMP3_HUMAN,Q9P1Y5,CAMSAP3,Calmodulin-regulated spectrin-associated protein 3 ,5,19,7,31,bin_5,Calmodulin-regulated spectrin-associated protein 3,CAMSAP3,1,331,3750,316,CAMSAP3,HGNC:29307,calmodulin regulated spectrin associated protein family member 3,19,sodium voltage-gated channel alpha subunit 9,0
UN13B_HUMAN,O14795,UNC13B,Protein unc-13 homolog B ,7,13,10,30,bin_5,protein,UNC13B,1,416,3641,962,UNC13B,HGNC:12566,unc-13 homolog B,19,ret proto-oncogene,0
NPT4_HUMAN,O00476,SLC17A3,Sodium-dependent phosphate transport protein 4,7,9,6,22,bin_5,Sodium-dependent phosphate transport protein 4,SLC17A3,1,370,3706,7427,SLC17A3,HGNC:10931,solute carrier family 17 member 3,19,prostaglandin-endoperoxide synthase 2,0
DZIP1_HUMAN,Q86YF9,DZIP1,Cilium assembly protein DZIP1 ,3,15,11,29,bin_5,Cilium assembly protein DZIP1,DZIP1,1,424,3632,138,DZIP1,HGNC:20908,DAZ interacting zinc finger protein 1,19,serine/threonine kinase 11,0
BRSK2_HUMAN,Q8IWQ3,BRSK2,Serine/threonine-protein kinase BRSK2,9,17,5,31,bin_5,Serine/threonine-protein kinase BRSK2,BRSK2,1,465,3574,85,BRSK2,HGNC:11405,BR serine/threonine kinase 2,19,ret proto-oncogene,0
DP13B_HUMAN,Q8NEU8,APPL2,DCC-interacting protein 13-beta ,5,24,14,43,bin_5,DCC-interacting protein 13-beta,APPL2,1,457,3583,9,APPL2,HGNC:18242,"adaptor protein, phosphotyrosine interacting with PH domain and leucine zipper 2",19,prostaglandin-endoperoxide synthase 2,0
ELA_HUMAN,P0DMC3,APELA,Apelin receptor early endogenous ligand ,2,18,2,22,bin_5,Apelin receptor early endogenous ligand,APELA,1,370,3705,2279,APELA,HGNC:48925,apelin receptor early endogenous ligand,19,angiotensin converting enzyme 2,0
PJA2_HUMAN,O43164,PJA2,E3 ubiquitin-protein ligase Praja-2,5,10,9,24,bin_5,E3 ubiquitin-protein ligase Praja-2,PJA2,1,373,3702,19,PJA2,HGNC:17481,praja ring finger ubiquitin ligase 2,19,prostaglandin-endoperoxide synthase 2,0
RC3H1_HUMAN,Q5TC82,RC3H1,Roquin-1 ,10,28,1,39,bin_5,Roquin-1,RC3H1,1,355,3721,234,RC3H1,HGNC:29434,ring finger and CCCH-type domains 1,19,forkhead box P3,0
S29A2_HUMAN,Q14542,SLC29A2,Equilibrative nucleoside transporter 2 ,9,20,4,33,bin_5,Equilibrative nucleoside transporter 2,SLC29A2,1,370,3703,335,SLC29A2,HGNC:11004,solute carrier family 29 member 2,19,prostaglandin-endoperoxide synthase 2,0
ZNT2_HUMAN,Q9BRI3,SLC30A2,Proton-coupled zinc antiporter SLC30A2 ,4,9,10,23,bin_5,Proton-coupled zinc antiporter SLC30A2,SLC30A2,1,411,3650,22,SLC30A2,HGNC:11013,solute carrier family 30 member 2,19,prostaglandin-endoperoxide synthase 2,0
TMED2_HUMAN,Q15363,TMED2,Transmembrane emp24 domain-containing protein 2,3,28,15,46,bin_5,Transmembrane emp24 domain-containing protein 2,TMED2,1,455,3589,468,TMED2,HGNC:16996,transmembrane p24 trafficking protein 2,19,prostaglandin-endoperoxide synthase 2,0
SMD2_HUMAN,P62316,SNRPD2,Small nuclear ribonucleoprotein Sm D2,1,6,20,27,bin_5,Small nuclear ribonucleoprotein Sm D2,SNRPD2,1,350,3724,8614,SNRPD2,HGNC:11159,small nuclear ribonucleoprotein D2 polypeptide,19,ret proto-oncogene,0
KI16B_HUMAN,Q9BQM0,KIF16B,Kinesin-like protein KIF16B,8,9,8,25,bin_5,Kinesin-like protein KIF16B,KIF16B,1,420,3633,73,KIF16B,HGNC:15869,kinesin family member 16B,19,prostaglandin-endoperoxide synthase 2,0
BHA15_HUMAN,Q7RTS1,BHLHA15,Class A basic helix-loop-helix protein 15,7,19,2,28,bin_5,Class A basic helix-loop-helix protein 15,BHLHA15,1,415,3643,31709,BHLHA15,HGNC:22265,basic helix-loop-helix family member a15,19,serine/threonine kinase 11,0
SMD1_HUMAN,P62314,SNRPD1,Small nuclear ribonucleoprotein Sm D1,1,6,21,28,bin_5,Small nuclear ribonucleoprotein Sm D1,SNRPD1,1,444,3610,8752,SNRPD1,HGNC:11158,small nuclear ribonucleoprotein D1 polypeptide,19,prostaglandin-endoperoxide synthase 2,0
UN13C_HUMAN,Q8NB66,UNC13C,Protein unc-13 homolog C,5,7,9,21,bin_5,protein,UNC13C,1,349,3728,973,UNC13C,HGNC:23149,unc-13 homolog C,19,serine/threonine kinase 11,0
NECT3_HUMAN,Q9NQS3,NECTIN3,Nectin-3,3,8,9,20,bin_5,Nectin-3,PVRL3,0,344,3732,2051,NECTIN3,HGNC:17664,nectin cell adhesion molecule 3,19,prostaglandin-endoperoxide synthase 2,0
MK15_HUMAN,Q8TD08,MAPK15,Mitogen-activated protein kinase 15 ,8,16,11,35,bin_5,Mitogen-activated protein kinase 15,MAPK15,1,419,3634,204834,MAPK15,HGNC:24667,mitogen-activated protein kinase 15,19,serine/threonine kinase 40,0
ARP8_HUMAN,Q9H981,ACTR8,Actin-related protein 8,1,15,4,20,bin_5,Actin-related protein 8,ACTR8,1,87,3963,8544,ACTR8,HGNC:14672,actin related protein 8,20,ret proto-oncogene,0
THAP7_HUMAN,Q9BT49,THAP7,THAP domain-containing protein 7,12,4,6,22,bin_5,THAP domain-containing protein 7,THAP7,1,229,3874,323,THAP7,HGNC:23190,THAP domain containing 7,20,forkhead box P3,0
INP5K_HUMAN,Q9BT40,INPP5K,Inositol polyphosphate 5-phosphatase K ,11,35,11,57,bin_5,Inositol polyphosphate 5-phosphatase K,INPP5K,1,264,3838,1750,INPP5K,HGNC:33882,inositol polyphosphate-5-phosphatase K,20,"serine peptidase inhibitor, Kazal type 7",0
SEPT2_HUMAN,Q15019,SEPTIN2,Septin-2,5,7,21,33,bin_5,Septin-2,2-Sep,0,244,3858,701,SEPTIN2,HGNC:7729,septin 2,20,mitogen-activated protein kinase 1,0
RABX5_HUMAN,Q9UJ41,RABGEF1,Rab5 GDP/GTP exchange factor,5,20,6,31,bin_5,Rab5 GDP/GTP exchange factor,RABGEF1,1,315,3772,707,RABGEF1,HGNC:17676,RAB guanine nucleotide exchange factor 1,20,prostaglandin-endoperoxide synthase 2,0
CD5R2_HUMAN,Q13319,CDK5R2,Cyclin-dependent kinase 5 activator 2,4,9,7,20,bin_5,Cyclin-dependent kinase 5 activator 2,CDK5R2,1,216,3883,3661,CDK5R2,HGNC:1776,cyclin dependent kinase 5 regulatory subunit 2,20,cytochrome P450 family 2 subfamily C member 9,0
SYEP_HUMAN,P07814,EPRS1,Proline--tRNA ligase ,8,7,7,22,bin_5,Proline--tRNA ligase,PARS2,0,107,3954,236,EPRS1,HGNC:3418,glutamyl-prolyl-tRNA synthetase 1,20,epidermal growth factor receptor,0
KLH22_HUMAN,Q53GT1,KLHL22,Kelch-like protein 22 ,2,12,11,25,bin_5,Kelch-like protein 22,KLHL22,1,250,3849,5726,KLHL22,HGNC:25888,kelch like family member 22,20,serine/threonine kinase 40,0
ZC3H8_HUMAN,Q8N5P1,ZC3H8,Zinc finger CCCH domain-containing protein 8,4,9,8,21,bin_5,Zinc finger CCCH domain-containing protein 8,ZC3H8,1,121,3949,1948,ZC3H8,HGNC:30941,zinc finger CCCH-type containing 8,20,serine/threonine kinase 40,0
PLXB3_HUMAN,Q9ULL4,PLXNB3,Plexin-B3,4,13,3,20,bin_5,Plexin-B3,PLXNB3,1,269,3832,248,PLXNB3,HGNC:9105,plexin B3,20,prostaglandin-endoperoxide synthase 2,0
CCG7_HUMAN,P62955,CACNG7,Voltage-dependent calcium channel gamma-7 subunit,3,10,9,22,bin_5,Voltage-dependent calcium channel gamma-7 subunit,CACNG7,1,191,3900,232,CACNG7,HGNC:13626,calcium voltage-gated channel auxiliary subunit gamma 7,20,ret proto-oncogene,0
PITM1_HUMAN,O00562,PITPNM1,Membrane-associated phosphatidylinositol transfer protein 1,7,6,10,23,bin_5,Membrane-associated phosphatidylinositol transfer protein 1,PITPNM1,1,172,3915,12342,PITPNM1,HGNC:9003,phosphatidylinositol transfer protein membrane associated 1,20,prostaglandin-endoperoxide synthase 2,0
PAG15_HUMAN,Q8NCC3,PLA2G15,Lysosomal phospholipase A and acyltransferase,10,10,7,27,bin_5,Lysosomal phospholipase A and acyltransferase,LIPA,0,279,3818,328,PLA2G15,HGNC:17163,phospholipase A2 group XV,20,prostaglandin-endoperoxide synthase 2,0
ARFP2_HUMAN,P53365,ARFIP2,Arfaptin-2 ,9,9,7,25,bin_5,Arfaptin-2,ARFIP2,1,140,3939,182,ARFIP2,HGNC:17160,ARF interacting protein 2,20,prostaglandin-endoperoxide synthase 2,0
SH2B2_HUMAN,O14492,SH2B2,SH2B adapter protein 2,4,11,6,21,bin_5,SH2B adapter protein 2,SH2B2,1,302,3787,318,SH2B2,HGNC:17381,SH2B adaptor protein 2,20,prostaglandin-endoperoxide synthase 2,0
CNOT9_HUMAN,Q92600,CNOT9,CCR4-NOT transcription complex subunit 9 ,5,8,7,20,bin_5,CCR4-NOT transcription complex subunit 9,CNOT9,1,306,3781,2365,CNOT9,HGNC:10445,CCR4-NOT transcription complex subunit 9,20,prostaglandin-endoperoxide synthase 2,0
H2B1J_HUMAN,P06899,H2BC11,Histone H2B type 1-J,4,10,6,20,bin_5,Histone H2B type 1-J,HIST1H2BJ,0,57,3967,513,H2BC11,HGNC:4761,H2B clustered histone 11,20,interleukin 6,0
WASC5_HUMAN,Q12768,WASHC5,WASH complex subunit 5 ,0,14,8,22,bin_5,WASH complex subunit 5,WASHC5,1,149,3931,76275,WASHC5,HGNC:28984,WASH complex subunit 5,20,"serine peptidase inhibitor, Kazal type 5",0
3BP1_HUMAN,Q9Y3L3,SH3BP1,SH3 domain-binding protein 1 ,3,15,7,25,bin_5,SH3 domain-binding protein 1,SH3BP1,1,243,3859,5304,SH3BP1,HGNC:10824,SH3 domain binding protein 1,20,prostaglandin-endoperoxide synthase 2,0
VATF_HUMAN,Q16864,ATP6V1F,V-type proton ATPase subunit F,3,7,13,23,bin_5,V-type proton ATPase subunit F,ATP6V1F,1,308,3778,2438,ATP6V1F,HGNC:16832,ATPase H+ transporting V1 subunit F,20,angiotensin converting enzyme 2,0
HINFP_HUMAN,Q9BQA5,HINFP,Histone H4 transcription factor,12,15,3,30,bin_5,Histone H4 transcription factor,no appropriate match,0,246,3856,94322,HINFP,HGNC:17850,histone H4 transcription factor,20,serpin family E member 1,0
CROCC_HUMAN,Q5TZA2,CROCC,Rootletin,4,12,10,26,bin_5,Rootletin,CROCC,1,272,3829,562,CROCC,HGNC:21299,"ciliary rootlet coiled-coil, rootletin",20,serine/threonine kinase 11,0
FUT10_HUMAN,Q6P4F1,FUT10,"Alpha-(1,3)-fucosyltransferase 10",2,15,6,23,bin_5,"Alpha-(1,3)-fucosyltransferase 10",FUT10,1,211,3887,6517,FUT10,19234,Fucosyltransferase 10,20,None,0
SCIMP_HUMAN,Q6UWF3,SCIMP,SLP adapter and CSK-interacting membrane protein,1,12,9,22,bin_5,SLP adapter and CSK-interacting membrane protein,SCIMP,1,243,3860,19,SCIMP,HGNC:33504,SLP adaptor and CSK interacting membrane protein,20,sodium voltage-gated channel alpha subunit 11,0
ARL8A_HUMAN,Q96BM9,ARL8A,ADP-ribosylation factor-like protein 8A,4,4,12,20,bin_5,ADP-ribosylation factor-like protein 8A,ARL8A,1,182,3908,92,ARL8A,HGNC:25192,ARF like GTPase 8A,20,serine/threonine kinase 40,0
TPC1_HUMAN,Q9ULQ1,TPCN1,Two pore channel protein 1 ,9,3,8,20,bin_5,Two pore channel protein 1,TPCN1,1,304,3782,113142,TPCN1,HGNC:18182,two pore segment channel 1,20,solute carrier family 22 member 4,0
TMIG1_HUMAN,Q6UXZ0,TMIGD1,Transmembrane and immunoglobulin domain-containing protein 1,2,13,6,21,bin_5,Transmembrane and immunoglobulin domain-containing protein 1,TMIGD1,1,141,3938,13495,TMIGD1,HGNC:32431,transmembrane and immunoglobulin domain containing 1,20,"serine peptidase inhibitor, Kazal type 6",0
SLF1_HUMAN,Q9BQI6,SLF1,SMC5-SMC6 complex localization factor protein 1 ,2,9,9,20,bin_5,SMC5-SMC6 complex localization factor protein 1,NSE1,0,308,3779,418,SLF1,HGNC:25408,SMC5/6 complex localization factor 1,20,forkhead box P3,0
STXB3_HUMAN,O00186,STXBP3,Syntaxin-binding protein 3,3,14,11,28,bin_5,Syntaxin-binding protein 3,STXBP3,1,188,3902,1987,STXBP3,HGNC:11446,syntaxin binding protein 3,20,ret proto-oncogene,0
RN139_HUMAN,Q8WU17,RNF139,E3 ubiquitin-protein ligase RNF139,6,9,5,20,bin_5,E3 ubiquitin-protein ligase RNF139,RNF139,1,230,3871,90,RNF139,HGNC:17023,ring finger protein 139,20,prostaglandin-endoperoxide synthase 2,0
