ID,AC,GN,protein_name,GO_F Count,GO_P Count,GO_C Count,go_counts,bin,pmc_GN,PMC_protein_name,new_gene_symbol,match_result,processing_time
EXD2_HUMAN,Q9NVH0,EXD2,Exonuclease 3'-5' domain-containing protein 2 ,8,5,7,20,bin_5,25,8,EXO3,0,6.36
EXOS6_HUMAN,Q5RKV6,EXOSC6,Exosome complex component MTR3,1,11,8,20,bin_5,7,4,EXOSC3,0,6.12
INAVA_HUMAN,Q3KP66,INAVA,Innate immunity activator protein ,0,18,2,20,bin_5,19,67770,IFI35,0,2.49
RS16_HUMAN,P62249,RPS16,Small ribosomal subunit protein uS9 ,2,6,12,20,bin_5,625,2,RPS25,0,1.21
BMAL2_HUMAN,Q9NYQ4,BMAL2,Basic helix-loop-helix ARNT-like protein 2 ,5,8,7,20,bin_5,68,20,BHLHE40,0,3.39
QFYFSNTFDL,P56715,RP1,Oxygen-regulated protein 1,1,12,7,20,bin_5,1122,346,EPAS1,0,3.66
RSSA_HUMAN,P08865,RPSA,Small ribosomal subunit protein uS2 ,7,4,9,20,bin_5,358,6,RPS25,0,4.56
SYSC_HUMAN,P49591,SARS1,"Serine--tRNA ligase, cytoplasmic",8,8,4,20,bin_5,37,62,SERINC,0,5.32
ADHX_HUMAN,P11766,ADH5,Alcohol dehydrogenase class-3 ,9,8,3,20,bin_5,242,14,ADH3B,0,1.26
SKAP_HUMAN,Q9Y448,KNSTRN,Small kinetochore-associated protein ,2,8,10,20,bin_5,38,41,SKA1,0,1.24
AEVYTLRPLF,Q9UPZ9,CILK1,Serine/threonine-protein kinase ICK,5,8,7,20,bin_5,56,42,STK39,0,1.28
SLF1_HUMAN,Q9BQI6,SLF1,SMC5-SMC6 complex localization factor protein 1 ,2,9,9,20,bin_5,41,4,SLF1,1,3.75
CLCN4_HUMAN,P51793,CLCN4,H(+)/Cl(-) exchange transporter 4,4,3,13,20,bin_5,61,1834,SLC4A7,0,4.23
SMN_HUMAN,Q16637,SMN2,Survival motor neuron protein,2,4,14,20,bin_5,1339,8014,SMN1,0,6.74
HEN2_HUMAN,Q02577,NHLH2,Helix-loop-helix protein 2,6,11,3,20,bin_5,69,13784,NHLH2,1,2.89
BARX2_HUMAN,Q9UMQ3,BARX2,Homeobox protein BarH-like 2,6,7,7,20,bin_5,63,19,BARHL2,0,2.64
TYB4_HUMAN,P62328,TMSB4X,Hemoregulatory peptide AcSDKP ,4,10,6,20,bin_5,83,22,REN,0,1.62
ATF6B_HUMAN,Q9H3W1,ATF6B,Processed cyclic AMP-dependent transcription factor ATF-6 beta,4,7,9,20,bin_5,49,0,ATF6B,1,2.9
HYES_HUMAN,P34913,EPHX2,Lipid-phosphate phosphatase,8,8,4,20,bin_5,438,239,INPP5D,0,4.63
COIA1_HUMAN,Q9UK38,COL18A1,Non-collagenous domain 1 ,2,11,7,20,bin_5,2207,191,NT5C1,0,2.64
PRAF3_HUMAN,O75915,ARL6IP5,PRA1 family protein 3,0,15,5,20,bin_5,108,7,PRAF3,0,4.54
GFRAL_HUMAN,Q6UXV0,GFRAL,GDNF family receptor alpha-like ,4,10,6,20,bin_5,133,45,GFRAL,1,0.89
UB2R1_HUMAN,P49427,CDC34,Ubiquitin-conjugating enzyme E2 R1,3,13,4,20,bin_5,257,6,UBE2R1,0,0.97
HBA_HUMAN,P69905,HBA2,Hemopressin ,5,6,9,20,bin_5,1123,91,HPN,0,2.01
ARAP1_HUMAN,Q96L71,ARAP1,"Arf-GAP with Rho-GAP domain, ANK repeat and PH domain-containing protein 1",4,8,8,20,bin_5,93,4,AGAP2,0,0.97
NECT3_HUMAN,Q9NQS3,NECTIN3,Nectin-3,3,8,9,20,bin_5,142,817,NECTIN3,1,1.94
RAPSN_HUMAN,Q13702,RAPSN,43 kDa receptor-associated protein of the synapse,5,9,6,20,bin_5,100,6,RAPSN,1,2.16
CSK22_HUMAN,P19784,CSNK2A2,Casein kinase II subunit alpha',3,11,6,20,bin_5,56,676,CSNK2A1,0,1.78
H2B1J_HUMAN,P06899,H2BC11,Histone H2B type 1-J,4,10,6,20,bin_5,2,0,H2BFJ,0,3.3
CC50A_HUMAN,Q9NV96,TMEM30A,Cell cycle control protein 50A ,2,7,11,20,bin_5,78,5,CCND1,0,4.13
PCLI1_HUMAN,Q7Z2X4,PID1,"PTB-containing, cubilin and LRP1-interacting protein",0,20,1,21,bin_5,86,0,CUBN,0,1.45
UHMK1_HUMAN,Q8TAS1,UHMK1,Serine/threonine-protein kinase Kist,8,6,7,21,bin_5,65,174,KIST,0,1.53
GGT1_HUMAN,P19440,GGT1,Glutathione hydrolase 1 light chain,4,14,3,21,bin_5,195,128,GSTK1,0,2.98
AT11B_HUMAN,Q9Y2G3,ATP11B,Phospholipid-transporting ATPase IF,7,4,10,21,bin_5,33,42,ATP10A,0,2.63
DAA11_HUMAN,Q86X45,DNAAF11,Dynein axonemal assembly factor 11 ,0,14,7,21,bin_5,3,2,DNAAF11,1,2.23
DAAF4_HUMAN,Q8WXU2,DNAAF4,Dynein axonemal assembly factor 4 ,1,11,9,21,bin_5,76,10,DNAAF4,1,0.69
SEPT6_HUMAN,Q14141,SEPTIN6,Septin-6,3,6,12,21,bin_5,56,30,SEPT6,0,2.38
SYAC_HUMAN,P49588,AARS1,"Alanine--tRNA ligase, cytoplasmic ",7,9,5,21,bin_5,28,47,ALANA,0,2.45
AIMP1_HUMAN,Q12904,AIMP1,Endothelial monocyte-activating polypeptide 2,4,9,8,21,bin_5,106,73,EMAP2,0,1.61
FZR1_HUMAN,Q9UM11,FZR1,Fizzy-related protein homolog ,3,13,5,21,bin_5,216,12,FZR1,1,0.95
FBLN4_HUMAN,O95967,EFEMP2,EGF-containing fibulin-like extracellular matrix protein 2 ,4,9,8,21,bin_5,162,33,FBLN2,0,1.55
FBH1_HUMAN,Q96SW7,FBH1,F-box DNA helicase 1 ,8,10,3,21,bin_5,60,32,FBXO6,0,0.3
IASPP_HUMAN,Q8WUF5,PPP1R13L,RelA-associated inhibitor,3,13,5,21,bin_5,190,10,NFKBIA,0,1.71
KDM8_HUMAN,Q8N371,KDM8,Bifunctional peptidase and arginyl-hydroxylase JMJD5 ,8,9,4,21,bin_5,59,0,JMJD5,0,2.0
NPL4_HUMAN,Q8TAT6,NPLOC4,Nuclear protein localization protein 4 homolog,7,7,7,21,bin_5,66,1115,NLP4,0,1.37
VVAGKKYFID,P01042,KNG1,Low molecular weight growth-promoting factor,5,8,8,21,bin_5,247,75,LMWGF,0,2.06
KMT5A_HUMAN,Q9NQR1,KMT5A,N-lysine methyltransferase KMT5A ,7,9,5,21,bin_5,182,2,KMT5A,1,3.77
OXLA_HUMAN,Q96RQ9,IL4I1,L-amino-acid oxidase ,3,13,5,21,bin_5,151,1193,AAO1,0,2.77
IMA1_HUMAN,P52292,KPNA2,Importin subunit alpha-1 ,4,7,10,21,bin_5,350,16,KPNA1,0,1.18
FUBP2_HUMAN,Q92945,KHSRP,Far upstream element-binding protein 2,5,12,5,22,bin_5,210,63,FOXP2,0,1.42
U17L2_HUMAN,Q6R6M4,USP17L2,Ubiquitin carboxyl-terminal hydrolase 17,1,18,3,22,bin_5,51,355,UTHP1,0,2.02
PTHR_HUMAN,P12272,PTHLH,Osteostatin,2,14,6,22,bin_5,1448,54,PTHLH,1,2.44
NH2L1_HUMAN,P55769,SNU13,"NHP2-like protein 1, N-terminally processed",6,5,11,22,bin_5,60,396,SNU13,1,2.63
WASH3_HUMAN,C4AMC7,WASH3P,Putative WAS protein family homolog 3,3,9,10,22,bin_5,0,926,WASF3,0,0.5
CSTN1_HUMAN,O94985,CLSTN1,CTF1-alpha ,4,8,10,22,bin_5,64,2,CTF1,0,1.6
IGJ_HUMAN,P01591,JCHAIN,Immunoglobulin J chain,5,9,8,22,bin_5,239,38100,JCH,0,3.41
MBOA5_HUMAN,Q6P1A2,LPCAT3,Lysophospholipid acyltransferase 5,6,14,2,22,bin_5,168,158,LYPLAL1,0,6.43
DHB4_HUMAN,P51659,HSD17B4,Enoyl-CoA hydratase 2,9,8,5,22,bin_5,251,171,ECHS1,0,2.03
H2AW_HUMAN,Q9P0M6,MACROH2A2,Core histone macro-H2A.2,6,9,7,22,bin_5,39,9150,H2AC18,0,4.72
H15_HUMAN,P16401,H1-5,Histone H1.5,6,8,8,22,bin_5,144,78,HIST1H1C,0,0.99
SYEP_HUMAN,P07814,EPRS1,Proline--tRNA ligase ,8,7,7,22,bin_5,16,21,PRLR,0,1.91
CHM4P_HUMAN,P59074,CHMP4BP1,Putative charged multivesicular body protein 4B-like protein CHMP4BP1,0,12,10,22,bin_5,0,0,CHMP4BP1,1,0.87
SFRP3_HUMAN,Q92765,FRZB,Secreted frizzled-related protein 3,1,18,3,22,bin_5,273,61,SFRP3,0,0.86
JIP4_HUMAN,Q8IZX7,SPAG9,C-Jun-amino-terminal kinase-interacting protein 4,5,10,7,22,bin_5,149,3,JIP4,0,1.53
SCAP_HUMAN,Q12770,SCAP,Sterol regulatory element-binding protein cleavage-activating protein ,3,12,7,22,bin_5,1242,378,SCAP,1,2.42
PTPA_HUMAN,Q9NNZ8,PTPA,Serine/threonine-protein phosphatase 2A activator,8,7,7,22,bin_5,251,374,PPP2R1A,0,0.73
EFC4B_HUMAN,Q9BSW2,CRACR2A,EF-hand calcium-binding domain-containing protein 4B,3,8,11,22,bin_5,31,1,CASC4,0,1.09
SYLC_HUMAN,Q9P2J5,LARS1,"Leucine--tRNA ligase, cytoplasmic ",5,12,6,23,bin_5,27,112,LARS,0,3.16
GRP_HUMAN,P07492,GRP,Neuromedin-C,2,16,5,23,bin_5,6146,169,NMC,0,1.41
ISK5_HUMAN,Q96PP3,SPINK5,Hemofiltrate peptide HF7665,1,13,9,23,bin_5,375,0,NRP1,0,1.38
IRG1_HUMAN,A6NK06,ACOD1,Cis-aconitate decarboxylase,2,20,1,23,bin_5,130,80,ACO2,0,0.89
TGO1_HUMAN,Q5JRB1,MIA3,Transport and Golgi organization protein 1 homolog ,1,17,5,23,bin_5,52,24,TGO1,0,0.39
NSD1_HUMAN,Q96L73,NSD1,"Histone-lysine N-methyltransferase, H3 lysine-36 specific",14,6,3,23,bin_5,579,67,NSD1,1,0.94
PMYT1_HUMAN,Q99640,PKMYT1,Membrane-associated tyrosine- and threonine-specific cdc2-inhibitory kinase,6,7,10,23,bin_5,134,1,STK38,0,4.09
SMS_HUMAN,P61278,SST,Neuronostatin ,1,17,5,23,bin_5,7855,36,NOST,0,1.21
DEF1_HUMAN,P59665,DEFA1B,Neutrophil defensin 2,1,16,6,23,bin_5,15,797,DEFA4,0,0.43
S26A7_HUMAN,Q8TE54,SLC26A7,Anion exchange transporter,6,10,7,23,bin_5,82,13779,SLC4A1,0,1.22
NDST1_HUMAN,P52848,NDST1,Heparan sulfate N-sulfotransferase 1,4,16,3,23,bin_5,155,135,NST1,0,0.98
MRCKB_HUMAN,Q9Y5S2,CDC42BPB,Serine/threonine-protein kinase MRCK beta,7,7,9,23,bin_5,50,6,MRCKB,0,0.23
DCNP1_HUMAN,Q8TF63,DCANP1,Dendritic cell nuclear protein 1 ,1,19,3,23,bin_5,6,3546,DCNP1,0,2.08
AT11A_HUMAN,P98196,ATP11A,Phospholipid-transporting ATPase IH,7,4,12,23,bin_5,69,0,ATP10A,0,2.28
CCN4_HUMAN,O95388,CCN4,CCN family member 4 ,2,18,3,23,bin_5,329,188,CCN4,1,0.49
AMBP_HUMAN,P02760,AMBP,Trypstatin ,8,5,11,24,bin_5,285,19,CSTB,0,0.64
ACHB_HUMAN,P11230,CHRNB1,Acetylcholine receptor subunit beta ,6,14,4,24,bin_5,66,2157,CHRNA2,0,2.1
RL26_HUMAN,P61254,RPL26,Large ribosomal subunit protein uL24 ,3,12,9,24,bin_5,98,7,RPL24,0,3.28
APLP1_HUMAN,P51693,APLP1,C30,6,13,5,24,bin_5,293,9150,BSN,0,0.66
VEGFD_HUMAN,O43915,VEGFD,Vascular endothelial growth factor D ,6,14,4,24,bin_5,1226,790,GUCY2D,0,2.0
TFPT_HUMAN,P0C1Z6,TFPT,TCF3 fusion partner,3,16,5,24,bin_5,60,26,E2A,0,1.17
DRC4_HUMAN,O95995,GAS8,Dynein regulatory complex subunit 4 ,2,12,10,24,bin_5,70,18,DNRC4,0,2.15
NIBA2_HUMAN,Q96TA1,NIBAN2,Protein Niban 2 ,2,15,7,24,bin_5,12,13,NIB2,0,3.17
GEPH_HUMAN,Q9NQX3,GPHN,Molybdopterin molybdenumtransferase,7,7,10,24,bin_5,62,752,MOVT1,0,3.23
NLRC3_HUMAN,Q7RTR2,NLRC3,NLR family CARD domain-containing protein 3,2,17,5,24,bin_5,154,1005,NLRP3,0,1.5
NSD2_HUMAN,Q6IS00,NSD2,Histone-lysine N-methyltransferase NSD2,8,11,5,24,bin_5,362,242,NSD2,1,2.03
HABP4_HUMAN,Q5JVS0,HABP4,Intracellular hyaluronan-binding protein 4 ,4,8,12,24,bin_5,21,306,HYAL4,0,1.51
PCD16_HUMAN,Q96JQ0,DCHS1,Protocadherin-16,3,18,3,24,bin_5,61,0,PCDH16,0,1.92
ANFB_HUMAN,P16860,NPPB,BNP(5-29),4,17,4,25,bin_5,1490,8,BNP,0,0.8
AAAT_HUMAN,Q9BWQ3,SLC1A5,Neutral amino acid transporter B(0),11,9,5,25,bin_5,614,215,SLC6A19,0,1.02
REQU_HUMAN,Q92785,DPF2,Zinc finger protein ubi-d4,4,13,8,25,bin_5,59,5,UBIAD1,0,1.3
ATIF1_HUMAN,Q9UII2,ATP5IF1,"ATPase inhibitor, mitochondrial ",8,14,3,25,bin_5,18,3914,ATPIF1,0,0.51
VGF_HUMAN,O15240,VGF,Antimicrobial peptide VGF[554-577],3,14,8,25,bin_5,723,2,VGF,1,0.44
ATP7B_HUMAN,P35670,ATP7B,WND/140 kDa ,6,12,7,25,bin_5,1608,1,WNK1,0,0.31
RL40_HUMAN,Q8WYN8,UBA52,Large ribosomal subunit protein eL40 ,3,4,18,25,bin_5,133,3,RPL7A,0,1.05
RL13A_HUMAN,P40429,RPL13A,Large ribosomal subunit protein uL13 ,3,9,13,25,bin_5,244,3,RPL23,0,3.0
CARL1_HUMAN,Q5VZK9,CARMIL1,F-actin-uncapping protein LRRC16A ,1,15,9,25,bin_5,62,1,LRRC16A,0,1.2
CLM8_HUMAN,Q9UGN4,CD300A,CMRF35-like molecule 8,3,17,5,25,bin_5,137,4,CD300A,1,1.06
AICDA_HUMAN,Q9GZX7,AICDA,Single-stranded DNA cytosine deaminase,6,14,5,25,bin_5,1367,214,SMU1,0,0.66
CPSF5_HUMAN,O43809,NUDT21,Cleavage and polyadenylation specificity factor subunit 5 ,7,10,9,26,bin_5,85,25,CPSF5,0,3.98
CHP3_HUMAN,Q96BS2,TESC,Calcineurin B homologous protein 3,5,13,8,26,bin_5,87,221,CNB3,0,0.41
RNC_HUMAN,Q9NRR4,DROSHA,Ribonuclease 3,9,10,7,26,bin_5,1286,19726,RNASE3,0,0.72
TAZ_HUMAN,Q86XQ8,TAFAZZIN,Tafazzin ,3,19,4,26,bin_5,775,775,TAZ,0,1.23
JARD2_HUMAN,Q92833,JARID2,Protein Jumonji,5,15,6,26,bin_5,290,2718,JMJD1C,0,0.5
ACHA_HUMAN,P02708,CHRNA1,Acetylcholine receptor subunit alpha ,4,14,8,26,bin_5,141,4155,CHRNA1,1,0.56
HNRPQ_HUMAN,Q96LC2,SYNCRIP,Heterogeneous nuclear ribonucleoprotein Q,2,12,12,26,bin_5,119,95,HNRNPU,0,0.8
SETMR_HUMAN,Q53H47,SETMAR,Transposon Hsmar1 transposase ,11,12,3,26,bin_5,65,18,HSMAR1,0,1.47
CBPC1_HUMAN,Q9NVK1,AGTPBP1,Cytosolic carboxypeptidase 1 ,3,16,7,26,bin_5,75,187,CYP1,0,1.72
GIPLADAVER,Q15311,RALBP1,RalA-binding protein 1 ,8,12,7,27,bin_5,436,16,RALBP1,1,1.33
RS27A_HUMAN,Q9UPK7,RPS27A,Small ribosomal subunit protein eS31 ,5,4,18,27,bin_5,132,3,RPS20,0,1.3
SMBP2_HUMAN,P38935,IGHMBP2,DNA-binding protein SMUBP-2,17,2,8,27,bin_5,170,8,SMUBP2,0,0.8
COLI_HUMAN,P01189,POMC,Met-enkephalin,6,16,5,27,bin_5,67007,6943,POMC,1,0.51
PAG15_HUMAN,Q8NCC3,PLA2G15,Lysosomal phospholipase A and acyltransferase,10,10,7,27,bin_5,29,32,LPAAT1,0,1.36
BIRC1_HUMAN,Q13075,NAIP,Baculoviral IAP repeat-containing protein 1,6,17,4,27,bin_5,643,345,NAIP,1,1.61
CAMP_HUMAN,P49913,CAMP,Antibacterial peptide FF-33 ,1,19,7,27,bin_5,106725,2,None,0,0.89
TEN1_HUMAN,Q9UKZ4,TENM1,Teneurin C-terminal-associated peptide,4,12,11,27,bin_5,30,30,TENM2,0,1.63
CMGA_HUMAN,P10645,CHGA,p-Glu serpinin precursor,0,21,7,28,bin_5,840,0,SERPINA3,0,0.83
HBB_HUMAN,Q6FI08,HBB,Spinorphin,7,11,10,28,bin_5,2428,24,Pdyn,0,1.02
RIPR2_HUMAN,Q9Y4F9,RIPOR2,Rho family-interacting cell polarization regulator 2,1,21,6,28,bin_5,36,2,RIN2,0,0.27
SEPT7_HUMAN,Q16181,SEPTIN7,Septin-7,6,7,15,28,bin_5,120,81,SEPT7,0,1.1
S10AC_HUMAN,P80511,S100A12,Calcitermin,6,15,7,28,bin_5,991,7,CYP24A1,0,1.05
WHRN_HUMAN,Q9H9F4,WHRN,Whirlin ,1,12,15,28,bin_5,91,82,WHRN,1,1.72
TEAD2_HUMAN,Q15562,TEAD2,Transcriptional enhancer factor TEF-4,6,16,7,29,bin_5,136,5,GCM2,0,0.44
ARBK1_HUMAN,P25098,GRK2,Beta-adrenergic receptor kinase 1,7,15,7,29,bin_5,1525,1238,GRK2,1,0.64
PLOD3_HUMAN,O60568,PLOD3,Procollagen glycosyltransferase,7,13,9,29,bin_5,108,151,B4GALT7,0,0.72
TIGAR_HUMAN,Q9NQ88,TIGAR,"Fructose-2,6-bisphosphatase TIGAR ",1,24,4,29,bin_5,323,28,TIGAR,1,0.66
RORG_HUMAN,P51449,RORC,Nuclear receptor ROR-gamma,9,16,4,29,bin_5,1373,1943,RORC,1,1.05
TESK1_HUMAN,Q15569,TESK1,Dual specificity testis-specific protein kinase 1,8,14,7,29,bin_5,43,2,TESP1,0,1.28
RRAGA_HUMAN,Q7L523,RRAGA,Ras-related GTP-binding protein A ,7,14,8,29,bin_5,76,63485,RAP1A,0,1.14
MYH10_HUMAN,Q6PK16,MYH10,Myosin-10,8,7,14,29,bin_5,170,69,MYO10,0,0.97
PRRX1_HUMAN,P54821,PRRX1,Paired mesoderm homeobox protein 1,7,18,4,29,bin_5,486,130,PMX1,0,1.06
SULF1_HUMAN,Q8IWU6,SULF1,Extracellular sulfatase Sulf-2 secreted form ,4,22,7,33,bin_5,323,4,SULF2,0,2.74
HUNIN_HUMAN,Q8IVG9,MT-RNR2,Humanin ,4,17,8,29,bin_5,46,482,HNP,0,1.9
S4A10_HUMAN,Q6U841,SLC4A10,Sodium-driven chloride bicarbonate exchanger ,3,13,14,30,bin_5,62,958,SLC4A8,0,0.73
PALS1_HUMAN,Q8N3R9,PALS1,Protein PALS1 ,3,12,15,30,bin_5,146,140,PALS1,1,0.52
HINFP_HUMAN,Q9BQA5,HINFP,Histone H4 transcription factor,12,15,3,30,bin_5,59,17275,HHIP,0,0.5
MYO1G_HUMAN,B0I1T2,MYO1G,Minor histocompatibility antigen HA-2 ,7,11,12,30,bin_5,55,48,HA2,0,5.94
H33_HUMAN,P84243,H3-3B,Histone H3.3,5,17,9,31,bin_5,40,62758,H3F3A,0,0.6
PGBM_HUMAN,CESCAPGYEG,HSPG2,LG3 peptide,5,16,10,31,bin_5,308,48,LG3,0,5.35
ERBIN_HUMAN,Q9NW48,ERBIN,Erbin ,3,15,13,31,bin_5,271,271,ERBB2IP,0,2.73
NECT1_HUMAN,Q15223,NECTIN1,Nectin-1,8,14,10,32,bin_5,408,899,NECTIN1,1,1.17
AT8A2_HUMAN,AAKHTCKKTL,ATP8A2,Phospholipid-transporting ATPase IB ,7,18,7,32,bin_5,82,0,ATP10B,0,1.18
RS19_HUMAN,P39019,RPS19,Small ribosomal subunit protein eS19 ,5,15,12,32,bin_5,473,1,RPS20,0,1.61
ACK1_HUMAN,Q07912,TNK2,Activated CDC42 kinase 1,12,6,14,32,bin_5,181,1623,ACK1,0,5.7
ATPB_HUMAN,P06576,ATP5F1B,"ATP synthase subunit beta, mitochondrial ",6,12,14,32,bin_5,108,816,ATP5B,0,1.62
SHIP1_HUMAN,Q92835,INPP5D,"Phosphatidylinositol 3,4,5-trisphosphate 5-phosphatase 1",7,21,4,32,bin_5,394,27,INPP5D,1,3.16
NOP53_HUMAN,Q9NZM5,NOP53,Ribosome biogenesis protein NOP53 ,4,23,5,32,bin_5,71,13,NOP53,1,3.44
RHG07_HUMAN,HDRAPVVGVR,DLC1,Rho GTPase-activating protein 7,3,20,10,33,bin_5,457,122,ARHGAP7,0,0.98
SEPT2_HUMAN,Q15019,SEPTIN2,Septin-2,5,7,21,33,bin_5,96,85,SEPT2,0,2.9
PPAP_HUMAN,P15309,ACP3,PAPf39,11,9,13,33,bin_5,39,4,PAPF4,0,0.52
NSG1_HUMAN,P42857,NSG1,Neuronal vesicle trafficking-associated protein 1 ,2,13,19,34,bin_5,49,2,NSG1,1,1.17
SEPT4_HUMAN,Q9H315,SEPTIN4,Septin-4 ,6,12,16,34,bin_5,93,35,SEPT4,0,0.48
FANCJ_HUMAN,Q9BX63,BRIP1,Fanconi anemia group J protein ,9,19,6,34,bin_5,618,0,FANCM,0,0.45
H2AX_HUMAN,P16104,H2AX,Histone H2AX,8,15,11,34,bin_5,7584,4883,H2AX,1,5.39
RED1_HUMAN,O00691,ADARB1,Double-stranded RNA-specific editase 1 ,7,21,6,34,bin_5,672,3,RSAD1,0,0.45
FAS_HUMAN,P49327,FASN,Acyl-[acyl-carrier-protein] hydrolase,15,12,8,35,bin_5,3109,10976,ACH,0,1.66
SELS_HUMAN,Q9BQE4,SELENOS,Selenoprotein S ,5,22,8,35,bin_5,1796,16838,SEPS1,0,4.95
FTM_HUMAN,Q68CZ1,RPGRIP1L,Protein fantom,1,20,14,35,bin_5,147,120,FANTOM2,0,2.35
MYH6_HUMAN,P13533,MYH6,Myosin-6,6,20,10,36,bin_5,615,34,MYO6,0,0.67
OGG1_HUMAN,Q9UIK0,OGG1,DNA-(apurinic or apyrimidinic site) lyase,9,20,7,36,bin_5,1810,2677,APEX1,0,3.67
AGRB1_HUMAN,O14514,ADGRB1,Vasculostatin-120 ,4,22,10,36,bin_5,97,1,ADAMTS5,0,1.92
FYV1_HUMAN,Q9Y2I7,PIKFYVE,1-phosphatidylinositol 3-phosphate 5-kinase ,8,17,11,36,bin_5,364,18,PIK3C2G,0,0.55
HEYL_HUMAN,Q9NQ87,HEYL,Hairy/enhancer-of-split related with YRPW motif-like protein,7,25,4,36,bin_5,661,3,HEY2,0,0.44
ANLRRSHILE,Q6ZNE5,ATG14,Beclin 1-associated autophagy-related key regulator ,4,20,12,36,bin_5,386,9,ATG14,1,2.47
AJUBA_HUMAN,Q96IF1,AJUBA,LIM domain-containing protein ajuba,6,18,12,36,bin_5,182,17,AJUBA,1,0.57
CASL_HUMAN,Q14511,NEDD9,Enhancer of filamentation 1 p55,1,21,15,37,bin_5,383,0,EFL1,0,7.1
CO2A1_HUMAN,Q9UE38,COL2A1,Chondrocalcin ,6,25,6,37,bin_5,2699,74,CHND,0,0.5
VRLVGRGGRR,P78559,MAP1A,MAP1 light chain LC2,6,16,15,37,bin_5,218,3,DPF2,0,1.01
ZPR1_HUMAN,O75312,ZPR1,Zinc finger protein ZPR1,4,22,11,37,bin_5,113,42,ZPR1,1,0.52
CCN1_HUMAN,O00622,CCN1,CCN family member 1 ,4,30,3,37,bin_5,970,441,CNN1,0,0.65
TDGF1_HUMAN,P13385,CRIPTO,Protein Cripto ,4,26,8,38,bin_5,491,435,CRPT1,0,1.01
ABCA3_HUMAN,Q99758,ABCA3,150 Kda mature form ,7,20,11,38,bin_5,473,47,MIP-1B,0,4.68
MUL1_HUMAN,SCVFLECGHV,MUL1,Mitochondrial ubiquitin ligase activator of NFKB 1,7,27,4,38,bin_5,976,11,MUL1,1,3.14
UCP2_HUMAN,P55851,UCP2,Dicarboxylate carrier SLC25A8 ,11,25,2,38,bin_5,2755,1,SLC25A8,0,0.64
KAT8_HUMAN,Q9NR35,KAT8,Histone acetyltransferase KAT8 ,12,15,12,39,bin_5,254,203,KAT8,1,2.66
FBW1A_HUMAN,Q9Y297,BTRC,F-box/WD repeat-containing protein 1A,7,28,4,39,bin_5,308,11,FBXW1,0,2.97
CGAS_HUMAN,Q8N884,CGAS,Cyclic GMP-AMP synthase ,12,20,7,39,bin_5,10890,1378,CASP12,0,3.01
CCN3_HUMAN,P48745,CCN3,CCN family member 3 ,4,28,8,40,bin_5,481,315,C CN3,0,1.62
RAD21_HUMAN,O60216,RAD21,64-kDa C-terminal product ,4,22,14,40,bin_5,719,25,NHP2L1,0,4.02
RIGI_HUMAN,O95786,RIGI,Antiviral innate immune response receptor RIG-I ,11,23,6,40,bin_5,3257,1398,DSGAM,0,4.31
GRP1_HUMAN,Q9UNN9,RASGRP1,RAS guanyl-releasing protein 1,7,27,6,40,bin_5,300,42,RASGR1,0,0.76
DEMA_HUMAN,Q08495,DMTN,Dematin,4,25,12,41,bin_5,64,66,DMTN,1,0.76
PICK1_HUMAN,Q9NRD5,PICK1,PRKCA-binding protein,10,17,14,41,bin_5,405,1,BCAP31,0,1.56
PA24A_HUMAN,P47712,PLA2G4A,Lysophospholipase,12,19,10,41,bin_5,362,1489,LPP,0,1.26
USP9X_HUMAN,Q93008,USP9X,Ubiquitin carboxyl-terminal hydrolase 9X,9,26,7,42,bin_5,397,58,UTP20,0,3.3
ANFC_HUMAN,P23582,NPPC,CNP-53,3,35,4,42,bin_5,335,2038,CNPY3,0,3.24
ERN1_HUMAN,O75460,ERN1,Endoribonuclease,13,20,9,42,bin_5,1268,28862,DIS3,0,0.56
VTNC_HUMAN,P04004,VTN,Somatomedin-B,8,22,13,43,bin_5,267,125,IGF1,0,2.19
STK3_HUMAN,Q13188,STK3,Serine/threonine-protein kinase 3 20kDa subunit,7,32,5,44,bin_5,333,9,STK3,1,1.57
BMAL1_HUMAN,O00316,BMAL1,Basic helix-loop-helix ARNT-like protein 1 ,12,26,8,46,bin_5,3274,34,BHLHE40,0,0.21
STING_HUMAN,Q86WV6,STING1,Stimulator of interferon genes protein ,9,23,16,48,bin_5,2021,11582,STING,0,0.72
FINC_HUMAN,Q96KP8,FN1,Ugl-Y3,9,28,13,50,bin_5,2356,0,UGLY1,0,5.11
PDE2A_HUMAN,O00408,PDE2A,"cGMP-dependent 3',5'-cyclic phosphodiesterase ",11,28,12,51,bin_5,267,986,PDE5A,0,1.51
CADH1_HUMAN,P12830,CDH1,E-Cad/CTF3,9,25,17,51,bin_5,6034,1,CDH1,1,3.22
H2AY_HUMAN,O75367,MACROH2A1,Core histone macro-H2A.1,16,22,13,51,bin_5,174,1,H2AC18,0,0.94
RET_HUMAN,P07949,RET,Extracellular cell-membrane anchored RET cadherin 120 kDa fragment ,5,38,8,51,bin_5,11979,0,CDH6,0,0.76
MAP1B_HUMAN,P46821,MAP1B,MAP1 light chain LC1,5,29,19,53,bin_5,815,3,DPF2,0,2.77
VPP3_HUMAN,Q13488,TCIRG1,V-type proton ATPase 116 kDa subunit a 3,2,40,11,53,bin_5,205,2,ATP6V1A3,0,1.8
TRFL_HUMAN,Q16789,LTF,Lactoferroxin-C,8,32,14,54,bin_5,1588,1,LTF,1,2.37
PHB1_HUMAN,P35232,PHB1,Prohibitin 1 ,7,39,11,57,bin_5,244,1679,PHB,0,0.29
MMP2_HUMAN,P08253,MMP2,PEX,6,45,7,58,bin_5,27129,1899,PEX10,0,1.59
FACE1_HUMAN,O75844,ZMPSTE24,CAAX prenyl protease 1 homolog,5,46,7,58,bin_5,304,1,FEN1,0,0.85
ANGT_HUMAN,P01019,AGT,Angiotensin 1-4,5,48,6,59,bin_5,4315,2991,AGT,1,0.5
MLAPLLEVIK,Q14191,WRN,ATP-dependent helicase,24,26,9,59,bin_5,1397,1733,RECQL,0,0.95
TNAP3_HUMAN,P21580,TNFAIP3,A20p37,10,48,5,63,bin_5,1809,0,NHP2L1,0,1.6
GBA1_HUMAN,Q9UMJ8,GBA1,Lysosomal acid glucosylceramidase ,6,51,6,63,bin_5,640,319,GBA,0,9.82
RACK1_HUMAN,P63244,RACK1,"Small ribosomal subunit protein RACK1, N-terminally processed",19,36,14,69,bin_5,1058,0,RACK1,1,1.31
NHRF1_HUMAN,O14745,NHERF1,Na(+)/H(+) exchange regulatory cofactor NHE-RF1 ,17,42,17,76,bin_5,473,0,SLC9A3R1,0,1.02
LIS1_HUMAN,P43034,PAFAH1B1,Platelet-activating factor acetylhydrolase IB subunit beta ,10,52,22,84,bin_5,479,42,PAFAH1B1,1,1.18
PRKN_HUMAN,Q8NI43,PRKN,E3 ubiquitin-protein ligase parkin ,26,100,17,143,bin_5,564,3850,PRKN,1,3.46
CLN6_HUMAN,Q9NWW5,CLN6,Ceroid-lipofuscinosis neuronal protein 6,3,9,8,20,bin_5,220,322,CLN6,1,0.7
S6A14_HUMAN,Q9UN76,SLC6A14,Sodium- and chloride-dependent neutral and basic amino acid transporter B(0+) ,7,8,5,20,bin_5,166,3,SLC6A19,0,2.03
S6A20_HUMAN,Q9NP91,SLC6A20,Sodium- and chloride-dependent transporter XTRP3 ,7,11,2,20,bin_5,84,0,SLC6A20,1,1.58
SC5A7_HUMAN,Q9GZV3,SLC5A7,High affinity choline transporter 1 ,3,7,10,20,bin_5,103,341,SLC5A7,1,1.78
TPC1_HUMAN,Q9ULQ1,TPCN1,Two pore channel protein 1 ,9,3,8,20,bin_5,98,2960,TPC1,0,1.21
ITA11_HUMAN,Q9UKX5,ITGA11,Integrin alpha-11,5,9,6,20,bin_5,110,49,ITGA11,1,0.52
SC5A6_HUMAN,Q9Y289,SLC5A6,Sodium-dependent multivitamin transporter ,7,7,6,20,bin_5,51,93,SMVT,0,0.6
RL27_HUMAN,P61353,RPL27,Large ribosomal subunit protein eL27 ,2,4,14,20,bin_5,70,2,RPL27A,0,0.68
SC5A5_HUMAN,Q92911,SLC5A5,Sodium/iodide cotransporter,4,10,6,20,bin_5,137,1747,SLC5A5,1,2.39
MYPR_HUMAN,P60201,PLP1,Myelin proteolipid protein,4,12,4,20,bin_5,827,2968,PLP1,1,0.86
MYRF_HUMAN,Q9Y2G1,MYRF,"Myelin regulatory factor, C-terminal",5,10,5,20,bin_5,150,9,MYRF,1,0.91
NAL10_HUMAN,Q86W26,NLRP10,"NACHT, LRR and PYD domains-containing protein 10",3,12,5,20,bin_5,51,40,NLRP10,1,7.22
SC16A_HUMAN,O15027,SEC16A,Protein transport protein Sec16A,0,13,7,20,bin_5,62,46,SEC16A,1,1.66
NANO3_HUMAN,P60323,NANOS3,Nanos homolog 3,4,9,7,20,bin_5,151,29,NANOS3,1,2.68
ITB5_HUMAN,P18084,ITGB5,Integrin beta-5,3,9,8,20,bin_5,179,624,ITGB5,1,1.15
MOV10_HUMAN,Q9HCE1,MOV10,Helicase MOV-10 ,4,9,7,20,bin_5,132,3,MOV10,1,3.24
JAG2_HUMAN,Q9Y219,JAG2,Protein jagged-2,3,16,1,20,bin_5,335,273,JAG2,1,0.31
EXOC7_HUMAN,Q9UPT5,EXOC7,Exocyst complex component 7,2,9,9,20,bin_5,77,48,EXOC7,1,2.65
RILP_HUMAN,Q96NA2,RILP,Rab-interacting lysosomal protein,3,9,8,20,bin_5,171,65,RILP,1,0.48
YMEL1_HUMAN,Q96TA2,YME1L1,ATP-dependent zinc metalloprotease YME1L1,5,11,4,20,bin_5,56,2,YME1L1,1,0.39
SC24B_HUMAN,O95487,SEC24B,Protein transport protein Sec24B ,2,13,5,20,bin_5,37,21,SEC24B,1,1.51
IREB2_HUMAN,Q9UF17,IREB2,Iron-responsive element-binding protein 2,5,12,3,20,bin_5,144,403,IREB2,1,2.29
CUL7_HUMAN,Q14999,CUL7,Cullin-7,1,11,8,20,bin_5,159,35,CUL7,1,3.53
CDD_HUMAN,P32320,CDA,Cytidine deaminase ,6,9,5,20,bin_5,6960,5445,CDA,1,2.75
MTF1_HUMAN,Q14872,MTF1,Metal regulatory transcription factor 1,8,9,3,20,bin_5,570,1887,MTF1,1,0.62
RN135_HUMAN,Q8IUD6,RNF135,E3 ubiquitin-protein ligase RNF135 ,6,10,4,20,bin_5,55,38,RNF135,1,1.36
TRAP1_HUMAN,Q12931,TRAP1,"Heat shock protein 75 kDa, mitochondrial",7,6,7,20,bin_5,479,33,HSPE1,0,3.43
RN139_HUMAN,Q8WU17,RNF139,E3 ubiquitin-protein ligase RNF139,6,9,5,20,bin_5,37,20,RNF139,1,0.56
ACPM_HUMAN,O14561,NDUFAB1,"Acyl carrier protein, mitochondrial ",5,8,7,20,bin_5,43,378,ACAA2,0,1.28
RS28_HUMAN,P62857,RPS28,Small ribosomal subunit protein eS28 ,2,7,11,20,bin_5,59,2,RPL5,0,0.8
RRP8_HUMAN,O43159,RRP8,Ribosomal RNA-processing protein 8,3,10,7,20,bin_5,31,619,RRP8,1,4.1
CTCFL_HUMAN,A6XGN2,CTCFL,Transcriptional repressor CTCFL,8,7,5,20,bin_5,170,23,CTCFL,1,1.51
FBX2_HUMAN,Q9UK22,FBXO2,F-box only protein 2,4,9,7,20,bin_5,60,311,FBXO2,1,0.47
IMDH2_HUMAN,P12268,IMPDH2,Inosine-5'-monophosphate dehydrogenase 2 ,5,6,9,20,bin_5,258,896,IMPDH2,1,1.24
RNF5_HUMAN,Q99942,RNF5,E3 ubiquitin-protein ligase RNF5 ,6,10,4,20,bin_5,95,69,RNF5,1,1.18
FABP4_HUMAN,P15090,FABP4,"Fatty acid-binding protein, adipocyte",4,11,5,20,bin_5,2710,2899,FABP4,1,0.98
CDK16_HUMAN,Q00536,CDK16,Cyclin-dependent kinase 16,4,7,9,20,bin_5,69,4442,CDK16,1,1.72
ACOT8_HUMAN,O14734,ACOT8,Acyl-coenzyme A thioesterase 8,10,8,2,20,bin_5,34,35,ACOT8,1,2.21
WNT2B_HUMAN,Q93097,WNT2B,Protein Wnt-2b,2,14,4,20,bin_5,343,27,WNT2B,1,1.25
WNT16_HUMAN,Q9UBV4,WNT16,Protein Wnt-16,2,15,3,20,bin_5,274,15,WNT16,1,2.03
MTCL1_HUMAN,Q9Y4B5,MTCL1,Microtubule cross-linking factor 1,3,6,11,20,bin_5,22,72,MCLIP1,0,0.29
RL7_HUMAN,P18124,RPL7,Large ribosomal subunit protein uL30 ,5,5,10,20,bin_5,123,3,RPL30,0,0.43
MPIP2_HUMAN,Q9BRA6,CDC25B,M-phase inducer phosphatase 2,3,11,6,20,bin_5,681,2053,MPHOSPH9,0,1.54
IL34_HUMAN,Q6ZMJ4,IL34,Interleukin-34,4,14,2,20,bin_5,511,304,IL34,1,2.73
S23A1_HUMAN,Q9UHI7,SLC23A1,Solute carrier family 23 member 1 ,6,8,6,20,bin_5,128,366,SLC23A1,1,0.36
MPRD_HUMAN,P20645,M6PR,Cation-dependent mannose-6-phosphate receptor,4,6,10,20,bin_5,233,185,M6PR,1,0.42
S1PR2_HUMAN,O95136,S1PR2,Sphingosine 1-phosphate receptor 2,6,11,3,20,bin_5,529,4275,S1PR2,1,2.09
ISCU_HUMAN,Q9H1K1,ISCU,Iron-sulfur cluster assembly enzyme ISCU ,6,7,7,20,bin_5,467,142,ISCU,1,1.44
S15A2_HUMAN,Q16348,SLC15A2,Solute carrier family 15 member 2 ,3,13,4,20,bin_5,67,539,SLC15A2,1,1.57
TPM4_HUMAN,Q9UCS4,TPM4,Tropomyosin alpha-4 chain,6,4,10,20,bin_5,178,17,TPM4,1,2.08
ANX13_HUMAN,P27216,ANXA13,Annexin A13,4,3,13,20,bin_5,26,36,ANXA13,1,0.79
FCRL3_HUMAN,Q96P29,FCRL3,Fc receptor-like protein 3 ,5,12,3,20,bin_5,186,143,FCRL3,1,0.33
XRP2_HUMAN,O75695,RP2,Protein XRP2,4,5,11,20,bin_5,1029,5,XPR2,0,0.34
S10A1_HUMAN,P23297,S100A1,Protein S100-A1,6,5,9,20,bin_5,537,3,S100A1,1,0.35
IL2RB_HUMAN,P14784,IL2RB,Interleukin-2 receptor subunit beta,5,9,6,20,bin_5,413,1607,IL2RB,1,2.18
LEDLRSKLSV,Q96J66,ABCC11,ATP-binding cassette sub-family C member 11 ,9,6,5,20,bin_5,187,54,ABCC11,1,1.83
MYO5B_HUMAN,Q9ULV0,MYO5B,Unconventional myosin-Vb,5,6,9,20,bin_5,204,7,MYO5B,1,0.89
AP1M1_HUMAN,Q9BXS5,AP1M1,AP-1 complex subunit mu-1,1,6,13,20,bin_5,27,21,AP1M1,1,0.83
TRIB1_HUMAN,Q96RU8,TRIB1,Tribbles homolog 1,5,12,3,20,bin_5,285,174,TNFSF15,0,1.74
AP2A2_HUMAN,O94973,AP2A2,AP-2 complex subunit alpha-2 ,4,4,12,20,bin_5,31,31,AP2A2,1,1.1
MSRE_HUMAN,P21757,MSR1,Macrophage scavenger receptor types I and II,4,11,5,20,bin_5,648,113,MSR1,1,3.18
TRIA1_HUMAN,O43715,TRIAP1,TP53-regulated inhibitor of apoptosis 1,1,14,5,20,bin_5,55,24,BIN1,0,0.26
CAR16_HUMAN,Q5EG05,CARD16,Caspase recruitment domain-containing protein 16,5,10,5,20,bin_5,20,48,CARD16,1,0.22
SH3K1_HUMAN,Q96B97,SH3KBP1,SH3 domain-containing kinase-binding protein 1,2,8,10,20,bin_5,156,4,SH3KBP1,1,0.28
EST1A_HUMAN,Q86US8,SMG6,Telomerase-binding protein EST1A ,7,7,6,20,bin_5,121,0,TERT,0,2.11
DQA2_HUMAN,P01906,HLA-DQA2,"HLA class II histocompatibility antigen, DQ alpha 2 chain",3,6,11,20,bin_5,103,891,HLA-DQA2,1,1.53
LTK_HUMAN,P29376,LTK,Leukocyte tyrosine kinase receptor ,5,12,3,20,bin_5,821,12814,FLT3,0,0.77
STAT4_HUMAN,Q14765,STAT4,Signal transducer and activator of transcription 4,4,10,6,20,bin_5,1973,1367,STAT4,1,1.54
LY96_HUMAN,Q9Y6Y9,LY96,Lymphocyte antigen 96,4,11,5,20,bin_5,619,755,LY96,1,0.5
STAR3_HUMAN,Q14849,STARD3,StAR-related lipid transfer protein 3 ,3,7,10,20,bin_5,155,13,STARD3,1,0.53
KKCC2_HUMAN,Q8WY06,CAMKK2,Calcium/calmodulin-dependent protein kinase kinase 2,7,10,3,20,bin_5,371,17565,CAMK2B,0,1.93
SSXT_HUMAN,Q15532,SS18,Protein SSXT,2,12,6,20,bin_5,457,3,SSXT,0,0.78
SSR3_HUMAN,P32745,SSTR3,Somatostatin receptor type 3,4,11,5,20,bin_5,370,1097,SSTR3,1,1.63
M2OM_HUMAN,Q02978,SLC25A11,Mitochondrial 2-oxoglutarate/malate carrier protein ,8,8,4,20,bin_5,39,13,SLC25A11,1,5.47
SRY_HUMAN,Q05066,SRY,Sex-determining region Y protein ,6,9,5,20,bin_5,5485,1232,Sex-determining region Y protein - SRY,0,0.67
SRSF1_HUMAN,Q07955,SRSF1,Serine/arginine-rich splicing factor 1 ,4,10,6,20,bin_5,557,352,SRSF1,1,0.27
ADCY5_HUMAN,AVQVVGLLLP,ADCY5,Adenylate cyclase type 5,5,12,3,20,bin_5,239,2633,ADCY5,1,0.33
ADCY3_HUMAN,O60266,ADCY3,Adenylate cyclase type 3,4,10,6,20,bin_5,163,3022,ADCY3,1,2.04
DQB2_HUMAN,P05538,HLA-DQB2,"HLA class II histocompatibility antigen, DQ beta 2 chain",3,6,11,20,bin_5,66,1683,HLA-DQB1,0,0.77
SP7_HUMAN,Q8TDD2,SP7,Transcription factor Sp7,6,11,3,20,bin_5,1616,1011,SP7,1,2.33
BUB1_HUMAN,O43683,BUB1,Mitotic checkpoint serine/threonine-protein kinase BUB1,5,8,7,20,bin_5,1369,564,BUB1,1,0.66
BUB1B_HUMAN,Q8WV50,BUB1B,Mitotic checkpoint serine/threonine-protein kinase BUB1 beta,4,6,10,20,bin_5,519,21,BUB1B,1,1.65
THAP1_HUMAN,Q9NVV9,THAP1,THAP domain-containing protein 1,8,6,6,20,bin_5,223,19,THAP1,1,0.92
SPY1_HUMAN,O43609,SPRY1,Protein sprouty homolog 1,0,16,4,20,bin_5,330,34,SPRED1,0,0.9
LLSAEFGKHL,P11277,SPTB,"Spectrin beta chain, erythrocytic",4,3,13,20,bin_5,738,159,SPTB,1,2.83
DSG1_HUMAN,Q02413,DSG1,Desmoglein-1,3,7,10,20,bin_5,838,1236,DSG1,1,1.15
SPRC_HUMAN,P09486,SPARC,SPARC,3,4,13,20,bin_5,3539,3539,SPARC,1,1.27
SPIR2_HUMAN,Q8WWL2,SPIRE2,Protein spire homolog 2,2,13,5,20,bin_5,28,6,SPR2,0,0.48
MAL_HUMAN,P21145,MAL,Myelin and lymphocyte protein,3,10,7,20,bin_5,54090,6578,MAL,1,5.25
SPD2B_HUMAN,A1X283,SH3PXD2B,SH3 and PX domain-containing protein 2B,5,11,4,20,bin_5,55,0,SH3PXN,0,11.14
BTC_HUMAN,P35070,BTC,Betacellulin,4,12,4,20,bin_5,3598,440,BTC,1,0.62
MAPK3_HUMAN,Q16644,MAPKAPK3,MAP kinase-activated protein kinase 3,8,8,4,20,bin_5,122,501,MAPKAPK3,1,1.41
TFAM_HUMAN,Q00059,TFAM,"Transcription factor A, mitochondrial ",8,6,6,20,bin_5,2444,29969,TFAM,1,1.86
DNLI1_HUMAN,P18858,LIG1,DNA ligase 1,5,11,4,20,bin_5,397,10377,LIG1,1,0.73
STK36_HUMAN,Q9NRP7,STK36,Serine/threonine-protein kinase 36,5,9,6,20,bin_5,34,10394,STK36,1,4.03
LSM1_HUMAN,O15116,LSM1,U6 snRNA-associated Sm-like protein LSm1,3,8,9,20,bin_5,219,0,LSM1,1,0.5
KSR1_HUMAN,Q8IVT5,KSR1,Kinase suppressor of Ras 1,7,5,8,20,bin_5,225,211,KSR1,1,1.09
DEAF1_HUMAN,O75513,DEAF1,Deformed epidermal autoregulatory factor 1 homolog,4,10,6,20,bin_5,137,3,DEFA4,0,6.15
TBG2_HUMAN,Q9NRH3,TUBG2,Tubulin gamma-2 chain,3,6,11,20,bin_5,16,9,TUBG2,1,1.2
TBB2B_HUMAN,Q9BVA1,TUBB2B,Tubulin beta-2B chain,5,8,7,20,bin_5,125,5,TUBB2B,1,2.32
KPYR_HUMAN,P30613,PKLR,Pyruvate kinase PKLR,6,10,4,20,bin_5,324,230,PKLR,1,6.03
DGKH_HUMAN,Q86XP1,DGKH,Diacylglycerol kinase eta ,6,8,6,20,bin_5,91,113,DGKH,1,4.22
ZNT3_HUMAN,Q99726,SLC30A3,Probable proton-coupled zinc antiporter SLC30A3 ,3,5,12,20,bin_5,152,0,SLC30A3,1,3.59
DHRS4_HUMAN,Q58IU4,DHRS4,Dehydrogenase/reductase SDR family member 4 ,8,5,7,20,bin_5,43,67,DHCR4,0,1.92
RYINHSCAPN,O14686,KMT2D,Histone-lysine N-methyltransferase 2D,7,10,3,20,bin_5,1131,63,KMT2D,1,0.52
DHX58_HUMAN,Q96C10,DHX58,ATP-dependent RNA helicase DHX58 ,7,12,1,20,bin_5,149,4,DHX58,1,0.64
LMO4_HUMAN,P61968,LMO4,LIM domain transcription factor LMO4,3,14,3,20,bin_5,214,121,LMO4,1,1.77
AGRB3_HUMAN,O60242,ADGRB3,Adhesion G protein-coupled receptor B3 ,2,12,6,20,bin_5,59,7,ADGRB3,1,0.94
ZN830_HUMAN,Q96NB3,ZNF830,Zinc finger protein 830 ,2,13,5,20,bin_5,4,23,ZNF830,1,3.82
SYCP1_HUMAN,Q15431,SYCP1,Synaptonemal complex protein 1 ,2,11,7,20,bin_5,195,626,SYCP1,1,1.16
DCNL3_HUMAN,Q8IWE4,DCUN1D3,DCN1-like protein 3,3,12,5,20,bin_5,8,1,DYNLL1,0,0.29
SUN2_HUMAN,Q9UH99,SUN2,SUN domain-containing protein 2,5,8,7,20,bin_5,227,1332,SUN2,1,1.99
DCLK1_HUMAN,O15075,DCLK1,Serine/threonine-protein kinase DCLK1,4,14,2,20,bin_5,477,311,DCLK1,1,0.32
LRAT_HUMAN,O95237,LRAT,Lecithin retinol acyltransferase ,6,9,5,20,bin_5,462,323,LRAT,1,1.09
DCDC2_HUMAN,Q9UHG0,DCDC2,Doublecortin domain-containing protein 2,1,9,10,20,bin_5,163,41,DCDC2,1,3.49
LRRT1_HUMAN,Q86UE6,LRRTM1,Leucine-rich repeat transmembrane neuronal protein 1,0,11,9,20,bin_5,55,85,LRRTM1,1,8.87
STML2_HUMAN,Q9UJZ1,STOML2,"Stomatin-like protein 2, mitochondrial",3,10,7,20,bin_5,110,44,STOML2,1,3.01
STK38_HUMAN,Q15208,STK38,Serine/threonine-protein kinase 38 ,8,7,5,20,bin_5,97,8874,STK38,1,2.95
DNJC2_HUMAN,Q99543,DNAJC2,"DnaJ homolog subfamily C member 2, N-terminally processed",7,7,6,20,bin_5,45,0,DNAJC2,1,3.85
SCGEARVTFS,Q6B0I6,KDM4D,Lysine-specific demethylase 4D,6,8,6,20,bin_5,102,9,KDM4D,1,1.04
3BHS1_HUMAN,P14060,HSD3B1,3 beta-hydroxysteroid dehydrogenase/Delta 5-->4-isomerase type 1,5,6,9,20,bin_5,567,81,HSD3B1,1,2.15
TNNT2_HUMAN,P45379,TNNT2,"Troponin T, cardiac muscle",5,9,6,20,bin_5,670,3228,TNNT2,1,3.23
SF01_HUMAN,Q969H7,SF1,Splicing factor 1,5,9,6,20,bin_5,2458,13382,SFRS1,0,0.38
SKOR2_HUMAN,Q2VWA4,SKOR2,SKI family transcriptional corepressor 2 ,6,11,3,20,bin_5,29,6,SKI,0,4.67
MEP50_HUMAN,Q9BQA1,WDR77,Methylosome protein WDR77 ,3,10,7,20,bin_5,92,9,WDR77,1,1.02
SIAT1_HUMAN,P15907,ST6GAL1,"Beta-galactoside alpha-2,6-sialyltransferase 1",3,11,6,20,bin_5,399,409,ST6GALNAC1,0,5.66
KALRN_HUMAN,O60229,KALRN,Kalirin ,5,8,7,20,bin_5,201,185,KALRN,1,6.65
CD5R2_HUMAN,Q13319,CDK5R2,Cyclin-dependent kinase 5 activator 2,4,9,7,20,bin_5,28,810,CDK5RAP2,0,5.93
MFF_HUMAN,Q9GZY8,MFF,Mitochondrial fission factor,2,12,6,20,bin_5,1195,4204,MFF,1,1.76
MFHA1_HUMAN,Q9Y4C4,MFHAS1,Malignant fibrous histiocytoma-amplified sequence 1 ,3,16,1,20,bin_5,41,2,MFH1,0,1.55
MIB1_HUMAN,Q86YT6,MIB1,E3 ubiquitin-protein ligase MIB1,3,12,5,20,bin_5,4534,353,MIB1,1,6.31
CGAT1_HUMAN,Q8TDX6,CSGALNACT1,Chondroitin sulfate N-acetylgalactosaminyltransferase 1 ,6,12,2,20,bin_5,53,34,B3GAT1,0,3.3
SF3B3_HUMAN,Q15393,SF3B3,Splicing factor 3B subunit 3,2,8,10,20,bin_5,55,68,SF3B3,1,5.29
SETD5_HUMAN,Q9C0A6,SETD5,Histone-lysine N-methyltransferase SETD5 ,7,7,6,20,bin_5,84,6,SETD5,1,6.37
DAPLE_HUMAN,Q9P219,CCDC88C,Protein Daple,7,9,4,20,bin_5,58,45,DPF2,0,4.05
EPHA5_HUMAN,P54756,EPHA5,Ephrin type-A receptor 5,4,9,7,20,bin_5,254,765,EPHA5,1,2.9
EPHA8_HUMAN,P29322,EPHA8,Ephrin type-A receptor 8,5,11,4,20,bin_5,94,506,EPHA8,1,1.49
TNF10_HUMAN,P50591,TNFSF10,Tumor necrosis factor ligand superfamily member 10,6,11,3,20,bin_5,3805,7780,TNFSF10,1,1.01
K1C16_HUMAN,GFSSSSSFGS,KRT16,"Keratin, type I cytoskeletal 16",1,12,7,20,bin_5,213,39,KRT16,1,3.41
K1C10_HUMAN,P13645,KRT10,"Keratin, type I cytoskeletal 10",2,7,11,20,bin_5,443,78,KRT1,0,0.49
ZBT20_HUMAN,Q9HC78,ZBTB20,Zinc finger and BTB domain-containing protein 20,5,11,4,20,bin_5,205,42,ZBTB20,1,1.23
CDT1_HUMAN,Q9H211,CDT1,DNA replication factor Cdt1,3,13,4,20,bin_5,688,247,CDT1,1,1.34
ERCC8_HUMAN,Q13216,ERCC8,DNA excision repair protein ERCC-8,1,13,6,20,bin_5,180,1,ERCC8,1,2.95
ZBT17_HUMAN,Q13105,ZBTB17,Zinc finger and BTB domain-containing protein 17,8,10,2,20,bin_5,124,23,ZBTB17,1,0.79
SEM3E_HUMAN,O15041,SEMA3E,Semaphorin-3E,3,14,3,20,bin_5,286,101,SEMA3E,1,1.65
SECR_HUMAN,P09683,SCT,Secretin ,4,14,2,20,bin_5,12225,9093,SCT,1,0.56
JMY_HUMAN,Q8N9B5,JMY,Junction-mediating and -regulatory protein,4,8,8,20,bin_5,208,18,JMY,1,1.32
SKP2_HUMAN,Q13309,SKP2,S-phase kinase-associated protein 2,2,13,5,20,bin_5,1737,846,SKA2,0,0.48
SLIB_HUMAN,P01286,GHRH,Somatoliberin,4,12,4,20,bin_5,3771,8139,POMC,0,2.26
TIE1_HUMAN,P35590,TIE1,Tyrosine-protein kinase receptor Tie-1,2,16,2,20,bin_5,541,255,TIE1,1,2.4
SOX30_HUMAN,O94993,SOX30,Transcription factor SOX-30,6,7,7,20,bin_5,63,0,SOX30,1,0.38
MAS_HUMAN,P04201,MAS1,Proto-oncogene Mas,4,14,2,20,bin_5,8546,9734,MAS1,1,0.91
AL3B1_HUMAN,P43353,ALDH3B1,Aldehyde dehydrogenase family 3 member B1,5,8,7,20,bin_5,44,13,ALDH3B1,1,1.32
DYR_HUMAN,P00374,DHFR,Dihydrofolate reductase,7,11,2,20,bin_5,4487,9262,DHFR,1,2.22
AL5AP_HUMAN,P20292,ALOX5AP,Arachidonate 5-lipoxygenase-activating protein,9,6,5,20,bin_5,531,528,ALOX5AP,1,1.78
SOST_HUMAN,Q9BQB4,SOST,Sclerostin ,5,11,4,20,bin_5,1945,2903,SOST,1,0.25
CAC1A_HUMAN,RLPNGYYPAH,CACNA1A,Voltage-dependent P/Q-type calcium channel subunit alpha-1A ,5,7,8,20,bin_5,1102,77,CACNA1A,1,1.19
ALDOB_HUMAN,P05062,ALDOB,Fructose-bisphosphate aldolase B,7,9,4,20,bin_5,186,723,ALDOB,1,1.04
EAF6_HUMAN,Q9HAF1,MEAF6,Chromatin modification-related protein MEAF6,0,12,8,20,bin_5,31,0,MEAF6,1,3.35
CELR2_HUMAN,Q9HCU4,CELSR2,Cadherin EGF LAG seven-pass G-type receptor 2 ,2,15,3,20,bin_5,157,17,CDH4,0,0.3
SNX33_HUMAN,Q8WV41,SNX33,Sorting nexin-33,2,13,5,20,bin_5,18,4,SNX33,1,1.14
CELF4_HUMAN,Q9BZC1,CELF4,CUGBP Elav-like family member 4,4,11,5,20,bin_5,115,26,CELF4,1,0.47
MCM3_HUMAN,P25205,MCM3,DNA replication licensing factor MCM3 ,5,6,9,20,bin_5,429,194,MCM3,1,3.6
SND1_HUMAN,Q7KZF4,SND1,Staphylococcal nuclease domain-containing protein 1,8,5,7,20,bin_5,348,83,SND1,1,0.59
ZDHC5_HUMAN,Q9C0B5,ZDHHC5,Palmitoyltransferase ZDHHC5,2,9,9,20,bin_5,79,14,ZDHHC5,1,0.3
KCNC3_HUMAN,Q14003,KCNC3,Voltage-gated potassium channel KCNC3 ,2,6,12,20,bin_5,104,76,KCNC3,1,1.6
SMCA1_HUMAN,P28370,SMARCA1,Probable global transcription activator SNF2L1,8,6,6,20,bin_5,140,0,SNF2L1,0,1.1
KIKYWHKEIS,Q9NTJ3,SMC4,Structural maintenance of chromosomes protein 4,4,9,7,20,bin_5,192,728,SMC4,1,1.12
EFNB1_HUMAN,P98172,EFNB1,Ephrin-B1 intracellular domain ,1,10,9,20,bin_5,575,41,EFNB1,1,2.67
SMAD9_HUMAN,O15198,SMAD9,Mothers against decapentaplegic homolog 9,5,8,7,20,bin_5,245,2296,SMAD9,1,0.99
KCC4_HUMAN,Q16566,CAMK4,Calcium/calmodulin-dependent protein kinase type IV,5,10,5,20,bin_5,467,554,CAMK4,1,2.47
SLU7_HUMAN,O95391,SLU7,Pre-mRNA-splicing factor SLU7,3,7,10,20,bin_5,63,28,SNU13,0,2.23
TM1L1_HUMAN,O75674,TOM1L1,TOM1-like protein 1,6,6,8,20,bin_5,44,5,TOM1L1,1,0.52
NBR1_HUMAN,Q14596,NBR1,Next to BRCA1 gene 1 protein,3,4,13,20,bin_5,430,359,BRCA2,0,0.55
KRIT1_HUMAN,O00522,KRIT1,Krev interaction trapped protein 1,3,11,6,20,bin_5,486,402,KRIT1,1,0.62
PEX2_HUMAN,P28328,PEX2,Peroxisome biogenesis factor 2 ,3,13,4,20,bin_5,137,91,PEX2,1,2.02
VPS16_HUMAN,Q9H269,VPS16,Vacuolar protein sorting-associated protein 16 homolog,1,7,12,20,bin_5,91,1,VPS16,1,0.33
CRIPT_HUMAN,Q9P021,CRIPT,Cysteine-rich PDZ-binding protein,4,7,9,20,bin_5,80,20,MPP5,0,2.03
GPX4_HUMAN,P36969,GPX4,Phospholipid hydroperoxide glutathione peroxidase GPX4 ,4,11,5,20,bin_5,5390,1593,GPX4,1,0.35
PTBP1_HUMAN,P26599,PTBP1,Polypyrimidine tract-binding protein 1,4,11,5,20,bin_5,608,718,PTBP1,1,1.95
ARP8_HUMAN,Q9H981,ACTR8,Actin-related protein 8,1,15,4,20,bin_5,14,278,ACTR8,1,0.54
GBRA1_HUMAN,P14867,GABRA1,Gamma-aminobutyric acid receptor subunit alpha-1,3,5,12,20,bin_5,576,988,GABRA1,1,2.33
GBRA6_HUMAN,Q16445,GABRA6,Gamma-aminobutyric acid receptor subunit alpha-6 ,4,6,10,20,bin_5,141,189,GABRA6,1,2.09
PGRC1_HUMAN,O00264,PGRMC1,Membrane-associated progesterone receptor component 1,5,3,12,20,bin_5,462,39,PGRMC1,1,1.5
NNTM_HUMAN,Q13423,NNT,"NAD(P) transhydrogenase, mitochondrial",4,12,4,20,bin_5,3996,321,SLC2A1,0,1.21
CCL26_HUMAN,Q9Y258,CCL26,C-C motif chemokine 26,5,14,1,20,bin_5,550,0,CCL26,1,0.46
GPD1L_HUMAN,Q8N335,GPD1L,Glycerol-3-phosphate dehydrogenase 1-like protein,5,12,3,20,bin_5,77,24,GPD1L,1,0.26
UBX2A_HUMAN,P68543,UBXN2A,UBX domain-containing protein 2A ,2,10,8,20,bin_5,16,0,UBXN2A,1,1.39
NOC2L_HUMAN,Q9Y3T9,NOC2L,Nucleolar complex protein 2 homolog,6,7,7,20,bin_5,25,47,NOLC1,0,0.88
CREM_HUMAN,Q8IVD4,CREM,cAMP-responsive element modulator ,7,9,4,20,bin_5,1121,914,CREM,1,0.44
OTU7B_HUMAN,Q6GQQ9,OTUD7B,OTU domain-containing protein 7B,6,11,3,20,bin_5,82,10,OTUD7B,1,0.3
PIDD1_HUMAN,Q9HB75,PIDD1,PIDD-CC ,2,11,7,20,bin_5,120,7,PIDD1,1,0.29
OTC_HUMAN,P00480,OTC,"Ornithine transcarbamylase, mitochondrial ",5,12,3,20,bin_5,6948,503,OTC,1,2.51
NPHP1_HUMAN,O15259,NPHP1,Nephrocystin-1,1,9,10,20,bin_5,280,37,NPHS1,0,0.45
UB2D1_HUMAN,P51668,UBE2D1,Ubiquitin-conjugating enzyme E2 D1,5,9,6,20,bin_5,141,45,UBE2D1,1,3.91
GDF3_HUMAN,Q9NR23,GDF3,Growth/differentiation factor 3,3,15,2,20,bin_5,281,82,GDF3,1,1.79
BAG2_HUMAN,O95816,BAG2,BAG family molecular chaperone regulator 2,7,8,5,20,bin_5,273,79,BAG2,1,0.67
OSBL8_HUMAN,Q9BZF1,OSBPL8,Oxysterol-binding protein-related protein 8,5,9,6,20,bin_5,19,27,OSBPL8,1,2.62
ACER2_HUMAN,Q5QJU3,ACER2,Alkaline ceramidase 2 ,4,14,2,20,bin_5,62,99,ASAH2,0,1.85
VP13B_HUMAN,Q9NWV1,VPS13B,Intermembrane lipid transfer protein VPS13B ,1,11,8,20,bin_5,148,1,VPS13B,1,0.29
ATG12_HUMAN,O94817,ATG12,Ubiquitin-like protein ATG12 ,0,10,10,20,bin_5,1231,375,ATG12,1,0.98
GRHL1_HUMAN,Q9NZI5,GRHL1,Grainyhead-like protein 1 homolog ,10,6,4,20,bin_5,70,7,TFCP2L3,0,2.1
RAB1B_HUMAN,Q9H0U4,RAB1B,Ras-related protein Rab-1B,3,7,10,20,bin_5,153,6,RAB1B,1,0.32
ARL8A_HUMAN,Q96BM9,ARL8A,ADP-ribosylation factor-like protein 8A,4,4,12,20,bin_5,8,0,ARL8A,1,3.46
UCP3_HUMAN,P55916,UCP3,Putative mitochondrial transporter UCP3 ,2,16,2,20,bin_5,1475,45,UCP3,1,0.8
ATX1_HUMAN,P54253,ATXN1,Ataxin-1,4,9,7,20,bin_5,722,707,ATXN1,1,2.13
RAB12_HUMAN,Q6IQ22,RAB12,Ras-related protein Rab-12,3,7,10,20,bin_5,63,0,RAB12,1,0.27
NINJ1_HUMAN,Q92982,NINJ1,Secreted ninjurin-1 ,3,14,3,20,bin_5,151,39,NINJ1,1,0.27
NISCH_HUMAN,Q9Y2I1,NISCH,Nischarin,5,5,10,20,bin_5,167,83,NISCH,1,1.76
CRP_HUMAN,P02741,CRP,C-reactive protein(1-205),6,12,2,20,bin_5,72780,15,CRTAP,0,0.85
NKX32_HUMAN,P78367,NKX3-2,Homeobox protein Nkx-3.2,4,14,2,20,bin_5,130,3,NKX3-2,1,0.55
PGWPGAPGVP,P02462,COL4A1,Arresten,3,12,5,20,bin_5,885,40,ARHGEF10,0,0.37
TWSG1_HUMAN,Q9GZX9,TWSG1,Twisted gastrulation protein homolog 1,2,17,1,20,bin_5,61,12,TWSG1,1,0.48
P3H1_HUMAN,Q32P28,P3H1,Prolyl 3-hydroxylase 1 ,3,10,7,20,bin_5,120,97,P3H1,1,1.59
CP2S1_HUMAN,Q96SQ9,CYP2S1,Cytochrome P450 2S1 ,10,6,4,20,bin_5,95,54,CYP2S1,1,2.24
P2RY6_HUMAN,Q15077,P2RY6,P2Y purinoceptor 6,4,13,3,20,bin_5,41,2038,P2RY6,1,0.76
CP2W1_HUMAN,Q8TAV3,CYP2W1,Cytochrome P450 2W1 ,8,6,6,20,bin_5,72,68,CYP2W1,1,0.49
GRAP1_HUMAN,Q9ULQ3,GRIPAP1,GRASP-1 C-terminal chain ,3,5,12,20,bin_5,14,0,GRASP1,0,0.77
HXB3_HUMAN,P14651,HOXB3,Homeobox protein Hox-B3,3,14,3,20,bin_5,176,13,HOXB3,1,4.8
CP3A7_HUMAN,P24462,CYP3A7,Cytochrome P450 3A7 ,11,8,1,20,bin_5,399,110,CYP3A7,1,0.95
CCNE1_HUMAN,P24864,CCNE1,G1/S-specific cyclin-E1,3,11,6,20,bin_5,1156,5,CCNE1,1,1.98
PRS7_HUMAN,P35998,PSMC2,26S proteasome regulatory subunit 7,3,4,13,20,bin_5,77,84,PSMD7,0,3.54
HSP76_HUMAN,P17066,HSPA6,Heat shock 70 kDa protein 6,7,4,9,20,bin_5,203,6732,HSP70-6,0,0.32
DILKIHAGPI,P62333,PSMC6,26S proteasome regulatory subunit 10B,5,5,10,20,bin_5,41,0,PSMD10,0,0.43
PLS3_HUMAN,Q9NRY6,PLSCR3,Phospholipid scramblase 3,7,8,5,20,bin_5,35,1235,PLCD3,0,1.36
UBE2A_HUMAN,P49459,UBE2A,Ubiquitin-conjugating enzyme E2 A ,5,11,4,20,bin_5,126,4901,UBE2A,1,0.78
TAPACPGKVH,Q00G26,PLIN5,Perilipin-5,2,13,5,20,bin_5,238,170,PLIN5,1,1.28
PLK4_HUMAN,O00444,PLK4,Serine/threonine-protein kinase PLK4 ,4,6,10,20,bin_5,529,357,PLK4,1,2.73
PPM1D_HUMAN,O15297,PPM1D,Protein phosphatase 1D,5,11,4,20,bin_5,532,301,PPP1D,0,3.62
OLIG2_HUMAN,Q13516,OLIG2,Oligodendrocyte transcription factor 2,6,11,3,20,bin_5,1853,770,OLIG2,1,4.28
ABCD4_HUMAN,O14678,ABCD4,Lysosomal cobalamin transporter ABCD4 ,6,8,6,20,bin_5,71,16,ABCD4,1,1.85
OFD1_HUMAN,O75665,OFD1,Centriole and centriolar satellite protein OFD1 ,4,5,11,20,bin_5,232,17,OFD1,1,0.92
NUBP1_HUMAN,P53384,NUBP1,Cytosolic Fe-S cluster assembly factor NUBP1 ,7,7,6,20,bin_5,38,3,SLFN5,0,3.0
GLE1_HUMAN,Q53GS7,GLE1,mRNA export factor GLE1 ,4,4,12,20,bin_5,111,37,GLE1,1,2.04
PLPP_HUMAN,Q96GD0,PDXP,Chronophin ,6,8,6,20,bin_5,38,34,PPM1G,0,0.42
NUCG_HUMAN,Q14249,ENDOG,"Endonuclease G, mitochondrial",6,11,3,20,bin_5,325,398,ENDOG,1,0.77
HINT1_HUMAN,P49773,HINT1,Adenosine 5'-monophosphoramidase HINT1 ,5,7,8,20,bin_5,273,0,HINT1,1,5.95
PLXB2_HUMAN,O15031,PLXNB2,Plexin-B2,1,15,4,20,bin_5,106,97,PLXNB2,1,0.28
HMR1_HUMAN,Q9TQB3,MR1,Major histocompatibility complex class I-related gene protein,3,8,9,20,bin_5,2170,637,MICA,0,0.29
NUDT5_HUMAN,Q9UKK9,NUDT5,ADP-sugar pyrophosphatase,9,8,3,20,bin_5,71,10,NUDT,0,5.26
GLMN_HUMAN,Q92990,GLMN,Glomulin,4,11,5,20,bin_5,64,44,GLMN,1,0.56
PON1_HUMAN,P27169,PON1,Serum paraoxonase/arylesterase 1 ,6,7,7,20,bin_5,3720,99,PON1,1,0.6
COL11_HUMAN,B4E1G0,COLEC11,Collectin-11,7,8,5,20,bin_5,80,72,COLEC11,1,0.38
PLXB3_HUMAN,Q9ULL4,PLXNB3,Plexin-B3,4,13,3,20,bin_5,38,33,PLXNB3,1,2.59
GLR_HUMAN,P47871,GCGR,Glucagon receptor,3,14,3,20,bin_5,460,18098,GCGR,1,0.29
PO4F3_HUMAN,Q15319,POU4F3,"POU domain, class 4, transcription factor 3",5,11,4,20,bin_5,195,138,POU4F3,1,0.25
NT5C_HUMAN,Q8TCD5,NT5C,"5'(3')-deoxyribonucleotidase, cytosolic type",6,10,4,20,bin_5,19,2,NT5C1A,0,1.18
AT2B3_HUMAN,Q16720,ATP2B3,Plasma membrane calcium-transporting ATPase 3,8,4,8,20,bin_5,125,2822,ATP2B3,1,0.39
B2CL2_HUMAN,Q92843,BCL2L2,Bcl-2-like protein 2,4,14,2,20,bin_5,306,2374,BCL2L2,1,0.89
UBQL4_HUMAN,Q9NRR5,UBQLN4,Ubiquilin-4 ,3,7,10,20,bin_5,49,20,UBQLN4,1,2.15
PRP6_HUMAN,O94906,PRPF6,Pre-mRNA-processing factor 6,4,7,9,20,bin_5,49,85,PRPF6,1,2.36
CBY1_HUMAN,Q9Y3M2,CBY1,Protein chibby homolog 1,3,10,7,20,bin_5,57,3,CHIBBY,0,0.89
PROP1_HUMAN,O75360,PROP1,Homeobox protein prophet of Pit-1,7,10,3,20,bin_5,426,235,PTHR1,0,0.62
CC14A_HUMAN,Q9UNH5,CDC14A,Dual specificity protein phosphatase CDC14A,3,6,11,20,bin_5,105,36,CDC14A,1,0.36
CPLN2_HUMAN,Q9BU20,CPLANE2,Ciliogenesis and planar polarity effector 2 ,2,13,5,20,bin_5,3,12,CEP290,0,2.37
CPLX1_HUMAN,O14810,CPLX1,Complexin-1,3,8,9,20,bin_5,68,67,CPLX1,1,2.66
NR2E3_HUMAN,Q9Y5X4,NR2E3,Photoreceptor-specific nuclear receptor,6,11,3,20,bin_5,294,51,NR2E3,1,0.76
HS71L_HUMAN,P34931,HSPA1L,Heat shock 70 kDa protein 1-like,7,5,8,20,bin_5,141,28,HSPH1,0,0.66
CCG4_HUMAN,Q9UBN1,CACNG4,Voltage-dependent calcium channel gamma-4 subunit,4,7,9,20,bin_5,40,29,CACNG4,1,1.09
ABCA5_HUMAN,Q8WWZ7,ABCA5,Cholesterol transporter ABCA5 ,5,9,6,20,bin_5,61,13,ABCA5,1,0.74
B2L10_HUMAN,Q9HD36,BCL2L10,Bcl-2-like protein 10 ,3,9,8,20,bin_5,76,290,BCL2L10,1,2.29
GOPC_HUMAN,Q9HD26,GOPC,Golgi-associated PDZ and coiled-coil motif-containing protein ,3,6,11,20,bin_5,237,20,GIPC1,0,0.82
PRKX_HUMAN,P51817,PRKX,cAMP-dependent protein kinase catalytic subunit PRKX,3,14,3,20,bin_5,74,14,PRKX,1,2.26
UB2V1_HUMAN,Q9H4J3,UBE2V1,Ubiquitin-conjugating enzyme E2 variant 1,0,11,9,20,bin_5,92,107,UBE2V1,1,0.49
NRG3_HUMAN,P56975,NRG3,Neuregulin-3,5,11,4,20,bin_5,165,58,NRG3,1,1.42
OPN4_HUMAN,Q9UHM6,OPN4,Melanopsin,2,11,7,20,bin_5,201,1348,OPN3,0,0.42
PRDX4_HUMAN,Q13162,PRDX4,Peroxiredoxin-4,4,9,7,20,bin_5,249,4522,PRDX4,1,0.72
PLCB3_HUMAN,Q01970,PLCB3,"1-phosphatidylinositol 4,5-bisphosphate phosphodiesterase beta-3 ",7,7,6,20,bin_5,158,93,INPP5B,0,1.21
VATB2_HUMAN,P21281,ATP6V1B2,"V-type proton ATPase subunit B, brain isoform",3,5,12,20,bin_5,76,4,ATP6V1B2,1,5.47
CRX_HUMAN,O43186,CRX,Cone-rod homeobox protein,10,7,3,20,bin_5,810,296,Crx,0,3.51
PO2F3_HUMAN,Q9UKI9,POU2F3,"POU domain, class 2, transcription factor 3",6,6,8,20,bin_5,210,28,POU3F3,0,6.59
HYYGWNVRYD,P29374,ARID4A,AT-rich interactive domain-containing protein 4A,2,13,5,20,bin_5,372,1,ARID4A,1,3.71
CD11B_HUMAN,Q9UP58,CDK11B,Cyclin-dependent kinase 11B,6,11,3,20,bin_5,25,12,CDK11B,1,3.44
RFPL1_HUMAN,O75677,RFPL1,Ret finger protein-like 1,4,13,3,20,bin_5,7,10,RFTN1,0,4.69
I27RA_HUMAN,Q6UWB1,IL27RA,Interleukin-27 receptor subunit alpha,3,14,3,20,bin_5,229,28,IL27RA,1,1.94
ATP4A_HUMAN,P20648,ATP4A,Potassium-transporting ATPase alpha chain 1,6,10,4,20,bin_5,100,7,ATP1A1,0,0.93
NFIL3_HUMAN,Q16649,NFIL3,Nuclear factor interleukin-3-regulated protein,6,11,3,20,bin_5,380,31,NFIL3,1,0.48
NFE2_HUMAN,Q16621,NFE2,Transcription factor NF-E2 45 kDa subunit,8,5,7,20,bin_5,1008,7,NFKBIE,0,2.6
PCID2_HUMAN,Q9NW44,PCID2,PCI domain-containing protein 2,2,14,4,20,bin_5,27,21,PCID2,1,0.46
VPS72_HUMAN,Q15906,VPS72,Vacuolar protein sorting-associated protein 72 homolog,4,10,6,20,bin_5,20,2,VPS72,1,0.81
ARGI1_HUMAN,P05089,ARG1,Arginase-1,2,11,7,20,bin_5,3813,2397,ARG1,1,1.67
AAK1_HUMAN,Q2M2I8,AAK1,AP2-associated protein kinase 1,5,7,8,20,bin_5,151,19,AAPK1,0,0.66
RFIP5_HUMAN,Q9BXF6,RAB11FIP5,Rab11 family-interacting protein 5 ,2,5,13,20,bin_5,34,18,RINL,0,1.55
FUMH_HUMAN,P07954,FH,"Fumarate hydratase, mitochondrial ",2,10,8,20,bin_5,19178,361,FH,1,0.22
PADI2_HUMAN,Q9Y2J8,PADI2,Protein-arginine deiminase type-2,6,7,7,20,bin_5,216,172,PADI2,1,1.12
RFC1_HUMAN,P35251,RFC1,Replication factor C subunit 1,10,5,5,20,bin_5,659,668,RFC1,1,2.38
PCLO_HUMAN,Q9Y6V0,PCLO,Protein piccolo,4,8,8,20,bin_5,200,853,PCLO,1,1.78
FOXA3_HUMAN,P55318,FOXA3,Hepatocyte nuclear factor 3-gamma,6,10,4,20,bin_5,270,187,FOXA2,0,0.96
PDE4A_HUMAN,Q9H3H2,PDE4A,"3',5'-cyclic-AMP phosphodiesterase 4A ",4,8,8,20,bin_5,359,105,PDE4A,1,0.56
WASF3_HUMAN,Q9UPY6,WASF3,Actin-binding protein WASF3 ,3,10,7,20,bin_5,93,67,WASF3,1,0.96
NEUR3_HUMAN,Q9UQ49,NEU3,Sialidase-3,5,6,9,20,bin_5,239,10,PMM2L1,0,0.8
PADI4_HUMAN,Q9UM07,PADI4,Protein-arginine deiminase type-4,8,8,4,20,bin_5,625,680,PADI4,1,0.53
RB6I2_HUMAN,Q8NAS1,ERC1,ELKS/Rab6-interacting/CAST family member 1,4,8,8,20,bin_5,123,4,ELKS,0,3.36
NEK7_HUMAN,Q8TDX7,NEK7,Serine/threonine-protein kinase Nek7 ,5,8,7,20,bin_5,287,159,NEK7,1,1.24
GUC2D_HUMAN,Q02846,GUCY2D,Retinal guanylyl cyclase 1,9,5,6,20,bin_5,213,575,RETGC1,0,2.62
IEX1_HUMAN,P46695,IER3,Radiation-inducible immediate-early gene IEX-1,0,16,4,20,bin_5,267,2,IER3,1,2.7
I12R1_HUMAN,P42701,IL12RB1,Interleukin-12 receptor subunit beta-1,2,13,5,20,bin_5,365,87,IL12B,0,0.3
USH1G_HUMAN,Q495M9,USH1G,pre-mRNA splicing regulator USH1G ,2,7,11,20,bin_5,84,3,USH1G,1,0.73
IF2B2_HUMAN,Q9Y6M1,IGF2BP2,Insulin-like growth factor 2 mRNA-binding protein 2,6,8,6,20,bin_5,823,618,IGF2BP2,1,2.19
RAB31_HUMAN,Q13636,RAB31,Ras-related protein Rab-31,3,7,10,20,bin_5,121,6,RAB31,1,2.03
HYOU1_HUMAN,Q9Y4L1,HYOU1,Hypoxia up-regulated protein 1,5,6,9,20,bin_5,106,2135,HPSE,0,2.93
PBIP1_HUMAN,Q96AQ6,PBXIP1,Pre-B-cell leukemia transcription factor-interacting protein 1,3,10,7,20,bin_5,42,10,PICALM,0,0.92
RGS9_HUMAN,O75916,RGS9,Regulator of G-protein signaling 9,2,12,6,20,bin_5,242,133,RGS9,1,3.44
TTYH1_HUMAN,Q8WUU2,TTYH1,Protein tweety homolog 1,5,8,7,20,bin_5,45,15,TWHL1,0,0.4
PA24E_HUMAN,Q3MJ16,PLA2G4E,Cytosolic phospholipase A2 epsilon ,12,4,4,20,bin_5,34,995,PLA2G6,0,0.61
RAB3B_HUMAN,P20337,RAB3B,Ras-related protein Rab-3B,4,6,10,20,bin_5,122,3,RAB3B,1,0.34
ULK2_HUMAN,Q8IYT8,ULK2,Serine/threonine-protein kinase ULK2,3,11,6,20,bin_5,189,119,ULK2,1,0.34
VPS28_HUMAN,Q9UK41,VPS28,Vacuolar protein sorting-associated protein 28 homolog,2,9,9,20,bin_5,96,0,VPS28,1,2.73
PELO_HUMAN,Q9BRX2,PELO,Protein pelota homolog ,3,14,3,20,bin_5,2234,26,PES1,0,1.0
TRRAP_HUMAN,Q9Y4A5,TRRAP,Transformation/transcription domain-associated protein,1,11,8,20,bin_5,233,115,TTDNAP3,0,0.87
CNOT9_HUMAN,Q92600,CNOT9,CCR4-NOT transcription complex subunit 9 ,5,8,7,20,bin_5,21,19,CNOT9,1,3.03
DLDSLPEKLA,O75143,ATG13,Autophagy-related protein 13,3,9,8,20,bin_5,468,1733,ATG13,1,2.45
FOXN1_HUMAN,O15353,FOXN1,Forkhead box protein N1,3,15,2,20,bin_5,555,95,FOCN1,0,4.7
CNOT2_HUMAN,Q9NZN8,CNOT2,CCR4-NOT transcription complex subunit 2,2,9,9,20,bin_5,61,60,CNOT2,1,0.53
PAK6_HUMAN,Q9NQU5,PAK6,Serine/threonine-protein kinase PAK 6,4,10,6,20,bin_5,136,253,PAK6,1,1.79
NFS1_HUMAN,Q9Y697,NFS1,Cysteine desulfurase ,5,6,9,20,bin_5,193,456,NFS1,1,1.97
BGAL_HUMAN,P16278,GLB1,Beta-galactosidase,3,7,10,20,bin_5,358,37354,MCM6,0,3.77
GPM6A_HUMAN,P51674,GPM6A,Neuronal membrane glycoprotein M6-a,1,9,11,21,bin_5,128,1,M6A,0,0.89
H10_HUMAN,P07305,H1-0,"Histone H1.0, N-terminally processed",7,5,9,21,bin_5,331,0,HIST1H1C,0,1.51
ATF7_HUMAN,P17544,ATF7,Cyclic AMP-dependent transcription factor ATF-7,11,4,6,21,bin_5,82,0,ATF7,1,0.47
PTPRM_HUMAN,P28827,PTPRM,Receptor-type tyrosine-protein phosphatase mu,5,10,6,21,bin_5,89,1,PTPRM,1,0.81
ATF1_HUMAN,P18846,ATF1,Cyclic AMP-dependent transcription factor ATF-1,7,8,6,21,bin_5,1111,33,ATF1,1,1.44
GNPAT_HUMAN,O15228,GNPAT,Dihydroxyacetone phosphate acyltransferase ,2,13,6,21,bin_5,79,251,DPYSL2,0,2.9
PLPP6_HUMAN,Q8IY26,PLPP6,Polyisoprenoid diphosphate/phosphate phosphohydrolase PLPP6 ,7,9,5,21,bin_5,2,0,PLPP6,1,1.09
ARPC2_HUMAN,O15144,ARPC2,Actin-related protein 2/3 complex subunit 2,2,6,13,21,bin_5,97,345,ARPC2,1,0.27
GBB3_HUMAN,P16520,GNB3,Guanine nucleotide-binding protein G(I)/G(S)/G(T) subunit beta-3,4,10,7,21,bin_5,533,0,GNB3,1,0.54
GP1BA_HUMAN,P07359,GP1BA,Glycocalicin,1,12,8,21,bin_5,148,300,AQP1,0,3.52
ARNT2_HUMAN,Q9HBZ2,ARNT2,Aryl hydrocarbon receptor nuclear translocator 2,7,8,6,21,bin_5,181,1012,ARNT2,1,3.02
PEN2_HUMAN,Q9NZ42,PSENEN,Gamma-secretase subunit PEN-2,2,9,10,21,bin_5,158,66,PEN2,0,0.37
PRDM5_HUMAN,Q9NQX1,PRDM5,PR domain zinc finger protein 5,9,8,4,21,bin_5,90,96,PRDM5,1,1.71
GRB10_HUMAN,Q92907,GRB10,Growth factor receptor-bound protein 10,3,14,4,21,bin_5,483,308,GRB10,1,1.95
PLGF_HUMAN,P49763,PGF,Placenta growth factor,4,14,3,21,bin_5,7853,8820,PGF,1,0.52
ULK3_HUMAN,Q6PHR2,ULK3,Serine/threonine-protein kinase ULK3,3,12,6,21,bin_5,64,28,ULK3,1,0.84
PAXI1_HUMAN,Q6ZW49,PAXIP1,PAX-interacting protein 1,0,15,6,21,bin_5,110,7,PAXIP1,1,0.95
PTN23_HUMAN,Q9H3S7,PTPN23,Tyrosine-protein phosphatase non-receptor type 23,2,10,9,21,bin_5,64,645,PTPN23,1,3.95
CP3A5_HUMAN,P20815,CYP3A5,Cytochrome P450 3A5 ,9,10,2,21,bin_5,13256,12430,CYP3A5,1,0.52
ARSB_HUMAN,P15848,ARSB,Arylsulfatase B,3,10,8,21,bin_5,1026,614,ARSB,1,1.22
UN13C_HUMAN,Q8NB66,UNC13C,Protein unc-13 homolog C,5,7,9,21,bin_5,39,15,UNC13C,1,0.68
PHEX_HUMAN,P78562,PHEX,Phosphate-regulating neutral endopeptidase PHEX,2,15,4,21,bin_5,845,415,PHEX,1,1.97
CCND3_HUMAN,P30281,CCND3,G1/S-specific cyclin-D3 ,4,9,8,21,bin_5,887,5,CCND3,1,3.65
PLSI_HUMAN,Q14651,PLS1,Plastin-1,3,9,9,21,bin_5,364,17,LCP1,0,2.05
PLXA3_HUMAN,P51805,PLXNA3,Plexin-A3,1,18,2,21,bin_5,85,35,PLXNA3,1,1.41
ACADV_HUMAN,P49748,ACADVL,"Very long-chain specific acyl-CoA dehydrogenase, mitochondrial ",6,8,7,21,bin_5,450,214,ACADVL,1,0.68
GDIB_HUMAN,P50395,GDI2,Rab GDP dissociation inhibitor beta,4,6,11,21,bin_5,80,65,RABGAP1,0,9.34
GROA_HUMAN,P09341,CXCL1,GRO-alpha(6-73),5,12,4,21,bin_5,6692,1,CXCL1,1,4.93
PPA5_HUMAN,P13686,ACP5,Tartrate-resistant acid phosphatase type 5,3,15,3,21,bin_5,979,7304,ACP5,1,3.58
GLHA_HUMAN,P01215,CGA,Glycoprotein hormones alpha chain,2,14,5,21,bin_5,6778,1833,GPHA2,0,2.17
UBE2S_HUMAN,Q16763,UBE2S,Ubiquitin-conjugating enzyme E2 S,4,13,4,21,bin_5,131,3821,UBE2S,1,1.27
PSA6_HUMAN,P60900,PSMA6,Proteasome subunit alpha type-6,4,4,13,21,bin_5,100,29,PSMA6,1,3.73
CP250_HUMAN,Q9BV73,CEP250,Centrosome-associated protein CEP250,1,11,9,21,bin_5,58,6,CEP250,1,2.23
GCYB1_HUMAN,Q02153,GUCY1B1,Guanylate cyclase soluble subunit beta-1 ,9,8,4,21,bin_5,24,111,GUCY2B,0,6.77
PITX3_HUMAN,O75364,PITX3,Pituitary homeobox 3,3,16,2,21,bin_5,536,304,PTHLH,0,1.88
PDK2_HUMAN,Q15119,PDK2,"[Pyruvate dehydrogenase (acetyl-transferring)] kinase isozyme 2, mitochondrial",4,12,5,21,bin_5,272,34,PDHK2,0,1.76
PDE9A_HUMAN,Q86WN8,PDE9A,"High affinity cGMP-specific 3',5'-cyclic phosphodiesterase 9A ",5,7,9,21,bin_5,150,3,PDE9A,1,3.32
PIWL1_HUMAN,Q96J94,PIWIL1,Piwi-like protein 1,7,9,5,21,bin_5,381,77,PIWIL1,1,1.6
UBP14_HUMAN,P54578,USP14,Ubiquitin carboxyl-terminal hydrolase 14,6,7,8,21,bin_5,391,608,UTP14A,0,2.64
PDCL3_HUMAN,Q9H2J4,PDCL3,Phosducin-like protein 3,2,12,7,21,bin_5,30,32,PDLIM3,0,3.32
ATN1_HUMAN,P54259,ATN1,Atrophin-1,3,12,6,21,bin_5,107,237,ATN1,1,1.57
GLRA2_HUMAN,P23416,GLRA2,Glycine receptor subunit alpha-2 ,7,6,8,21,bin_5,91,75,GLRA2,1,0.99
PLAP_HUMAN,Q9Y263,PLAA,Phospholipase A-2-activating protein,2,15,4,21,bin_5,351,8,PLAA,1,2.42
GBRR1_HUMAN,P24046,GABRR1,Gamma-aminobutyric acid receptor subunit rho-1 ,7,4,10,21,bin_5,53,71,GABRR1,1,1.02
PDCD4_HUMAN,Q53EL6,PDCD4,Programmed cell death protein 4,1,19,1,21,bin_5,1197,49859,PDCD4,1,0.86
CPNE3_HUMAN,O75131,CPNE3,Copine-3 ,6,4,11,21,bin_5,25,8,CPN3,0,0.49
GPC5B_HUMAN,Q9NZH0,GPRC5B,G-protein coupled receptor family C group 5 member B,4,7,10,21,bin_5,76,0,GPRC5B,1,3.53
ATOH7_HUMAN,Q8N100,ATOH7,Transcription factor ATOH7 ,6,11,4,21,bin_5,225,174,ATOH7,1,2.8
PCSK6_HUMAN,Q9Y4G9,PCSK6,Proprotein convertase subtilisin/kexin type 6,4,9,8,21,bin_5,236,1070,PCSK6,1,0.86
GBRG3_HUMAN,Q99928,GABRG3,Gamma-aminobutyric acid receptor subunit gamma-3 ,3,6,12,21,bin_5,82,63,GABRG3,1,3.82
PPIE_HUMAN,Q9UIZ5,PPIE,Peptidyl-prolyl cis-trans isomerase E,5,5,11,21,bin_5,198,1181,PPIE,1,4.99
CR3L3_HUMAN,Q68CJ9,CREB3L3,Processed cyclic AMP-responsive element-binding protein 3-like protein 3,8,5,8,21,bin_5,134,6,CREB3L3,1,0.84
GLIS2_HUMAN,Q9BZE0,GLIS2,Zinc finger protein GLIS2,6,10,5,21,bin_5,130,31,GLIS2,1,0.4
PTPRN_HUMAN,Q16849,PTPRN,ICA512-cleaved cytosolic fragment,3,8,10,21,bin_5,391,6931,INS,0,0.58
SMG1_HUMAN,Q96Q15,SMG1,Serine/threonine-protein kinase SMG1,8,8,5,21,bin_5,227,107,SMG1,1,0.35
SIA4A_HUMAN,Q11201,ST3GAL1,"CMP-N-acetylneuraminate-beta-galactosamide-alpha-2,3-sialyltransferase 1",3,12,6,21,bin_5,208,0,ST3GAL1,1,0.76
SIA4B_HUMAN,Q16842,ST3GAL2,"CMP-N-acetylneuraminate-beta-galactosamide-alpha-2,3-sialyltransferase 2",4,13,4,21,bin_5,42,1,ST3GAL2,1,1.92
SIA4C_HUMAN,Q11206,ST3GAL4,"CMP-N-acetylneuraminate-beta-galactosamide-alpha-2,3-sialyltransferase 4",4,13,4,21,bin_5,110,0,ST3GAL4,1,1.12
SIR3_HUMAN,Q9NTG7,SIRT3,"NAD-dependent protein deacetylase sirtuin-3, mitochondrial",7,9,5,21,bin_5,3209,229,SIRT3,1,4.4
SL9B2_HUMAN,Q86UD5,SLC9B2,Sodium/hydrogen exchanger 9B2,3,9,9,21,bin_5,22,0,SLC9A9,0,0.84
SLX4_HUMAN,Q8IY92,SLX4,Structure-specific endonuclease subunit SLX4,3,12,6,21,bin_5,307,14,SLX4,1,5.39
ADA2C_HUMAN,P18825,ADRA2C,Alpha-2C adrenergic receptor,5,13,3,21,bin_5,244,11148,ADRA2C,1,8.02
E41L3_HUMAN,Q9Y2J2,EPB41L3,"Band 4.1-like protein 3, N-terminally processed",3,11,7,21,bin_5,171,0,BSN,0,1.94
SNAA_HUMAN,P54920,NAPA,Alpha-soluble NSF attachment protein,4,10,7,21,bin_5,1724,57,NSF,0,1.65
SNAT_HUMAN,Q16613,AANAT,Serotonin N-acetyltransferase,3,15,3,21,bin_5,635,1107,HNMT,0,0.53
EEA1_HUMAN,Q15075,EEA1,Early endosome antigen 1,5,6,10,21,bin_5,786,480,EEA1,1,1.39
CELR1_HUMAN,GYVCECGPSH,CELSR1,Cadherin EGF LAG seven-pass G-type receptor 1,2,16,3,21,bin_5,203,23,CDH1,0,2.37
SHRPN_HUMAN,Q9H0F6,SHARPIN,Sharpin ,7,10,4,21,bin_5,277,277,SHARPIN,1,1.24
CYFP2_HUMAN,Q96F07,CYFIP2,Cytoplasmic FMR1-interacting protein 2,1,11,9,21,bin_5,125,40,CYFIP2,1,2.71
SH3G2_HUMAN,Q99962,SH3GL2,Endophilin-A1,2,10,9,21,bin_5,143,73,SH3GL2,1,2.78
SH2B2_HUMAN,O14492,SH2B2,SH2B adapter protein 2,4,11,6,21,bin_5,61,69,SH2B2,1,1.47
TMIG1_HUMAN,Q6UXZ0,TMIGD1,Transmembrane and immunoglobulin domain-containing protein 1,2,13,6,21,bin_5,24,133,TMIGD1,1,5.39
ENPP2_HUMAN,Q9UCR2,ENPP2,Autotaxin ,9,10,2,21,bin_5,239,1088,NTS,0,1.78
ENTP1_HUMAN,Q9UQQ9,ENTPD1,Ectonucleoside triphosphate diphosphohydrolase 1 ,13,4,4,21,bin_5,395,936,ENTPD1,1,2.59
TNF14_HUMAN,O43557,TNFSF14,"Tumor necrosis factor ligand superfamily member 14, soluble form",5,13,3,21,bin_5,503,5,TNFSF14,1,0.46
SEM6A_HUMAN,LTFEQDIERG,SEMA6A,Semaphorin-6A,2,16,3,21,bin_5,140,47,SEMA6A,1,3.39
TNFB_HUMAN,P01374,LTA,Lymphotoxin-alpha,3,16,2,21,bin_5,4608,3927,LTA,1,0.35
ERR1_HUMAN,P11474,ESRRA,Steroid hormone receptor ERR1,10,4,7,21,bin_5,129,4,ESR1,0,0.19
TNIP2_HUMAN,Q8NFZ5,TNIP2,TNFAIP3-interacting protein 2,4,15,2,21,bin_5,99,27,TNIP2,1,1.27
SCNAA_HUMAN,Q9Y5Y9,SCN10A,Sodium channel protein type 10 subunit alpha,3,11,7,21,bin_5,612,684,SCN10A,1,0.53
ETS2_HUMAN,P15036,ETS2,Protein C-ets-2,9,7,5,21,bin_5,866,402,ETS2,1,1.32
EXOC8_HUMAN,Q8IYI6,EXOC8,Exocyst complex component 8,2,11,8,21,bin_5,30,56,EXOC8,1,2.39
CDN2D_HUMAN,P55273,CDKN2D,Cyclin-dependent kinase 4 inhibitor D,2,14,5,21,bin_5,203,775,CDKN2D,1,3.31
SOCS5_HUMAN,O75159,SOCS5,Suppressor of cytokine signaling 5,3,16,2,21,bin_5,204,2922,SOCS5,1,4.39
E2F3_HUMAN,O00716,E2F3,Transcription factor E2F3,9,8,4,21,bin_5,814,552,E2F3,1,2.8
ANPRC_HUMAN,P17342,NPR3,Atrial natriuretic peptide receptor 3,7,11,3,21,bin_5,257,2442,NPR3,1,4.48
TA2R_HUMAN,P21731,TBXA2R,Thromboxane A2 receptor,2,16,3,21,bin_5,103,4041,TBXAS1,0,0.5
STMN2_HUMAN,Q93045,STMN2,Stathmin-2,2,9,10,21,bin_5,226,52,STMN2,1,0.89
STRN3_HUMAN,Q13033,STRN3,Striatin-3,6,6,9,21,bin_5,65,10,STN3,0,0.52
AGRF5_HUMAN,Q8IZF2,ADGRF5,Adhesion G protein-coupled receptor F5 ,1,15,5,21,bin_5,46,7,ADGRF5,1,1.26
SUV92_HUMAN,Q9H5I1,SUV39H2,Histone-lysine N-methyltransferase SUV39H2,7,10,4,21,bin_5,148,82,SUV39H2,1,2.96
DHX33_HUMAN,Q9H6R0,DHX33,ATP-dependent RNA helicase DHX33 ,10,6,5,21,bin_5,40,0,DHX33,1,0.46
DDB2_HUMAN,Q92466,DDB2,DNA damage-binding protein 2,3,11,7,21,bin_5,502,80,DDB2,1,2.91
E2F2_HUMAN,Q14209,E2F2,Transcription factor E2F2,9,8,4,21,bin_5,674,448,E2F2,1,3.07
TANK_HUMAN,Q92844,TANK,TRAF family member-associated NF-kappa-B activator,5,12,4,21,bin_5,47754,25,TIFA,0,0.46
AF9_HUMAN,P42568,MLLT3,Protein AF-9 ,6,9,6,21,bin_5,262,24,AF9,0,1.13
TBX6_HUMAN,O95947,TBX6,T-box transcription factor TBX6,5,14,2,21,bin_5,238,163,TBX6,1,0.46
TBXT_HUMAN,O15178,TBXT,T-box transcription factor T ,5,13,3,21,bin_5,145,5778,TBXT,1,1.54
DDX4_HUMAN,Q9NQI0,DDX4,Probable ATP-dependent RNA helicase DDX4,5,10,6,21,bin_5,480,1,MIPOL1,0,0.89
ADT1_HUMAN,P12235,SLC25A4,ADP/ATP translocase 1 ,4,11,6,21,bin_5,119,722,SLC25A4,1,3.25
STIM1_HUMAN,Q13586,STIM1,Stromal interaction molecule 1,5,9,7,21,bin_5,2345,1749,STIM1,1,1.96
DNLI3_HUMAN,P49916,LIG3,DNA ligase 3,5,12,4,21,bin_5,240,6694,LIG3,1,1.85
STC2_HUMAN,O76061,STC2,Stanniocalcin-2,4,12,5,21,bin_5,400,201,STC2,1,4.4
SSNA1_HUMAN,O43805,SSNA1,Microtubule nucleation factor SSNA1 ,2,8,11,21,bin_5,11,1,SSNA1,1,3.32
DPOE1_HUMAN,Q07864,POLE,DNA polymerase epsilon catalytic subunit A,7,10,4,21,bin_5,51945,773,POLE,1,0.45
TFR2_HUMAN,Q9UP52,TFR2,Transferrin receptor protein 2,2,14,5,21,bin_5,553,6572,TFR2,1,0.38
DQA1_HUMAN,Q6ICU6,HLA-DQA1,"HLA class II histocompatibility antigen, DQ alpha 1 chain",3,6,12,21,bin_5,2085,1062,DQA1,0,1.14
SRP54_HUMAN,P61011,SRP54,Signal recognition particle subunit SRP54,8,7,6,21,bin_5,292,91,SRP54,1,2.51
AKAP4_HUMAN,Q5JQC9,AKAP4,A-kinase anchor protein 4,1,8,12,21,bin_5,146,504,AKAP4,1,3.31
SPRE1_HUMAN,Q7Z699,SPRED1,"Sprouty-related, EVH1 domain-containing protein 1",4,13,4,21,bin_5,297,54,SPRED1,1,1.5
DTX1_HUMAN,Q86Y01,DTX1,E3 ubiquitin-protein ligase DTX1,6,11,4,21,bin_5,437,60,DTX1,1,0.54
AKP13_HUMAN,Q12802,AKAP13,A-kinase anchor protein 13,6,11,4,21,bin_5,140,137,AKAP13,1,1.41
TIA1_HUMAN,P31483,TIA1,Cytotoxic granule associated RNA binding protein TIA1 ,4,10,7,21,bin_5,1214,52,TIA1,1,0.51
SP30L_HUMAN,Q9HAJ7,SAP30L,Histone deacetylase complex subunit SAP30L,9,6,6,21,bin_5,21,3,SAP30L,1,0.55
AL3A2_HUMAN,P51648,ALDH3A2,Aldehyde dehydrogenase family 3 member A2,7,8,6,21,bin_5,138,22,ALDH3A2,1,0.71
DYRK2_HUMAN,Q92630,DYRK2,Dual specificity tyrosine-phosphorylation-regulated kinase 2,7,7,7,21,bin_5,198,861,DYRK2,1,1.73
SART3_HUMAN,Q15020,SART3,Squamous cell carcinoma antigen recognized by T-cells 3 ,6,9,6,21,bin_5,117,21,SART3,1,2.72
SAR1A_HUMAN,Q9NR31,SAR1A,Small COPII coat GTPase SAR1A ,4,11,6,21,bin_5,110,10,SAR1A,1,1.72
PUR2_HUMAN,P22102,GART,Phosphoribosylglycinamide formyltransferase ,5,14,2,21,bin_5,371,283,GART,1,1.35
RHOD_HUMAN,O00212,RHOD,Rho-related GTP-binding protein RhoD ,4,11,6,21,bin_5,922,2,RHOHD,0,0.61
FOXG1_HUMAN,P55316,FOXG1,Forkhead box protein G1,3,15,3,21,bin_5,638,572,FOXC1,0,3.25
RGMC_HUMAN,Q6ZVN8,HJV,Hemojuvelin ,4,10,7,21,bin_5,512,396,HJV,1,1.57
FLVC1_HUMAN,Q9Y5Y0,FLVCR1,Heme transporter FLVCR1 ,2,15,4,21,bin_5,134,59,FLVCR1,1,1.9
CD3G_HUMAN,P09693,CD3G,T-cell surface glycoprotein CD3 gamma chain,4,11,6,21,bin_5,120,1176,CD3G,1,0.41
CD3Z_HUMAN,P20963,CD247,T-cell surface glycoprotein CD3 zeta chain,5,9,7,21,bin_5,192,917,CD3Z,0,3.21
CD59_HUMAN,P13987,CD59,CD59 glycoprotein,1,5,15,21,bin_5,2732,1935,CD59,1,2.14
APTX_HUMAN,Q6JV82,APTX,Aprataxin,13,3,5,21,bin_5,182,158,APAF1,0,0.24
FCGR1_HUMAN,P12314,FCGR1A,High affinity immunoglobulin gamma Fc receptor I,3,14,4,21,bin_5,262,1515,FCGR1,0,7.34
CD80_HUMAN,P33681,CD80,T-lymphocyte activation antigen CD80,3,14,4,21,bin_5,11905,4473,CD80,1,7.33
RIR2B_HUMAN,Q9NTD8,RRM2B,Ribonucleoside-diphosphate reductase subunit M2 B,3,14,4,21,bin_5,239,20,RRM2B,1,0.52
FEZF2_HUMAN,Q8TBJ5,FEZF2,Fez family zinc finger protein 2,5,15,1,21,bin_5,152,13,FEZ2,0,1.63
CDC37_HUMAN,Q16543,CDC37,"Hsp90 co-chaperone Cdc37, N-terminally processed",8,8,5,21,bin_5,527,1,CDC37,1,0.73
CDC5L_HUMAN,Q99459,CDC5L,Cell division cycle 5-like protein,7,5,9,21,bin_5,109,49,CDC5L,1,4.05
FCN3_HUMAN,O75636,FCN3,Ficolin-3,5,9,7,21,bin_5,197,186,FCN3,1,1.95
FOXK1_HUMAN,P85037,FOXK1,Forkhead box protein K1 ,7,10,4,21,bin_5,186,77,FOXL1,0,1.12
FPR1_HUMAN,P21462,FPR1,fMet-Leu-Phe receptor,6,9,6,21,bin_5,628,2752,F2R,0,0.55
RBM8A_HUMAN,Q9Y5S9,RBM8A,RNA-binding protein 8A,2,8,11,21,bin_5,158,516,RBM8A,1,1.69
FSHB_HUMAN,P01225,FSHB,Follitropin subunit beta,1,16,4,21,bin_5,496,2543,FSHB,1,0.75
RBBP6_HUMAN,Q9H3I8,RBBP6,E3 ubiquitin-protein ligase RBBP6,5,9,7,21,bin_5,97,44,RBBP6,1,1.3
TT21B_HUMAN,Q7Z4L5,TTC21B,Tetratricopeptide repeat protein 21B ,1,15,5,21,bin_5,73,4,TTC21B,1,0.55
FUS_HUMAN,P35637,FUS,RNA-binding protein FUS,9,8,4,21,bin_5,5563,1868,FUS,1,0.36
FUT1_HUMAN,P19526,FUT1,"Galactoside alpha-(1,2)-fucosyltransferase 1 ",3,13,5,21,bin_5,339,187,FUT1,1,2.14
TTK_HUMAN,P33981,TTK,Dual specificity protein kinase TTK,7,9,5,21,bin_5,2250,40,TTK,1,2.59
RAMP1_HUMAN,O60894,RAMP1,Receptor activity-modifying protein 1,4,13,4,21,bin_5,555,420,RAMP1,1,0.85
RAB9A_HUMAN,P51151,RAB9A,Ras-related protein Rab-9A,3,6,12,21,bin_5,111,1,RAB9A,1,3.01
R51A1_HUMAN,Q96B01,RAD51AP1,RAD51-associated protein 1 ,6,10,5,21,bin_5,113,35,RAD51AP1,1,4.6
GALR2_HUMAN,O43603,GALR2,Galanin receptor type 2,3,15,3,21,bin_5,375,372,GALR2,1,3.15
ACHA2_HUMAN,Q15822,CHRNA2,Neuronal acetylcholine receptor subunit alpha-2,4,8,9,21,bin_5,120,109,CHRNA2,1,2.48
ACH10_HUMAN,Q9GZZ6,CHRNA10,Neuronal acetylcholine receptor subunit alpha-10,4,8,9,21,bin_5,84,5,CHRNA10,1,1.53
PUR9_HUMAN,P31939,ATIC,"Bifunctional purine biosynthesis protein ATIC, N-terminally processed",4,13,4,21,bin_5,404,0,ATIC,1,2.52
TRIM1_HUMAN,Q9UJV3,MID2,Probable E3 ubiquitin-protein ligase MID2,8,10,3,21,bin_5,135,0,MID2,1,2.6
FCG3A_HUMAN,P08637,FCGR3A,Low affinity immunoglobulin gamma Fc region receptor III-A ,4,12,5,21,bin_5,815,5,FCGR3A,1,3.4
SAP3_HUMAN,P17900,GM2A,Ganglioside GM2 activator isoform short,4,8,9,21,bin_5,149,0,GBA,0,0.75
TPX2_HUMAN,Q9ULW0,TPX2,Targeting protein for Xklp2,3,8,10,21,bin_5,750,79,TPX2,1,5.22
FA2H_HUMAN,Q7L5A8,FA2H,Fatty acid 2-hydroxylase ,3,15,3,21,bin_5,169,104,HADH,0,3.76
TRBM_HUMAN,P07204,THBD,Thrombomodulin,3,11,7,21,bin_5,714,5680,THBD,1,4.65
AP3S1_HUMAN,Q92572,AP3S1,AP-3 complex subunit sigma-1,0,12,9,21,bin_5,18,2,AP3S1,1,0.94
ACRO_HUMAN,P10323,ACR,Acrosin heavy chain,9,7,5,21,bin_5,16581,25,ACR,1,2.32
RUFY3_HUMAN,Q7L099,RUFY3,Protein RUFY3 ,0,9,12,21,bin_5,36,34,RUFY3,1,3.04
TR11B_HUMAN,O00300,TNFRSF11B,Tumor necrosis factor receptor superfamily member 11B,3,13,5,21,bin_5,2698,8380,TNFRSF11B,1,1.31
S10A6_HUMAN,P06703,S100A6,Protein S100-A6,7,3,11,21,bin_5,667,22,S100A6,1,4.0
RN126_HUMAN,Q9BV68,RNF126,E3 ubiquitin-protein ligase RNF126 ,3,14,4,21,bin_5,55,43,RNF126,1,3.88
AOC1_HUMAN,P19801,AOC1,Diamine oxidase [copper-containing] ,11,3,7,21,bin_5,85,4878,DIOX,0,1.41
ANXA5_HUMAN,P08758,ANXA5,Annexin A5,5,5,11,21,bin_5,455,5441,ANXA5,1,3.63
ACSM1_HUMAN,Q08AH1,ACSM1,"Acyl-coenzyme A synthetase ACSM1, mitochondrial",10,8,3,21,bin_5,36,7,ACSM1,1,1.03
CUL1_HUMAN,Q13616,CUL1,Cullin-1,3,10,8,21,bin_5,956,601,CUL1,1,1.82
S22A4_HUMAN,Q9H015,SLC22A4,Solute carrier family 22 member 4 ,9,7,5,21,bin_5,364,519,SLC22A4,1,4.85
SAHH2_HUMAN,O43865,AHCYL1,S-adenosylhomocysteine hydrolase-like protein 1 ,3,12,6,21,bin_5,40,9,SAHIL,0,2.2
CTR9_HUMAN,Q6PD62,CTR9,RNA polymerase-associated protein CTR9 homolog,2,15,4,21,bin_5,100,0,CTRF,0,3.4
RRP1B_HUMAN,Q14684,RRP1B,Ribosomal RNA processing protein 1 homolog B,2,10,9,21,bin_5,24,33,RRP1B,1,1.91
FA83D_HUMAN,Q9H4H8,FAM83D,Protein FAM83D ,3,11,7,21,bin_5,66,51,FAM83D,1,1.02
AP4M1_HUMAN,O00189,AP4M1,AP-4 complex subunit mu-1 ,2,10,9,21,bin_5,49,2,AP4M1,1,0.81
RPGP1_HUMAN,P47736,RAP1GAP,Rap1 GTPase-activating protein 1,4,9,8,21,bin_5,191,178,RAP1GAP1,0,0.55
FACD2_HUMAN,Q9BXW9,FANCD2,Fanconi anemia group D2 protein,1,12,8,21,bin_5,1186,699,FANCD2,1,1.5
RPB1_HUMAN,P24928,POLR2A,DNA-directed RNA polymerase II subunit RPB1 ,12,4,5,21,bin_5,222,303,POLR2A,1,1.52
FADS1_HUMAN,Q96T10,FADS1,Acyl-CoA (8-3)-desaturase ,6,11,4,21,bin_5,645,8,DDES,0,0.38
TRI18_HUMAN,O15344,MID1,E3 ubiquitin-protein ligase Midline-1,8,6,7,21,bin_5,449,26,MLLT1,0,2.01
CDK12_HUMAN,Q9NYV4,CDK12,Cyclin-dependent kinase 12,7,8,6,21,bin_5,556,8447,CDK12,1,0.46
RON_HUMAN,Q04912,MST1R,Macrophage-stimulating protein receptor beta chain,4,12,5,21,bin_5,122,36,MST1R,1,4.98
RNF6_HUMAN,Q9Y252,RNF6,E3 ubiquitin-protein ligase RNF6 ,5,10,6,21,bin_5,59,19,RNF6,1,0.77
APEL_HUMAN,Q9ULZ1,APLN,Apelin-13,3,16,2,21,bin_5,951,586,APEL,0,2.71
APNLITVKKY,Q9Y5B0,CTDP1,RNA polymerase II subunit A C-terminal domain phosphatase,5,7,9,21,bin_5,29,101,CTDP1,1,2.71
CTBP2_HUMAN,P56545,CTBP2,C-terminal-binding protein 2,10,8,3,21,bin_5,399,331,CTBP2,1,1.07
RN167_HUMAN,Q9H6Y7,RNF167,E3 ubiquitin-protein ligase RNF167 ,3,11,7,21,bin_5,16,14,RNF167,1,0.68
TCPG_HUMAN,P49368,CCT3,T-complex protein 1 subunit gamma,6,8,7,21,bin_5,117,48,CCT5,0,2.25
INSI1_HUMAN,O15503,INSIG1,Insulin-induced gene 1 protein ,2,16,3,21,bin_5,416,1081,INSIG1,1,0.74
ODFP2_HUMAN,Q1W2J6,ODF2,Outer dense fiber protein 2,2,6,13,21,bin_5,143,212,ODF2,1,3.48
EGLKFLFDSV,O00410,IPO5,Importin-5,5,7,9,21,bin_5,76,27,NUCP1,0,1.13
MTHR_HUMAN,P42898,MTHFR,Methylenetetrahydrofolate reductase (NADPH) ,7,13,1,21,bin_5,8682,6241,MTHFR,1,1.94
ZFYV1_HUMAN,Q9HBF4,ZFYVE1,Zinc finger FYVE domain-containing protein 1,5,4,12,21,bin_5,63,19,ZFYVE1,1,0.72
MBD3_HUMAN,O95983,MBD3,Methyl-CpG-binding domain protein 3,2,12,7,21,bin_5,309,321,MCBP3,0,2.28
MTA3_HUMAN,Q9BTC8,MTA3,Metastasis-associated protein MTA3,6,10,5,21,bin_5,131,60,MTA3,1,3.36
ODO1_HUMAN,Q02218,OGDH,2-oxoglutarate dehydrogenase complex component E1 ,4,12,5,21,bin_5,203,102,ODHA,0,2.15
SSLLASICSL,P32245,MC4R,Melanocortin receptor 4,5,13,3,21,bin_5,2428,2030,MC4R,1,2.0
ONCM_HUMAN,P13725,OSM,Oncostatin-M,3,16,2,21,bin_5,3319,2265,IL31RA,0,2.79
VAV2_HUMAN,Q6Q317,VAV2,Guanine nucleotide exchange factor VAV2,4,14,3,21,bin_5,351,252,VAV2,1,0.64
MSHR_HUMAN,Q9UN59,MC1R,Melanocyte-stimulating hormone receptor,5,14,2,21,bin_5,1944,351,MC1R,1,0.83
CAC1H_HUMAN,O95180,CACNA1H,Voltage-dependent T-type calcium channel subunit alpha-1H,5,13,3,21,bin_5,531,7,CACNA1H,1,2.84
XRN1_HUMAN,Q8IZH2,XRN1,5'-3' exoribonuclease 1,5,9,7,21,bin_5,507,183,EXO1,0,1.39
VAX1_HUMAN,Q5SQQ9,VAX1,Ventral anterior homeobox 1,6,13,2,21,bin_5,103,127,VAX1,1,0.84
OAS2_HUMAN,P29728,OAS2,2'-5'-oligoadenylate synthase 2,4,11,6,21,bin_5,312,97,OAS2,1,1.65
MARH7_HUMAN,Q9H992,MARCHF7,E3 ubiquitin-protein ligase MARCHF7,5,12,4,21,bin_5,13,11,MARCHF7,1,1.59
MARE3_HUMAN,Q9UPY8,MAPRE3,Microtubule-associated protein RP/EB family member 3,4,9,8,21,bin_5,77,8,MAPRE3,1,0.4
KCNE5_HUMAN,Q9UJ90,KCNE5,Potassium voltage-gated channel subfamily E regulatory beta subunit 5,3,16,2,21,bin_5,52,1,KCNAB5,0,2.34
WWOX_HUMAN,Q9NRF6,WWOX,WW domain-containing oxidoreductase,4,10,7,21,bin_5,647,455,N4BP1,0,0.54
HERP1_HUMAN,Q15011,HERPUD1,Homocysteine-responsive endoplasmic reticulum-resident ubiquitin-like domain member 1 protein,2,14,5,21,bin_5,162,4,UBQLN1,0,1.39
MAEA_HUMAN,Q7L5Y9,MAEA,E3 ubiquitin-protein transferase MAEA,3,8,10,21,bin_5,121,6,MAEA,1,2.17
CASC3_HUMAN,O15234,CASC3,Protein CASC3,5,6,10,21,bin_5,55,47,CASC3,1,2.25
WNT5B_HUMAN,Q9H1J7,WNT5B,Protein Wnt-5b,3,11,7,21,bin_5,339,33,WNT5B,1,3.34
CAB39_HUMAN,Q9Y376,CAB39,Calcium-binding protein 39,3,10,8,21,bin_5,101,3925,S100A8,0,0.48
KI13A_HUMAN,Q9H1H9,KIF13A,Kinesin-like protein KIF13A,4,10,7,21,bin_5,76,1,KIF13A,1,2.16
IP6K2_HUMAN,Q9UFU6,IP6K2,Inositol hexakisphosphate kinase 2,8,8,5,21,bin_5,57,79,IP6K2,1,1.44
MUSK_HUMAN,O15146,MUSK,"Muscle, skeletal receptor tyrosine-protein kinase",5,12,4,21,bin_5,4515,2987,MUSK,1,0.48
OPRX_HUMAN,P41146,OPRL1,Nociceptin receptor,3,15,3,21,bin_5,412,1844,OPRL1,1,1.69
KDM5A_HUMAN,P29375,KDM5A,Lysine-specific demethylase 5A,10,7,4,21,bin_5,311,25,KDM5A,1,0.51
MUS81_HUMAN,Q96NY9,MUS81,Crossover junction endonuclease MUS81,5,9,7,21,bin_5,536,46,MUS81,1,0.31
JIP3_HUMAN,Q9UPT6,MAPK8IP3,C-Jun-amino-terminal kinase-interacting protein 3,4,8,9,21,bin_5,118,6,JIP3,0,2.69
MCM9_HUMAN,Q9NXL9,MCM9,DNA helicase MCM9,10,7,4,21,bin_5,81,56,MCM9,1,0.26
KCND3_HUMAN,Q9UK17,KCND3,A-type voltage-gated potassium channel KCND3 ,4,9,8,21,bin_5,249,26,KCND3,1,1.79
ERDSMLLQQL,Q9P2E2,KIF17,Kinesin-like protein KIF17,4,4,13,21,bin_5,132,1,KIF17,1,3.66
MINP1_HUMAN,Q9UNW1,MINPP1,Multiple inositol polyphosphate phosphatase 1 ,13,5,3,21,bin_5,35,45,INPP1,0,1.71
BAZ2A_HUMAN,Q9UIF9,BAZ2A,Bromodomain adjacent to zinc finger domain protein 2A,6,8,7,21,bin_5,78,8,BRD2,0,2.59
BAZ1B_HUMAN,Q9UIG0,BAZ1B,Tyrosine-protein kinase BAZ1B,6,8,7,21,bin_5,103,8,BAZ1B,1,2.8
KKKQEEEVST,Q9NXN3,MLX,Max-like protein X,10,5,6,21,bin_5,624,37,MLXIP,0,2.29
VGLU2_HUMAN,Q9P2U8,SLC17A6,Vesicular glutamate transporter 2 ,6,10,5,21,bin_5,642,1144,SLC17A6,1,3.62
CBX4_HUMAN,O00257,CBX4,E3 SUMO-protein ligase CBX4,10,5,6,21,bin_5,186,36,CBX4,1,4.75
CLH2_HUMAN,P53675,CLTCL1,Clathrin heavy chain 2,2,6,13,21,bin_5,53,380,CLTC,0,3.56
VMP1_HUMAN,Q96GC9,VMP1,Vacuole membrane protein 1 ,1,11,9,21,bin_5,186,5969,VMP1,1,2.29
MIS_HUMAN,P03971,AMH,Muellerian-inhibiting factor,4,15,2,21,bin_5,7330,3,MIF,0,2.03
MIXL1_HUMAN,Q9H2W2,MIXL1,Homeobox protein MIXL1,7,12,2,21,bin_5,94,64,MIXL1,1,0.33
MK12_HUMAN,P53778,MAPK12,Mitogen-activated protein kinase 12,5,11,5,21,bin_5,100,164,MAPK12,1,4.65
ZBP1_HUMAN,Q9H171,ZBP1,Z-DNA-binding protein 1 ,6,12,3,21,bin_5,504,203,DNAP2,0,0.39
NOX5_HUMAN,Q9H6E0,NOX5,NADPH oxidase 5,7,10,4,21,bin_5,373,198,NOX5,1,2.95
BAIP3_HUMAN,H3BVI3,BAIAP3,BAI1-associated protein 3 ,4,9,8,21,bin_5,20,12,BAIAP3,1,4.12
ITSN1_HUMAN,Q20BK3,ITSN1,Intersectin-1 ,4,7,10,21,bin_5,148,150,ITSN1,1,0.74
NKX62_HUMAN,Q9C056,NKX6-2,Homeobox protein Nkx-6.2,6,13,2,21,bin_5,111,6,NKX6-2,1,3.19
ZDHC3_HUMAN,Q9NYG2,ZDHHC3,Palmitoyltransferase ZDHHC3 ,5,12,4,21,bin_5,54,16,ZDHHC3,1,2.38
HXB1_HUMAN,P14653,HOXB1,Homeobox protein Hox-B1,7,11,3,21,bin_5,303,4,HOXB1,1,1.49
IRPL1_HUMAN,Q9NZN1,IL1RAPL1,Interleukin-1 receptor accessory protein-like 1,3,11,7,21,bin_5,118,53,IL1RAPL1,1,2.06
KCC2G_HUMAN,Q5SQZ3,CAMK2G,Calcium/calmodulin-dependent protein kinase type II subunit gamma,7,6,8,21,bin_5,107,67,CAMK2G,1,0.23
HOIL1_HUMAN,Q9BYM8,RBCK1,RanBP-type and C3HC4-type zinc finger-containing protein 1,7,12,2,21,bin_5,155,2,RANBP2,0,0.9
MEGF8_HUMAN,Q7Z7M0,MEGF8,Multiple epidermal growth factor-like domains protein 8,1,17,3,21,bin_5,24,28,MED8,0,2.64
KAP2_HUMAN,P13861,PRKAR2A,cAMP-dependent protein kinase type II-alpha regulatory subunit,6,3,12,21,bin_5,137,282,PRKAR2A,1,3.26
KAP1_HUMAN,P31321,PRKAR1B,cAMP-dependent protein kinase type I-beta regulatory subunit,4,8,9,21,bin_5,62,8,PRKAR1B,1,0.5
ITA2B_HUMAN,P08514,ITGA2B,"Integrin alpha-IIb light chain, form 2",6,6,9,21,bin_5,343,1,ITGB3,0,1.86
MICU1_HUMAN,Q9H9N6,MICU1,"Calcium uptake protein 1, mitochondrial ",5,9,7,21,bin_5,261,1369,CACNA1S,0,2.58
MORC3_HUMAN,Q14149,MORC3,MORC family CW-type zinc finger protein 3,6,10,5,21,bin_5,101,8,MORC3,1,0.82
ZC3H8_HUMAN,Q8N5P1,ZC3H8,Zinc finger CCCH domain-containing protein 8,4,9,8,21,bin_5,7,8,CNOT8,0,1.73
CBPE_HUMAN,P16870,CPE,Carboxypeptidase E,5,10,6,21,bin_5,9057,621,CPE,1,0.35
K22E_HUMAN,P35908,KRT2,"Keratin, type II cytoskeletal 2 epidermal",3,9,9,21,bin_5,83,37,KRT2,1,2.8
MMP8_HUMAN,P22894,MMP8,Neutrophil collagenase,6,10,5,21,bin_5,2493,2196,MMP8,1,1.06
HXA3_HUMAN,O43365,HOXA3,Homeobox protein Hox-A3,3,15,3,21,bin_5,225,2,HOXA3,1,0.24
KIBRA_HUMAN,Q8IX03,WWC1,Protein KIBRA,4,11,6,21,bin_5,190,200,KIBRA,0,0.22
ZBED3_HUMAN,Q96IU2,ZBED3,Zinc finger BED domain-containing protein 3,3,13,5,21,bin_5,42,10,ZBED3,1,0.98
MYO19_HUMAN,Q96H55,MYO19,Unconventional myosin-XIX ,7,6,8,21,bin_5,34,0,MYO19,1,0.8
LEG1_HUMAN,P09382,LGALS1,Galectin-1,3,10,8,21,bin_5,2424,2281,LAGE1,0,2.98
IFT74_HUMAN,Q96LB3,IFT74,Intraflagellar transport protein 74 homolog,2,12,7,21,bin_5,54,2,IFT74,1,0.47
AA2BR_HUMAN,P29275,ADORA2B,Adenosine receptor A2b,2,15,4,21,bin_5,223,1976,ADORA2B,1,0.43
ATS12_HUMAN,P58397,ADAMTS12,A disintegrin and metalloproteinase with thrombospondin motifs 12,2,17,2,21,bin_5,109,304,ADAMTS12,1,0.52
NCLX_HUMAN,Q6J4K2,SLC8B1,Mitochondrial sodium/calcium exchanger protein ,4,11,6,21,bin_5,35,622,NCLX,0,0.52
LIMK2_HUMAN,P53671,LIMK2,LIM domain kinase 2,4,11,6,21,bin_5,255,868,LIMK2,1,0.58
LIMS1_HUMAN,P48059,LIMS1,LIM and senescent cell antigen-like-containing domain protein 1,2,14,5,21,bin_5,183,0,LASS1L,0,2.69
KLH20_HUMAN,Q9Y2M5,KLHL20,Kelch-like protein 20,3,8,10,21,bin_5,33,391,KLHL20,1,0.65
IF4G2_HUMAN,Q8NI71,EIF4G2,Eukaryotic translation initiation factor 4 gamma 2,5,11,5,21,bin_5,184,380,EIF4G2,1,0.28
NDRG4_HUMAN,Q9GZN3,NDRG4,Protein NDRG4,0,14,7,21,bin_5,163,112,NDRG4,1,0.23
LNNDTKLCKD,P59047,NLRP5,"NACHT, LRR and PYD domains-containing protein 5",2,9,10,21,bin_5,96,44,NLRP5,1,1.93
LPXN_HUMAN,O60711,LPXN,Leupaxin,2,9,10,21,bin_5,49,41,LXP1,0,0.31
ZNT10_HUMAN,Q6XR72,SLC30A10,Calcium/manganese antiporter SLC30A10 ,3,10,8,21,bin_5,134,2,SLC30A10,1,0.67
ATS9_HUMAN,Q9P2N4,ADAMTS9,A disintegrin and metalloproteinase with thrombospondin motifs 9,3,13,5,21,bin_5,377,345,ADAMTS9,1,0.4
PAK4_HUMAN,O96013,PAK4,Serine/threonine-protein kinase PAK 4,5,11,5,21,bin_5,497,317,PA4,0,0.33
LOXL3_HUMAN,P58215,LOXL3,Lysyl oxidase homolog 3 ,3,12,6,21,bin_5,131,38,LOXL3,1,0.42
HCN2_HUMAN,Q9UL51,HCN2,Potassium/sodium hyperpolarization-activated cyclic nucleotide-gated channel 2,5,11,5,21,bin_5,738,2021,HCN2,1,4.09
IL2RA_HUMAN,P01589,IL2RA,Interleukin-2 receptor subunit alpha,2,16,3,21,bin_5,2082,5935,IL2RA,1,4.58
A2GL_HUMAN,P02750,LRG1,Leucine-rich alpha-2-glycoprotein,2,11,8,21,bin_5,458,336,LRG1,1,0.53
BHE41_HUMAN,Q9C0J9,BHLHE41,Class E basic helix-loop-helix protein 41 ,11,8,2,21,bin_5,162,0,BHLHEX,0,1.81
IL1RA_HUMAN,P18510,IL1RN,Interleukin-1 receptor antagonist protein,7,8,6,21,bin_5,3660,6217,IL1RN,1,0.99
IFNK_HUMAN,Q9P0W0,IFNK,Interferon kappa,2,17,2,21,bin_5,42,47,IFNK,1,2.36
BLNK_HUMAN,Q8WV28,BLNK,B-cell linker protein,9,7,5,21,bin_5,297,227,BLNK,1,2.92
LMTK2_HUMAN,Q8IWU2,LMTK2,Serine/threonine-protein kinase LMTK2,6,8,7,21,bin_5,61,34,LMTK2,1,1.8
CSHPGCGKTY,Q13118,KLF10,Krueppel-like factor 10,7,12,2,21,bin_5,312,5,KLF10,1,3.01
PACRG_HUMAN,Q96M98,PACRG,Parkin coregulated gene protein,9,3,9,21,bin_5,93,49,PARK2,0,2.14
ILF3_HUMAN,Q9NRN2,ILF3,Interleukin enhancer-binding factor 3,6,6,9,21,bin_5,285,293,ILF3,1,2.07
LARP7_HUMAN,Q4G0J3,LARP7,La-related protein 7 ,4,12,5,21,bin_5,104,43,LARP7,1,3.97
CNTN2_HUMAN,Q02246,CNTN2,Contactin-2,1,11,9,21,bin_5,267,325,CNTN2,1,2.69
KIF23_HUMAN,Q02241,KIF23,Kinesin-like protein KIF23,4,5,12,21,bin_5,231,26,KIF23,1,0.74
NB5R3_HUMAN,Q9UL56,CYB5R3,NADH-cytochrome b5 reductase 3 ,5,3,13,21,bin_5,131,12,NADK2,0,0.6
CNTN1_HUMAN,Q12860,CNTN1,Contactin-1,2,12,7,21,bin_5,238,272,CNTN1,1,1.53
CA2D1_HUMAN,P54289,CACNA2D1,Voltage-dependent calcium channel subunit delta-1,2,13,6,21,bin_5,312,151,CACNA1D,0,3.87
L1CAM_HUMAN,P32004,L1CAM,Neural cell adhesion molecule L1,2,11,8,21,bin_5,2549,2031,L1CAD,0,1.03
M3K10_HUMAN,Q02779,MAP3K10,Mitogen-activated protein kinase kinase kinase 10,8,12,1,21,bin_5,69,21820,MAP3K10,1,2.13
PAR16_HUMAN,Q8N5Y8,PARP16,Protein mono-ADP-ribosyltransferase PARP16 ,8,9,4,21,bin_5,31,21,PARP16,1,0.88
PAPD7_HUMAN,Q5XG87,TENT4A,Terminal nucleotidyltransferase 4A ,5,10,6,21,bin_5,29,176,TNT4A,0,1.68
MYLK_HUMAN,Q9UIT9,MYLK,"Myosin light chain kinase, smooth muscle, deglutamylated form",5,9,7,21,bin_5,337,0,MYL9,0,1.86
CNTFR_HUMAN,P26992,CNTFR,Ciliary neurotrophic factor receptor subunit alpha,4,11,6,21,bin_5,183,759,CNTFR,1,21.2
AVIL_HUMAN,O75366,AVIL,Advillin ,4,9,8,21,bin_5,3033,81,AVIL,1,0.5
LCAT_HUMAN,P04180,LCAT,Phosphatidylcholine-sterol acyltransferase,5,12,4,21,bin_5,2338,2201,LPCAT3,0,0.38
BGH3_HUMAN,Q53XM1,TGFBI,Transforming growth factor-beta-induced protein ig-h3,6,7,8,21,bin_5,739,84,ITGB1BP1,0,2.66
LTOR2_HUMAN,Q9Y2Q5,LAMTOR2,Ragulator complex protein LAMTOR2 ,2,10,9,21,bin_5,76,22,LAMTOR2,1,1.59
LA_HUMAN,P05455,SSB,Lupus La protein,5,10,6,21,bin_5,7390,3820,LUPA,0,0.21
UN13D_HUMAN,Q70J99,UNC13D,Protein unc-13 homolog D,2,10,10,22,bin_5,304,9,UNC13D,1,0.32
JADE1_HUMAN,Q6IE81,JADE1,Protein Jade-1,2,11,9,22,bin_5,56,22,JADE1,1,1.69
5HT1A_HUMAN,P08908,HTR1A,5-hydroxytryptamine receptor 1A,4,15,3,22,bin_5,569,5186,HTR1A,1,0.98
ILRL1_HUMAN,Q01638,IL1RL1,Interleukin-1 receptor-like 1,6,11,5,22,bin_5,1665,2008,IL1RL1,1,0.73
CTC1_HUMAN,Q2NKJ3,CTC1,CST complex subunit CTC1,3,14,5,22,bin_5,215,20,CTC1,1,2.76
ASAH1_HUMAN,Q13510,ASAH1,Acid ceramidase subunit beta ,6,8,8,22,bin_5,298,10,ASAH2,0,0.63
MMP7_HUMAN,P09237,MMP7,Matrilysin,5,13,4,22,bin_5,3204,2355,MMP7,1,0.54
EXOC4_HUMAN,Q96A65,EXOC4,Exocyst complex component 4,1,10,11,22,bin_5,88,79,EXOC4,1,2.34
NTF4_HUMAN,P34130,NTF4,Neurotrophin-4,2,15,5,22,bin_5,80,1007,NTF4,1,0.47
MYF5_HUMAN,P13349,MYF5,Myogenic factor 5,4,15,3,22,bin_5,1590,755,MYF5,1,2.37
MYF6_HUMAN,P23409,MYF6,Myogenic factor 6,6,10,6,22,bin_5,231,262,MYF6,1,3.71
MYH3_HUMAN,P11055,MYH3,Myosin-3,6,9,7,22,bin_5,222,23,MYO3,0,2.14
ING4_HUMAN,Q9UNL4,ING4,Inhibitor of growth protein 4,3,14,5,22,bin_5,248,89783,ING4,1,1.02
SATB2_HUMAN,Q9UPW6,SATB2,DNA-binding protein SATB2,6,11,5,22,bin_5,831,489,SATB2,1,2.54
VDAC2_HUMAN,P45880,VDAC2,Voltage-dependent anion-selective channel protein 2,7,5,10,22,bin_5,352,219,VDAC2,1,3.01
CCG7_HUMAN,P62955,CACNG7,Voltage-dependent calcium channel gamma-7 subunit,3,10,9,22,bin_5,15,10,CACNG7,1,3.31
ABCE1_HUMAN,P61221,ABCE1,ATP-binding cassette sub-family E member 1,9,7,6,22,bin_5,196,79,ABCE1,1,0.64
BMP1_HUMAN,Q99423,BMP1,Bone morphogenetic protein 1,9,9,4,22,bin_5,670,455,BMP1,1,0.54
UBP36_HUMAN,Q9P275,USP36,Ubiquitin carboxyl-terminal hydrolase 36 ,5,11,6,22,bin_5,85,210,UTSN,0,0.92
CML1_HUMAN,Q99788,CMKLR1,Chemerin-like receptor 1 ,6,14,2,22,bin_5,388,1,CMKLR1,1,3.55
RN5A_HUMAN,Q05823,RNASEL,2-5A-dependent ribonuclease,9,10,3,22,bin_5,259,688,OAS1,0,1.36
FBRL_HUMAN,P22087,FBL,rRNA 2'-O-methyltransferase fibrillarin,6,6,10,22,bin_5,3274,9,FBLN1,0,0.54
PREX1_HUMAN,Q9P2D2,PREX1,"Phosphatidylinositol 3,4,5-trisphosphate-dependent Rac exchanger 1 protein",4,13,5,22,bin_5,208,5,PREX1,1,0.27
BAAT_HUMAN,Q14032,BAAT,Bile acid-CoA:amino acid N-acyltransferase ,9,9,4,22,bin_5,342,70,BAAT,1,0.97
BOREA_HUMAN,Q53HL2,CDCA8,Borealin,0,11,11,22,bin_5,236,139,BOREALIN,0,0.48
CTNA2_HUMAN,Q53T71,CTNNA2,Catenin alpha-2,4,11,7,22,bin_5,104,96,CTNNA2,1,0.75
ASAH2_HUMAN,Q9NR71,ASAH2,Neutral ceramidase soluble form ,4,11,7,22,bin_5,72,1,CERamide glucosyltransferase,0,5.61
S47A1_HUMAN,Q96FL8,SLC47A1,Multidrug and toxin extrusion protein 1 ,9,9,4,22,bin_5,295,319,MATE1,0,3.33
ANSTQPGEPR,P55017,SLC12A3,Solute carrier family 12 member 3,3,14,5,22,bin_5,661,608,SLC12A3,1,0.88
UBP25_HUMAN,Q9UHP3,USP25,Ubiquitin carboxyl-terminal hydrolase 25,8,10,4,22,bin_5,121,381,UTSN,0,0.24
UBP22_HUMAN,Q9UPT9,USP22,Ubiquitin carboxyl-terminal hydrolase 22,7,10,5,22,bin_5,298,428,UTSN,0,0.53
RYR3_HUMAN,Q15413,RYR3,Ryanodine receptor 3 ,5,11,6,22,bin_5,7827,7745,RYR3,1,2.41
IQGA3_HUMAN,Q86VI3,IQGAP3,Ras GTPase-activating-like protein IQGAP3,5,13,4,22,bin_5,98,0,IQGAP3,1,0.19
NUMB_HUMAN,Q8WW73,NUMB,Protein numb homolog,3,8,11,22,bin_5,1645,54,NUMB,1,2.65
VAX2_HUMAN,Q9UIW0,VAX2,Ventral anterior homeobox 2,7,12,3,22,bin_5,181,120,VAX2,1,1.83
ISG20_HUMAN,Q96AZ6,ISG20,Interferon-stimulated gene 20 kDa protein,8,7,7,22,bin_5,210,20,ISG20,1,0.55
RSAD2_HUMAN,Q8WXG1,RSAD2,S-adenosylmethionine-dependent nucleotide dehydratase RSAD2 ,3,11,8,22,bin_5,459,0,RSAD2,1,4.14
CPSF6_HUMAN,Q16630,CPSF6,Cleavage and polyadenylation specificity factor subunit 6 ,4,7,11,22,bin_5,166,34,CPSF6,1,1.94
RS9_HUMAN,P46781,RPS9,Small ribosomal subunit protein uS4 ,4,4,14,22,bin_5,126,3,RPS4X,0,1.18
FA12_HUMAN,P00748,F12,Coagulation factor XIIa light chain,3,13,6,22,bin_5,4587,39,F12,1,0.61
CUL4B_HUMAN,Q9UED7,CUL4B,Cullin-4B ,1,15,6,22,bin_5,289,111,CUL4B,1,1.6
RS4X_HUMAN,P62701,RPS4X,"Small ribosomal subunit protein eS4, X isoform ",3,5,14,22,bin_5,67,0,RPLP0,0,0.67
CDN2A_HUMAN,P42771,CDKN2A,Cyclin-dependent kinase inhibitor 2A ,4,14,4,22,bin_5,14563,10839,CDKN2A,1,1.55
GGA1_HUMAN,Q9UG00,GGA1,ADP-ribosylation factor-binding protein GGA1,3,10,9,22,bin_5,193,20,GGA1,1,2.13
CMA1_HUMAN,P23946,CMA1,Chymase,4,10,8,22,bin_5,160,3083,CMA1,1,1.5
PP1B_HUMAN,P62140,PPP1CB,Serine/threonine-protein phosphatase PP1-beta catalytic subunit,6,8,8,22,bin_5,116,6,PPP1CB,1,1.53
UBP2_HUMAN,O75604,USP2,Ubiquitin carboxyl-terminal hydrolase 2,6,11,5,22,bin_5,268,2224,UCHL2,0,2.36
RS3A_HUMAN,P61247,RPS3A,Small ribosomal subunit protein eS1 ,3,6,13,22,bin_5,91,0,RPS4Y1,0,2.53
RS14_HUMAN,P62263,RPS14,Small ribosomal subunit protein uS11 ,4,7,11,22,bin_5,284,3,SNU13,0,0.67
MTPN_HUMAN,P58546,MTPN,Myotrophin,1,15,6,22,bin_5,41,185,MTPN,1,0.3
RS13_HUMAN,P62277,RPS13,Small ribosomal subunit protein uS15 ,5,4,13,22,bin_5,114,0,RPS25,0,0.89
BNI3L_HUMAN,O60238,BNIP3L,BCL2/adenovirus E1B 19 kDa protein-interacting protein 3-like,3,13,6,22,bin_5,472,0,BNIP3L,1,0.85
RREB1_HUMAN,Q6BEP8,RREB1,Ras-responsive element-binding protein 1,4,12,6,22,bin_5,212,53,RREB1,1,0.44
PQBP1_HUMAN,Q4VY36,PQBP1,Polyglutamine-binding protein 1 ,4,11,7,22,bin_5,133,58,PBP1,0,0.89
MX1_HUMAN,D3DSI8,MX1,"Interferon-induced GTP-binding protein Mx1, N-terminally processed",4,10,8,22,bin_5,2499,0,MX1,1,0.43
MRP3_HUMAN,Q86X85,ABCC3,ATP-binding cassette sub-family C member 3,11,7,4,22,bin_5,455,144,ABCC3,1,1.09
GGA3_HUMAN,Q9NZ52,GGA3,ADP-ribosylation factor-binding protein GGA3 ,5,10,7,22,bin_5,150,18,GGA3,1,2.96
MYPC3_HUMAN,Q14896,MYBPC3,"Myosin-binding protein C, cardiac-type",8,8,6,22,bin_5,775,8,MYBPC3,1,0.55
CNBP1_HUMAN,Q9NSA3,CTNNBIP1,Beta-catenin-interacting protein 1,2,14,6,22,bin_5,117,29,CTNNBIP1,1,0.6
CASP6_HUMAN,P55212,CASP6,Caspase-6 subunit p11 ,5,13,4,22,bin_5,522,2,CASP6,1,3.64
NMI_HUMAN,Q13287,NMI,N-myc-interactor ,1,15,6,22,bin_5,1528,25,NMI,1,4.19
CBLN1_HUMAN,P23435,CBLN1,[des-Ser1]-cerebellin,1,15,6,22,bin_5,133,8,CBLN1,1,6.13
TYRO_HUMAN,P14679,TYR,Tyrosinase ,4,11,7,22,bin_5,32683,18012,TYR,1,1.93
RBM14_HUMAN,Q96PK6,RBM14,RNA-binding protein 14,4,11,7,22,bin_5,78,17819,RBM14,1,1.81
CCL7_HUMAN,P80098,CCL7,C-C motif chemokine 7,5,15,2,22,bin_5,1142,0,CCL7,1,0.9
RD23A_HUMAN,P54725,RAD23A,UV excision repair protein RAD23 homolog A,7,8,7,22,bin_5,155,21,RAD23A,1,2.79
CNTF_HUMAN,P26441,CNTF,Ciliary neurotrophic factor,5,13,4,22,bin_5,3454,3097,CNTF,1,2.38
CSF3_HUMAN,P09919,CSF3,Granulocyte colony-stimulating factor,4,14,4,22,bin_5,388,44801,CSF3,1,1.58
RECK_HUMAN,SLINSDSPTL,RECK,Reversion-inducing cysteine-rich protein with Kazal motifs ,5,12,5,22,bin_5,1924,226,BCAR1,0,1.61
REG3A_HUMAN,Q06141,REG3A,Regenerating islet-derived protein 3-alpha 15 kDa form,6,13,3,22,bin_5,931,0,REG3A,1,4.6
KAHLLSLVDV,PGKTVMIDVC,VWF,von Willebrand antigen 2,6,7,9,22,bin_5,12836,245,VWF,1,1.8
TSK_HUMAN,Q8WUA8,TSKU,Tsukushi ,1,20,1,22,bin_5,37,214,TSK,0,1.62
CCL24_HUMAN,O00175,CCL24,C-C motif chemokine 24,4,17,1,22,bin_5,565,0,CCL24,1,1.18
RARR2_HUMAN,Q99969,RARRES2,Retinoic acid receptor responder protein 2,1,16,5,22,bin_5,684,338,RPRD2,0,1.1
NMB_HUMAN,P08949,NMB,Neuromedin-B,3,16,3,22,bin_5,5282,548,NMB,1,0.82
RAP2B_HUMAN,P61225,RAP2B,Ras-related protein Rap-2b,5,9,8,22,bin_5,99,3,RAP2B,1,1.11
RA51D_HUMAN,O76085,RAD51D,DNA repair protein RAD51 homolog 4,7,8,7,22,bin_5,441,484,RAD51B,0,4.79
NKX23_HUMAN,Q8TAU0,NKX2-3,Homeobox protein Nkx-2.3,3,17,2,22,bin_5,122,5,NKX2-3,1,0.37
HXA7_HUMAN,P31268,HOXA7,Homeobox protein Hox-A7,6,12,4,22,bin_5,249,9,HOXA7,1,0.38
VP33A_HUMAN,Q96AX1,VPS33A,Vacuolar protein sorting-associated protein 33A,0,11,11,22,bin_5,53,1,VPS33A,1,2.58
NKD2_HUMAN,Q969F2,NKD2,Protein naked cuticle homolog 2,6,9,7,22,bin_5,94,22,NKD2L2,0,3.53
HXD3_HUMAN,P31249,HOXD3,Homeobox protein Hox-D3,5,12,5,22,bin_5,125,10,HOXD3,1,1.87
AATC_HUMAN,P17174,GOT1,"Aspartate aminotransferase, cytoplasmic ",4,14,4,22,bin_5,411,486,GOT1,1,0.62
VPP2_HUMAN,Q9Y487,ATP6V0A2,V-type proton ATPase 116 kDa subunit a 2,2,7,13,22,bin_5,84,5,ATP6V1A2,0,9.06
TULP1_HUMAN,O00294,TULP1,Tubby-related protein 1,2,11,9,22,bin_5,133,6,TUBGCP4,0,2.72
RAB34_HUMAN,Q9BZG1,RAB34,Ras-related protein Rab-34,4,8,10,22,bin_5,78,1,RAB34,1,0.27
RAB3I_HUMAN,Q9H673,RAB3IP,Rab-3A-interacting protein,3,10,9,22,bin_5,31,2,RIN1,0,2.22
I17RA_HUMAN,Q96F46,IL17RA,Interleukin-17 receptor A ,2,18,2,22,bin_5,922,3837,IL17RA,1,1.91
FXR2_HUMAN,P51116,FXR2,RNA-binding protein FXR2 ,6,8,8,22,bin_5,100,86,FXR1,0,0.47
NDRG1_HUMAN,Q92597,NDRG1,Protein NDRG1,4,7,11,22,bin_5,796,651,NDRG1,1,3.4
IFI27_HUMAN,Q9H4B1,IFI27,"Interferon alpha-inducible protein 27, mitochondrial ",4,12,6,22,bin_5,324,5,IFI27,1,0.92
WASC5_HUMAN,Q12768,WASHC5,WASH complex subunit 5 ,0,14,8,22,bin_5,49,45,WASH5C,0,0.73
GFI1_HUMAN,Q99684,GFI1,Zinc finger protein Gfi-1,7,11,4,22,bin_5,606,43,GFI1,1,2.63
PRTN3_HUMAN,P24158,PRTN3,Myeloblastin,4,10,8,22,bin_5,92,1459,MYBL1,0,1.02
FEZ1_HUMAN,Q99689,FEZ1,Fasciculation and elongation protein zeta-1,2,11,9,22,bin_5,154,49,FEEZ,0,3.62
FETUA_HUMAN,P02765,AHSG,Alpha-2-HS-glycoprotein chain B,3,9,10,22,bin_5,879,0,AHSG,1,0.82
NPT4_HUMAN,O00476,SLC17A3,Sodium-dependent phosphate transport protein 4,7,9,6,22,bin_5,55,177,SLC34A1,0,3.33
TRIPB_HUMAN,Q15643,TRIP11,Thyroid receptor-interacting protein 11,2,11,9,22,bin_5,73,20,TRIP11,1,0.46
CYDFLPIKAS,P14778,IL1R1,"Interleukin-1 receptor type 1, soluble form",8,10,4,22,bin_5,1258,88,IL1R1,1,0.41
TRIM8_HUMAN,Q9BZR9,TRIM8,E3 ubiquitin-protein ligase TRIM8,6,13,3,22,bin_5,101,37,TRIM8,1,1.19
FGF12_HUMAN,P61328,FGF12,Fibroblast growth factor 12,4,14,4,22,bin_5,194,11192,FGF12,1,0.4
NPY5R_HUMAN,Q15761,NPY5R,Neuropeptide Y receptor type 5,4,14,4,22,bin_5,81,152,NPY5R,1,2.4
NPY_HUMAN,P01303,NPY,C-flanking peptide of NPY,5,12,5,22,bin_5,11769,21,NPPC,0,2.7
BAF_HUMAN,O75531,BANF1,"Barrier-to-autointegration factor, N-terminally processed ",4,11,7,22,bin_5,199,0,BAF,0,0.91
MYO3A_HUMAN,Q8NEV4,MYO3A,Myosin-IIIa,9,6,7,22,bin_5,66,22,MYO3A,1,4.98
MYO1A_HUMAN,Q9UBC5,MYO1A,Unconventional myosin-Ia,4,6,12,22,bin_5,69,71,MYO5A,0,2.5
PRP31_HUMAN,Q8WWY3,PRPF31,U4/U6 small nuclear ribonucleoprotein Prp31,7,3,12,22,bin_5,201,20,PRP31,0,2.72
FFAR2_HUMAN,O15552,FFAR2,Free fatty acid receptor 2,2,18,2,22,bin_5,379,3785,FFAR2,1,0.7
BL1S1_HUMAN,P78537,BLOC1S1,Biogenesis of lysosome-related organelles complex 1 subunit 1,0,12,10,22,bin_5,95,86,MCU4,0,2.83
CD20_HUMAN,P11836,MS4A1,B-lymphocyte antigen CD20,4,11,7,22,bin_5,164,3017,CD20,0,1.79
IFT52_HUMAN,Q9Y366,IFT52,Intraflagellar transport protein 52 homolog,0,12,10,22,bin_5,48,3,IFT52,1,2.06
TSG6_HUMAN,P98066,TNFAIP6,Tumor necrosis factor-inducible gene 6 protein,4,14,4,22,bin_5,573,63,TNFIP6,0,0.75
FNTA_HUMAN,P49354,FNTA,Protein farnesyltransferase/geranylgeranyltransferase type-1 subunit alpha,8,8,6,22,bin_5,56,0,PTGS1,0,4.14
NPAS2_HUMAN,Q99743,NPAS2,Neuronal PAS domain-containing protein 2,8,9,5,22,bin_5,413,69,NPAS2,1,0.92
NCOA6_HUMAN,Q14686,NCOA6,Nuclear receptor coactivator 6,7,8,7,22,bin_5,170,1802,NCOA6,1,1.62
NPC2_HUMAN,P61916,NPC2,NPC intracellular cholesterol transporter 2 ,3,13,6,22,bin_5,734,182,NPC2,1,1.58
GDF11_HUMAN,O95390,GDF11,Growth/differentiation factor 11 ,2,16,4,22,bin_5,564,410,GDF11,1,2.6
NCKX2_HUMAN,Q9UI40,SLC24A2,Sodium/potassium/calcium exchanger 2,3,17,2,22,bin_5,24,28,NCKX2,0,1.54
CBX1_HUMAN,P83916,CBX1,Chromobox protein homolog 1,5,4,13,22,bin_5,240,886,CBX1,1,1.42
BIG1_HUMAN,Q9Y6D6,ARFGEF1,Brefeldin A-inhibited guanine nucleotide-exchange protein 1,3,10,9,22,bin_5,68,50,BIG1,0,0.26
GDF7_HUMAN,Q7Z4P5,GDF7,Growth/differentiation factor 7,3,18,1,22,bin_5,111,50,GDF7,1,0.32
RHOU_HUMAN,Q7L0Q8,RHOU,Rho-related GTP-binding protein RhoU,5,10,7,22,bin_5,157,2,RHOU,1,0.47
CDON_HUMAN,Q4KMG0,CDON,Cell adhesion molecule-related/down-regulated by oncogenes,0,21,1,22,bin_5,157,3,CDH13,0,0.69
MLRV_HUMAN,P10916,MYL2,"Myosin regulatory light chain 2, ventricular/cardiac muscle isoform ",4,10,8,22,bin_5,257,11,MYL2,1,1.2
TOM70_HUMAN,O94826,TOMM70,Mitochondrial import receptor subunit TOM70 ,3,12,7,22,bin_5,70,36,TOMM70,1,0.25
MARCS_HUMAN,P29966,MARCKS,Myristoylated alanine-rich C-kinase substrate,4,9,9,22,bin_5,1078,925,MARCKS,1,1.99
KDM4C_HUMAN,Q5VYJ3,KDM4C,Lysine-specific demethylase 4C,9,9,4,22,bin_5,202,7,KDM4C,1,2.4
DVL3_HUMAN,Q92997,DVL3,Segment polarity protein dishevelled homolog DVL-3,5,15,2,22,bin_5,258,2,DVL3,1,0.87
SPAG5_HUMAN,Q96R06,SPAG5,Sperm-associated antigen 5,1,11,10,22,bin_5,141,94,SPAG5,1,0.62
KDM6B_HUMAN,O15054,KDM6B,Lysine-specific demethylase 6B,6,13,3,22,bin_5,725,31,KDM6B,1,1.95
AKT3_HUMAN,Q9Y243,AKT3,RAC-gamma serine/threonine-protein kinase,4,15,3,22,bin_5,1142,9,AKT3,1,1.04
DUS6_HUMAN,Q16828,DUSP6,Dual specificity protein phosphatase 6,6,13,3,22,bin_5,639,453,DUSP6,1,2.08
ZN207_HUMAN,O43670,ZNF207,BUB3-interacting and GLEBS motif-containing protein ZNF207 ,5,9,8,22,bin_5,32,0,ZNF207,1,2.76
AKP8L_HUMAN,Q9ULX6,AKAP8L,A-kinase anchor protein 8-like,7,7,8,22,bin_5,43,5,AKAP8L,1,0.53
PDLI5_HUMAN,Q96HC4,PDLIM5,PDZ and LIM domain protein 5 ,6,6,10,22,bin_5,133,0,PDLIM5,1,0.29
THIO_HUMAN,P10599,TXN,Thioredoxin,5,11,6,22,bin_5,669,15410,TXN,1,2.05
SPTN1_HUMAN,ARLAALADQW,SPTAN1,"Spectrin alpha chain, non-erythrocytic 1",6,2,14,22,bin_5,115,10,SPTAN1,1,0.72
THAP7_HUMAN,Q9BT49,THAP7,THAP domain-containing protein 7,12,4,6,22,bin_5,14,8,THAP7,1,0.29
TGFI1_HUMAN,O43294,TGFB1I1,Transforming growth factor beta-1-induced transcript 1 protein,5,12,5,22,bin_5,213,121,TGFBI,0,0.44
DPYL3_HUMAN,Q14195,DPYSL3,Dihydropyrimidinase-related protein 3,5,9,8,22,bin_5,169,66,DPYSL3,1,1.69
ADCY6_HUMAN,O43306,ADCY6,Adenylate cyclase type 6,5,13,4,22,bin_5,66,1712,ADCY6,1,2.86
TIAR_HUMAN,Q01085,TIAL1,Nucleolysin TIAR,5,10,7,22,bin_5,155,5,TIAR,0,2.84
GRIK3_HUMAN,Q13003,GRIK3,"Glutamate receptor ionotropic, kainate 3",6,6,10,22,bin_5,72,1140,GRIK3,1,1.62
ZDHC7_HUMAN,Q9NXF8,ZDHHC7,Palmitoyltransferase ZDHHC7 ,4,14,4,22,bin_5,35,11,ZDHHC7,1,2.3
DYH11_HUMAN,Q96DT5,DNAH11,Dynein axonemal heavy chain 11 ,5,9,8,22,bin_5,147,55,DNAAH11,0,5.15
ATAT_HUMAN,Q8NDK9,ATAT1,Alpha-tubulin N-acetyltransferase 1 ,2,12,8,22,bin_5,81,17,TAT1,0,0.27
SNP29_HUMAN,O95721,SNAP29,Synaptosomal-associated protein 29 ,2,9,11,22,bin_5,202,79,SNAP29,1,2.83
MCM7_HUMAN,P33993,MCM7,DNA replication licensing factor MCM7,4,10,8,22,bin_5,763,424,MCM7,1,0.32
PFKAL_HUMAN,P17858,PFKL,"ATP-dependent 6-phosphofructokinase, liver type ",9,6,7,22,bin_5,203,3,PFKL,1,1.4
PEX19_HUMAN,P40855,PEX19,Peroxisomal biogenesis factor 19 ,4,10,8,22,bin_5,182,0,PXF19,0,0.4
SOCS2_HUMAN,O14508,SOCS2,Suppressor of cytokine signaling 2 ,4,15,3,22,bin_5,807,6313,SOCS2,1,1.95
SOCS3_HUMAN,O14543,SOCS3,Suppressor of cytokine signaling 3 ,5,14,3,22,bin_5,4251,6721,SOCSS,0,1.14
CEMIP_HUMAN,Q8WUJ3,CEMIP,Cell migration-inducing and hyaluronan-binding protein,5,8,9,22,bin_5,194,28,HYAL1,0,2.26
E4F1_HUMAN,Q66K89,E4F1,Transcription factor E4F1,9,9,4,22,bin_5,53,48,E4F1,1,1.87
IKQETREKEN,Q9UFE4,CCDC39,Coiled-coil domain-containing protein 39 ,0,18,4,22,bin_5,72,13,CCDC39,1,0.38
MAX_HUMAN,P61244,MAX,Protein max ,9,4,9,22,bin_5,252097,91846,MAX,1,1.73
DYLT1_HUMAN,P63172,DYNLT1,Dynein light chain Tctex-type 1,2,9,11,22,bin_5,72,15,TCTEX1D2,0,0.38
DAPK2_HUMAN,Q9UIK4,DAPK2,Death-associated protein kinase 2,5,11,6,22,bin_5,1254,1212,DAPK2,1,0.48
AL1A1_HUMAN,P00352,ALDH1A1,Aldehyde dehydrogenase 1A1 ,9,8,5,22,bin_5,1879,273,ALDH1A1,1,1.17
PDE3B_HUMAN,Q13370,PDE3B,"cGMP-inhibited 3',5'-cyclic phosphodiesterase 3B ",6,11,5,22,bin_5,333,44,PDE3B,1,1.2
KIF4A_HUMAN,O95239,KIF4A,Chromosome-associated kinesin KIF4A,6,6,10,22,bin_5,247,4,KIF4A,1,1.43
STABP_HUMAN,O95630,STAMBP,STAM-binding protein,5,9,8,22,bin_5,88,38,STAMBP,1,3.17
DOCK1_HUMAN,Q14185,DOCK1,Dedicator of cytokinesis protein 1,4,10,8,22,bin_5,227,180,DCP1,0,2.01
TAF12_HUMAN,Q16514,TAF12,Transcription initiation factor TFIID subunit 12 ,5,12,5,22,bin_5,67,24,TAF12,1,3.08
LITAF_HUMAN,Q99732,LITAF,Lipopolysaccharide-induced tumor necrosis factor-alpha factor ,5,7,10,22,bin_5,333,3558,LITAF,1,2.43
TAF4_HUMAN,O00268,TAF4,Transcription initiation factor TFIID subunit 4,3,12,7,22,bin_5,121,33,TAF4,1,0.43
DGKI_HUMAN,O75912,DGKI,Diacylglycerol kinase iota ,3,6,13,22,bin_5,37,50,DGKI,1,1.16
LIN41_HUMAN,Q2Q1W2,TRIM71,E3 ubiquitin-protein ligase TRIM71 ,5,16,1,22,bin_5,86,33,TRIM71,1,0.44
PAR10_HUMAN,Q53GL7,PARP10,Protein mono-ADP-ribosyltransferase PARP10 ,7,10,5,22,bin_5,95,65,PARP10,1,2.19
DGCR8_HUMAN,Q9NRW2,DGCR8,Microprocessor complex subunit DGCR8,8,4,10,22,bin_5,703,23,DGCR8,1,2.87
TBR1_HUMAN,Q16650,TBR1,T-box brain protein 1,5,15,2,22,bin_5,383,246,TBX1,0,0.91
DEFB1_HUMAN,P60022,DEFB1,Beta-defensin 1,2,13,7,22,bin_5,627,2968,DEFB1,1,0.87
ABI3_HUMAN,Q9P2A4,ABI3,ABI gene family member 3,4,10,8,22,bin_5,588,110,ABIB,0,1.63
LAMA2_HUMAN,P24043,LAMA2,Laminin subunit alpha-2,2,12,8,22,bin_5,459,305,LAMA2,1,0.58
PARVA_HUMAN,Q9NVD7,PARVA,Alpha-parvin,3,11,8,22,bin_5,2017,89,PARVA,1,0.51
KS6A4_HUMAN,O75676,RPS6KA4,Ribosomal protein S6 kinase alpha-4,7,10,5,22,bin_5,73,3,RPS6KA4,1,1.98
LMAN1_HUMAN,Q9UQG7,LMAN1,Protein ERGIC-53,3,8,11,22,bin_5,222,187,ERGIC1,0,0.26
DHSO_HUMAN,Q00796,SORD,Sorbitol dehydrogenase ,9,7,6,22,bin_5,153,2180,SORD,1,4.12
USO1_HUMAN,O60763,USO1,General vesicular transport factor p115,2,9,11,22,bin_5,54,18,BSN,0,0.36
LTOR5_HUMAN,O43504,LAMTOR5,Ragulator complex protein LAMTOR5,0,15,7,22,bin_5,119,10,LAMTOR5,1,0.71
C11B2_HUMAN,P19099,CYP11B2,"Cytochrome P450 11B2, mitochondrial",5,15,2,22,bin_5,1844,78,CYP11B2,1,3.66
TFDP1_HUMAN,Q14186,TFDP1,Transcription factor Dp-1,5,10,7,22,bin_5,229,1314,DPM1,0,1.78
UD17_HUMAN,Q9HAW7,UGT1A7,UDP-glucuronosyltransferase 1A7 ,7,13,2,22,bin_5,363,161,UGT1A7,1,3.16
PAK5_HUMAN,Q9P286,PAK5,Serine/threonine-protein kinase PAK 5 ,3,12,7,22,bin_5,118,317,PAK5,1,0.42
DNJC3_HUMAN,Q13217,DNAJC3,DnaJ homolog subfamily C member 3,4,8,10,22,bin_5,136,26,DNAJC3,1,4.0
STX16_HUMAN,Q9H1T7,STX16,Syntaxin-16,3,5,14,22,bin_5,112,106,STS1,0,3.13
DHX15_HUMAN,O43143,DHX15,ATP-dependent RNA helicase DHX15 ,7,9,6,22,bin_5,106,4,DHX15,1,1.48
DMPK_HUMAN,Q09013,DMPK,Myotonin-protein kinase,5,10,7,22,bin_5,4522,781,MIPK,0,2.03
SWP70_HUMAN,Q9UH65,SWAP70,Switch-associated protein 70,5,10,7,22,bin_5,115,18,SAP70,0,0.7
LMX1A_HUMAN,Q8TE12,LMX1A,LIM homeobox transcription factor 1-alpha,5,15,2,22,bin_5,313,36,LHX1,0,2.08
SYGP1_HUMAN,Q96PV0,SYNGAP1,Ras/Rap GTPase-activating protein SynGAP,2,15,5,22,bin_5,303,12,SYNGAP1,1,0.38
SYT5_HUMAN,O00445,SYT5,Synaptotagmin-5,8,4,10,22,bin_5,39,2187,SYT5,1,2.32
CACB2_HUMAN,Q9HD32,CACNB2,Voltage-dependent L-type calcium channel subunit beta-2,4,13,5,22,bin_5,193,29,CACNB2,1,0.47
CP2J2_HUMAN,P51589,CYP2J2,Cytochrome P450 2J2,11,7,4,22,bin_5,730,179,CYP2J2,1,2.04
TMF1_HUMAN,P82094,TMF1,TATA element modulatory factor,3,14,5,22,bin_5,39,26,SP1,0,0.45
UBR2_HUMAN,Q8IWV8,UBR2,E3 ubiquitin-protein ligase UBR2,4,13,5,22,bin_5,94,63,UBR2,1,0.26
CLD18_HUMAN,P56856,CLDN18,Claudin-18,2,16,4,22,bin_5,334,303,CLDN18,1,0.39
CLD19_HUMAN,Q8N6F1,CLDN19,Claudin-19 ,2,15,5,22,bin_5,101,91,CLDN19,1,2.49
CYB_HUMAN,Q9B2Z0,MT-CYB,Cytochrome b,3,15,4,22,bin_5,131,13532,CYTB,0,1.76
ENPP3_HUMAN,O14638,ENPP3,Ectonucleotide pyrophosphatase/phosphodiesterase family member 3 ,8,9,5,22,bin_5,238,59,ENPP3,1,4.88
SFTPD_HUMAN,P35247,SFTPD,Pulmonary surfactant-associated protein D,2,12,8,22,bin_5,141,1403,SFTPD,1,1.91
SEP12_HUMAN,Q8IYM1,SEPTIN12,Septin-12,7,4,11,22,bin_5,29,6,SEPT12,0,1.24
SEM7A_HUMAN,O75326,SEMA7A,Semaphorin-7A,3,16,3,22,bin_5,235,142,SEMA7A,1,0.94
OPN3_HUMAN,Q9H1Y3,OPN3,Opsin-3,5,13,4,22,bin_5,102,39,OPN3,1,0.26
ONEC2_HUMAN,O95948,ONECUT2,One cut domain family member 2,4,14,4,22,bin_5,135,50,DDX5,0,2.64
SEM3F_HUMAN,Q13275,SEMA3F,Semaphorin-3F,2,17,3,22,bin_5,295,144,SEMA3F,1,1.87
SEH1_HUMAN,Q96EE3,SEH1L,Nucleoporin SEH1 ,1,13,8,22,bin_5,17,33,SEH1L,1,1.47
ANKH_HUMAN,Q9HCJ1,ANKH,Mineralization regulator ANKH ,3,15,4,22,bin_5,227,46,ANKH,1,2.6
CLIC1_HUMAN,O00299,CLIC1,Chloride intracellular channel protein 1,2,5,15,22,bin_5,299,4267,CLIC1,1,2.05
SDC4_HUMAN,P31431,SDC4,Syndecan-4 ,4,11,7,22,bin_5,603,950,SDC4,1,3.03
BRE1A_HUMAN,Q9NUR4,RNF20,E3 ubiquitin-protein ligase BRE1A,11,6,5,22,bin_5,173,6,BRE1A,0,2.88
CAH2_HUMAN,P00918,CA2,Carbonic anhydrase 2,4,12,6,22,bin_5,230664,4843,CA2,1,2.83
OMA1_HUMAN,Q96E52,OMA1,"Metalloendopeptidase OMA1, mitochondrial ",3,16,3,22,bin_5,202,60,OMA1,1,2.72
JPH2_HUMAN,Q9BR39,JPH2,Junctophilin-2 N-terminal fragment ,10,5,7,22,bin_5,116,8,JPH2,1,0.68
TNKS2_HUMAN,Q9H2K2,TNKS2,Poly [ADP-ribose] polymerase tankyrase-2 ,5,9,8,22,bin_5,161,42,TNKS2,1,0.25
SCNNG_HUMAN,P51170,SCNN1G,Amiloride-sensitive sodium channel subunit gamma,4,12,6,22,bin_5,207,297,SCNN1G,1,0.3
SCIMP_HUMAN,Q6UWF3,SCIMP,SLP adapter and CSK-interacting membrane protein,1,12,9,22,bin_5,28,2,SH3BP2,0,2.46
MLC1_HUMAN,Q15049,MLC1,Membrane protein MLC1 ,2,6,14,22,bin_5,400,191,MLC1,1,1.5
TESCTDSGAE,Q96K76,USP47,Ubiquitin carboxyl-terminal hydrolase 47,3,14,5,22,bin_5,67,172,UTP20,0,0.46
SC5A8_HUMAN,Q8N695,SLC5A8,Sodium-coupled monocarboxylate transporter 1,6,12,4,22,bin_5,180,53,SLC5A8,1,1.66
MLP3B_HUMAN,Q9GZQ8,MAP1LC3B,Microtubule-associated proteins 1A/1B light chain 3B ,4,7,11,22,bin_5,2100,150,MAP1LC3B,1,1.4
KANK1_HUMAN,Q14678,KANK1,KN motif and ankyrin repeat domain-containing protein 1,1,16,5,22,bin_5,132,6,ANKRD1,0,0.45
MED17_HUMAN,Q9NVC6,MED17,Mediator of RNA polymerase II transcription subunit 17,6,9,7,22,bin_5,71,60,MED17,1,0.48
COPT1_HUMAN,O15431,SLC31A1,Truncated CTR1 form ,5,10,7,22,bin_5,401,4,SLC30A8,0,0.38
CADH8_HUMAN,P55286,CDH8,Cadherin-8,4,11,7,22,bin_5,105,48,CDH8,1,2.17
KAT6B_HUMAN,Q8WYB5,KAT6B,Histone acetyltransferase KAT6B,9,8,5,22,bin_5,172,132,KAT6B,1,2.5
KCJ10_HUMAN,P78508,KCNJ10,ATP-sensitive inward rectifier potassium channel 10,3,12,7,22,bin_5,536,589,KCNJ10,1,2.21
PIF1_HUMAN,Q9H611,PIF1,ATP-dependent DNA helicase PIF1 ,9,9,4,22,bin_5,513,261,PIF1,1,2.4
CEBPE_HUMAN,Q15744,CEBPE,CCAAT/enhancer-binding protein epsilon,6,11,5,22,bin_5,199,130,CEBPE,1,0.29
EI2BE_HUMAN,Q13144,EIF2B5,Translation initiation factor eIF2B subunit epsilon,3,15,4,22,bin_5,118,77,EIF2B5,1,1.23
MEG10_HUMAN,Q96KG7,MEGF10,Multiple epidermal growth factor-like domains protein 10 ,3,16,3,22,bin_5,110,28,MED10,0,4.65
MDM4_HUMAN,O15151,MDM4,Protein Mdm4,3,16,3,22,bin_5,881,765,MDM4,1,1.71
EGR3_HUMAN,Q06889,EGR3,Early growth response protein 3,6,13,3,22,bin_5,466,212,EGR3,1,1.16
OTX2_HUMAN,P32243,OTX2,Homeobox protein OTX2,5,13,4,22,bin_5,1159,964,OTX2,1,1.0
EHMT1_HUMAN,Q9H9B1,EHMT1,Histone-lysine N-methyltransferase EHMT1,9,9,4,22,bin_5,292,174,EHMT1,1,3.25
SIA8B_HUMAN,Q92186,ST8SIA2,"Alpha-2,8-sialyltransferase 8B ",3,12,7,22,bin_5,195,2,ST8SIA8,0,3.01
ELA_HUMAN,P0DMC3,APELA,Apelin receptor early endogenous ligand ,2,18,2,22,bin_5,132,28,APE1,0,0.29
SPEF1_HUMAN,Q9Y4P9,SPEF1,Sperm flagellar protein 1,2,9,12,23,bin_5,13,419,SPF1,0,0.67
SYPH_HUMAN,P08247,SYP,Synaptophysin,3,10,10,23,bin_5,1460,10622,SYP,1,1.1
CPLX2_HUMAN,Q6PUV4,CPLX2,Complexin-2,3,9,11,23,bin_5,53,50,CPLX2,1,0.21
KLF15_HUMAN,Q9UIH9,KLF15,Krueppel-like factor 15,7,11,5,23,bin_5,427,11,KLF15,1,0.96
STK25_HUMAN,O00506,STK25,Serine/threonine-protein kinase 25,6,13,4,23,bin_5,94,23536,STK25,1,0.71
LACRT_HUMAN,Q9GZZ8,LACRT,Extracellular glycoprotein lacritin,3,17,3,23,bin_5,36,9,LACR1,0,3.08
FZD6_HUMAN,O60353,FZD6,Frizzled-6,4,13,6,23,bin_5,274,65,FZD6,1,2.5
CRFR1_HUMAN,P34998,CRHR1,Corticotropin-releasing factor receptor 1 ,3,16,4,23,bin_5,992,1623,CRHR1,1,1.04
VATF_HUMAN,Q16864,ATP6V1F,V-type proton ATPase subunit F,3,7,13,23,bin_5,14,50,ATP6V1F,1,0.89
STX5_HUMAN,Q13190,STX5,Syntaxin-5,3,11,9,23,bin_5,35,3043,STS1,0,2.4
KIF1B_HUMAN,Q9P280,KIF1B,Kinesin-like protein KIF1B ,5,9,9,23,bin_5,201,9,KIF1B,1,1.86
STX8_HUMAN,Q9UNK0,STX8,Syntaxin-8,5,6,12,23,bin_5,32,3021,STX8,1,1.69
SURF4_HUMAN,O15260,SURF4,Surfeit locus protein 4 ,2,8,13,23,bin_5,85,27,SRL,0,1.58
L2GL1_HUMAN,Q15334,LLGL1,Lethal(2) giant larvae protein homolog 1,4,9,10,23,bin_5,76,12,LGG1,0,2.32
KMT2E_HUMAN,Q86WG0,KMT2E,Inactive histone-lysine N-methyltransferase 2E ,4,7,12,23,bin_5,84,1,KMT2E,1,0.29
KI18B_HUMAN,SVSHGRSRIA,KIF18B,Kinesin-like protein KIF18B,6,6,11,23,bin_5,83,2,KIF18B,1,0.58
SYK_HUMAN,Q15046,KARS1,Lysine--tRNA ligase,7,9,7,23,bin_5,14,557,LARS,0,0.86
FUZZY_HUMAN,Q9BT04,FUZ,Protein fuzzy homolog,0,19,4,23,bin_5,77,40,FUZ,1,0.25
SSH1_HUMAN,Q8WYL5,SSH1,Protein phosphatase Slingshot homolog 1 ,4,11,8,23,bin_5,171,16,SSH1,1,0.52
STOM_HUMAN,P27105,STOM,Stomatin ,4,4,15,23,bin_5,296,385,STOM,1,1.86
KIF11_HUMAN,P52732,KIF11,Kinesin-like protein KIF11,5,9,9,23,bin_5,889,22,KIF11,1,1.78
SPTA1_HUMAN,P02549,SPTA1,"Spectrin alpha chain, erythrocytic 1",3,9,11,23,bin_5,180,88,SPTA1,1,2.92
KLK6_HUMAN,Q92876,KLK6,Kallikrein-6,1,11,11,23,bin_5,324,138,KLK6,1,0.47
SHGCIHHNSV,Q14145,KEAP1,Kelch-like ECH-associated protein 1 ,4,10,9,23,bin_5,6647,4531,KEAP1,1,1.86
GDIA_HUMAN,P31150,GDI1,Rab GDP dissociation inhibitor alpha,4,9,10,23,bin_5,110,57,RABGAP1,0,1.6
GATA5_HUMAN,Q9BWX5,GATA5,Transcription factor GATA-5,6,14,3,23,bin_5,309,197,GATA5,1,0.44
T2FA_HUMAN,P35269,GTF2F1,General transcription factor IIF subunit 1,9,9,5,23,bin_5,10,19,GTF2I,0,1.27
IF140_HUMAN,Q96RY7,IFT140,Intraflagellar transport protein 140 homolog ,0,14,9,23,bin_5,116,6,IFT140,1,0.67
TRI38_HUMAN,O00635,TRIM38,E3 ubiquitin-protein ligase TRIM38 ,5,15,3,23,bin_5,44,24,TRIM38,1,0.45
TRI68_HUMAN,Q9NW18,TRIM68,E3 ubiquitin-protein ligase TRIM68,8,8,7,23,bin_5,17,11,TRIM68,1,2.4
TRPA1_HUMAN,O75762,TRPA1,Transient receptor potential cation channel subfamily A member 1 ,5,17,1,23,bin_5,3280,2065,TRPA1,1,2.47
TSLP_HUMAN,Q969D9,TSLP,Thymic stromal lymphopoietin,2,19,2,23,bin_5,2424,2349,TSLP,1,0.61
TSP4_HUMAN,PNQSDVDNDL,THBS4,Thrombospondin-4,4,12,7,23,bin_5,171,228,THBS4,1,0.65
CNGA3_HUMAN,Q16281,CNGA3,Cyclic nucleotide-gated channel alpha-3,9,7,7,23,bin_5,311,17,CNGB3,0,0.31
UTRN_HUMAN,P46939,UTRN,Utrophin ,5,5,13,23,bin_5,357,1122,UTRN,1,0.52
HXA10_HUMAN,P31260,HOXA10,Homeobox protein Hox-A10,5,13,5,23,bin_5,940,162,HOXA10,1,1.16
TXNIP_HUMAN,Q9H3M7,TXNIP,Thioredoxin-interacting protein,2,19,2,23,bin_5,1989,1214,TXNIP,1,1.85
GPSM2_HUMAN,P81274,GPSM2,G-protein-signaling modulator 2,6,8,9,23,bin_5,136,468,GNSR,0,2.51
HNF1A_HUMAN,Q99861,HNF1A,Hepatocyte nuclear factor 1-alpha,9,10,4,23,bin_5,2141,2094,HNF1A,1,1.22
HMBX1_HUMAN,Q6NT76,HMBOX1,Homeobox-containing protein 1 ,6,7,10,23,bin_5,63,366,HOXB1,0,0.3
HLTF_HUMAN,Q14527,HLTF,Helicase-like transcription factor,10,6,7,23,bin_5,213,113,ESRRA,0,0.5
GRIA2_HUMAN,P42262,GRIA2,Glutamate receptor 2 ,5,5,13,23,bin_5,220,43500,Glra2,0,2.55
UBP16_HUMAN,Q8NEL3,USP16,Ubiquitin carboxyl-terminal hydrolase 16 ,8,12,3,23,bin_5,81,409,UTP20,0,2.6
HDGF_HUMAN,P51858,HDGF,Hepatoma-derived growth factor,10,6,7,23,bin_5,343,315,HDGF,1,3.28
UN13A_HUMAN,Q9UPW8,UNC13A,Protein unc-13 homolog A ,5,10,8,23,bin_5,217,26,UNC13A,1,2.79
GTR3_HUMAN,P11169,SLC2A3,"Solute carrier family 2, facilitated glucose transporter member 3 ",5,8,10,23,bin_5,814,69,SLC2A3,1,2.3
UNC5C_HUMAN,O95185,UNC5C,Netrin receptor UNC5C,4,11,8,23,bin_5,166,108,UNC5C,1,3.66
TRAF5_HUMAN,O00463,TRAF5,TNF receptor-associated factor 5,5,13,5,23,bin_5,278,158,TRAF5,1,1.8
IFT80_HUMAN,Q9P2H3,IFT80,Intraflagellar transport protein 80 homolog,0,16,7,23,bin_5,61,2,IFT80,1,0.46
IKZF3_HUMAN,Q69BM3,IKZF3,Zinc finger protein Aiolos,10,9,4,23,bin_5,358,54,IKZF3,1,3.34
TFE3_HUMAN,P19532,TFE3,Transcription factor E3 ,7,10,6,23,bin_5,1399,7982,E3F1,0,0.6
LQSQLPEGVP,Q15750,TAB1,TGF-beta-activated kinase 1 and MAP3K7-binding protein 1,5,11,7,23,bin_5,390,28,TAB1,1,3.03
GBA2_HUMAN,Q9HCG7,GBA2,Non-lysosomal glucosylceramidase ,5,12,6,23,bin_5,150,31,GBA,0,0.84
TBB4B_HUMAN,P68371,TUBB4B,Tubulin beta-4B chain,7,3,13,23,bin_5,67,8,TUBB4B,1,1.15
TBL1R_HUMAN,Q9BZK7,TBL1XR1,F-box-like/WD repeat-containing protein TBL1XR1,4,14,5,23,bin_5,220,0,TBL1XR1,1,3.4
JUND_HUMAN,P17535,JUND,Transcription factor JunD ,7,9,7,23,bin_5,1405,1083,JUN,0,3.02
JIP1_HUMAN,Q9UQF2,MAPK8IP1,C-Jun-amino-terminal kinase-interacting protein 1,4,8,11,23,bin_5,168,9,JIP1,0,5.74
ITPR2_HUMAN,Q14571,ITPR2,"Inositol 1,4,5-trisphosphate-gated calcium channel ITPR2 ",7,6,10,23,bin_5,164,0,ITPR2,1,1.95
CPEB1_HUMAN,Q9BZB8,CPEB1,Cytoplasmic polyadenylation element-binding protein 1,6,6,11,23,bin_5,289,182,CPEB1,1,1.76
ITF2_HUMAN,H3BPQ1,TCF4,Transcription factor 4,11,7,5,23,bin_5,2324,4426,TCF4,1,0.52
IL21_HUMAN,Q9HBE4,IL21,Interleukin-21 ,3,18,2,23,bin_5,4325,2256,IL21,1,0.42
GBX2_HUMAN,P52951,GBX2,Homeobox protein GBX-2,7,14,2,23,bin_5,260,9,GBX2,1,3.34
FUT10_HUMAN,Q6P4F1,FUT10,"Alpha-(1,3)-fucosyltransferase 10",2,15,6,23,bin_5,12,65,FUT10,1,1.76
CP131_HUMAN,Q9UPN4,CEP131,Centrosomal protein of 131 kDa,2,10,11,23,bin_5,47,0,CENP1,0,0.94
GEMI5_HUMAN,Q8TEQ6,GEMIN5,Gem-associated protein 5,8,5,10,23,bin_5,83,4,GEMIN5,1,1.7
GFRA1_HUMAN,P56159,GFRA1,GDNF family receptor alpha-1,5,8,10,23,bin_5,558,1591,GFRAL,0,1.17
ING5_HUMAN,Q8WYH8,ING5,Inhibitor of growth protein 5,3,16,4,23,bin_5,120,84483,ING5,1,1.49
TOP2B_HUMAN,Q02880,TOP2B,DNA topoisomerase 2-beta,6,12,5,23,bin_5,207,20,TOP2B,1,3.43
CSPG4_HUMAN,Q6UVK1,CSPG4,Chondroitin sulfate proteoglycan 4,2,9,12,23,bin_5,341,983,CSRP2,0,3.33
MB12A_HUMAN,Q96EY5,MVB12A,Multivesicular body subunit 12A,3,11,9,23,bin_5,11,0,MVB12A,1,1.88
CSPG5_HUMAN,O95196,CSPG5,Chondroitin sulfate proteoglycan 5,1,8,14,23,bin_5,46,5957,BGN,0,0.23
NSUN2_HUMAN,Q08J23,NSUN2,RNA cytosine C(5)-methyltransferase NSUN2 ,4,11,8,23,bin_5,221,0,NSUN2,1,0.42
ERCC5_HUMAN,P28715,ERCC5,DNA excision repair protein ERCC-5 ,11,7,5,23,bin_5,300,355,ERCC5,1,2.52
PARPT_HUMAN,Q7Z3E1,TIPARP,Protein mono-ADP-ribosyltransferase TIPARP ,6,16,1,23,bin_5,105,36,TIPARP,1,0.55
PAR6A_HUMAN,Q9NPB6,PARD6A,Partitioning defective 6 homolog alpha,2,10,11,23,bin_5,119,5,PDCD6IP,0,3.17
ZNT2_HUMAN,Q9BRI3,SLC30A2,Proton-coupled zinc antiporter SLC30A2 ,4,9,10,23,bin_5,81,3,SLC30A2,1,0.98
RHG44_HUMAN,Q17R89,ARHGAP44,Rho GTPase-activating protein 44 ,3,12,8,23,bin_5,22,16,ARHGAP44,1,1.94
ESCO2_HUMAN,Q56NI9,ESCO2,N-acetyltransferase ESCO2 ,5,8,10,23,bin_5,146,13,ESCO2,1,0.97
RHOC_HUMAN,P08134,RHOC,Rho-related GTP-binding protein RhoC,3,13,7,23,bin_5,1067,7,RHOc,0,0.83
PAQR1_HUMAN,Q96A54,ADIPOR1,Adiponectin receptor protein 1 ,6,15,2,23,bin_5,1306,4062,ADIPOR1,1,0.95
DQB1_HUMAN,Q9MYH2,HLA-DQB1,"HLA class II histocompatibility antigen, DQ beta 1 chain",3,8,12,23,bin_5,3844,2017,HLA-DQB1,1,7.48
RIMS2_HUMAN,Q9UQ26,RIMS2,Regulating synaptic membrane exocytosis protein 2,3,15,5,23,bin_5,65,549,RIMS2,1,1.57
EXOS7_HUMAN,Q15024,EXOSC7,Exosome complex component RRP42,3,12,8,23,bin_5,7,1,EXOSC3,0,1.74
ORAI1_HUMAN,Q96D31,ORAI1,Calcium release-activated calcium channel protein 1,4,13,6,23,bin_5,2168,1805,ORAI1,1,3.67
DPB1_HUMAN,Q9XS11,HLA-DPB1,"HLA class II histocompatibility antigen, DP beta 1 chain",2,9,12,23,bin_5,1275,510,DPB1,0,0.58
RMP_HUMAN,O94763,URI1,Unconventional prefoldin RPB5 interactor 1,6,9,8,23,bin_5,70,16,PFDN5,0,5.27
MFNNACTYNE,Q9H2T5,PBRM1,Protein polybromo-1,2,13,8,23,bin_5,630,67,P53BP1,0,0.74
MQRLCDKYNR,Q8TEK3,DOT1L,"Histone-lysine N-methyltransferase, H3 lysine-79 specific ",8,10,5,23,bin_5,639,46,KMT2D,0,0.83
NRX2A_HUMAN,Q9P2S2,NRXN2,Neurexin-2,5,13,5,23,bin_5,78,30,NRXN2,1,2.15
RN213_HUMAN,Q8IZX2,RNF213,E3 ubiquitin-protein ligase RNF213 ,5,13,5,23,bin_5,447,296,RNF213,1,0.68
FABPL_HUMAN,P07148,FABP1,"Fatty acid-binding protein, liver",8,8,7,23,bin_5,969,6800,LBP,0,6.4
DNJC5_HUMAN,Q9H3Z4,DNAJC5,DnaJ homolog subfamily C member 5 ,1,7,15,23,bin_5,66,13,DNAJC5,1,0.83
RNF31_HUMAN,Q96EP0,RNF31,E3 ubiquitin-protein ligase RNF31,9,10,4,23,bin_5,135,113,RNF31,1,4.29
NLGNY_HUMAN,Q8NFZ3,NLGN4Y,"Neuroligin-4, Y-linked",4,10,9,23,bin_5,27,3,NLGN4Y,1,3.01
RPE65_HUMAN,Q16518,RPE65,Retinoid isomerohydrolase ,9,9,5,23,bin_5,1126,656,RILP,0,1.35
DMAP1_HUMAN,Q9NPF5,DMAP1,DNA methyltransferase 1-associated protein 1,3,12,8,23,bin_5,160,28,DMAP1,1,2.42
RRAGD_HUMAN,Q9NQL2,RRAGD,Ras-related GTP-binding protein D,6,8,9,23,bin_5,50,4930,RHD,0,2.51
RS15_HUMAN,P62841,RPS15,Small ribosomal subunit protein uS19 ,5,9,9,23,bin_5,230,7,RPS25,0,3.97
RS5_HUMAN,P46782,RPS5,"Small ribosomal subunit protein uS7, N-terminally processed",4,6,13,23,bin_5,200,0,RPS25,0,4.58
PAXI_HUMAN,P49023,PXN,Paxillin,5,11,7,23,bin_5,1157,3491,PXN,1,4.27
PDGFD_HUMAN,Q9GZP0,PDGFD,"Platelet-derived growth factor D, receptor-binding form",2,17,4,23,bin_5,376,1,PDGFD,1,3.77
RXRB_HUMAN,P28702,RXRB,Retinoic acid receptor RXR-beta,8,9,6,23,bin_5,100,162,RXRB,1,2.64
PLCE1_HUMAN,Q9H9X8,PLCE1,"1-phosphatidylinositol 4,5-bisphosphate phosphodiesterase epsilon-1 ",6,13,4,23,bin_5,251,68,INPP5E,0,1.48
EF2_HUMAN,P13639,EEF2,Elongation factor 2,7,3,13,23,bin_5,1022,1859,EFS,0,1.08
PRGC2_HUMAN,Q8TDE5,PPARGC1B,Peroxisome proliferator-activated receptor gamma coactivator 1-beta,5,13,5,23,bin_5,291,113,PPARGC1B,1,1.99
PRDX6_HUMAN,P30041,PRDX6,Peroxiredoxin-6,8,5,10,23,bin_5,655,777,PRDX6,1,1.77
PTX3_HUMAN,P26022,PTX3,Pentraxin-related protein PTX3 ,4,14,5,23,bin_5,2152,25,PTX3,1,0.56
EAA4_HUMAN,P48664,SLC1A6,Excitatory amino acid transporter 4,6,10,7,23,bin_5,109,110,SLC1A6,1,2.31
PODXL_HUMAN,O00592,PODXL,Podocalyxin,0,9,14,23,bin_5,232,710,PODXL,1,1.76
PYGL_HUMAN,Q96G82,PYGL,"Glycogen phosphorylase, liver form ",11,6,6,23,bin_5,155,292,GYS1,0,0.49
EIF3E_HUMAN,P60228,EIF3E,Eukaryotic translation initiation factor 3 subunit E ,3,7,13,23,bin_5,110,85,EIF3E,1,5.91
PLXB1_HUMAN,O43157,PLXNB1,Plexin-B1,5,15,3,23,bin_5,234,222,PLXNB1,1,1.54
RAB5B_HUMAN,P61020,RAB5B,Ras-related protein Rab-5B,5,6,12,23,bin_5,105,4,RAB5B,1,4.29
PLPP1_HUMAN,O14494,PLPP1,Phospholipid phosphatase 1 ,6,11,6,23,bin_5,17,3688,PPM1B,0,2.16
PLPL8_HUMAN,Q9NP80,PNPLA8,Calcium-independent phospholipase A2-gamma ,5,12,6,23,bin_5,29,124,PLA2G6,0,2.88
E2AK1_HUMAN,Q9UHG4,EIF2AK1,Eukaryotic translation initiation factor 2-alpha kinase 1 ,5,15,3,23,bin_5,62,274,EIF2AK1,1,2.93
PDLI1_HUMAN,O00151,PDLIM1,PDZ and LIM domain protein 1,5,10,8,23,bin_5,85,0,PDLIM1,1,1.16
PKP4_HUMAN,Q99569,PKP4,Plakophilin-4,1,6,16,23,bin_5,55,18,PKP4,1,1.0
GTPB4_HUMAN,Q9BZE4,GTPBP4,GTP-binding protein 4,4,11,8,23,bin_5,31,28245,GTPBP4,1,0.51
EMX1_HUMAN,Q04741,EMX1,Homeobox protein EMX1 ,3,15,5,23,bin_5,288,115,EMX1,1,0.2
TIRSPVQIRN,Q9Y2J1,VPS13A,Intermembrane lipid transfer protein VPS13A ,0,12,11,23,bin_5,224,2,VPS13A,1,3.2
RASA1_HUMAN,P20936,RASA1,Ras GTPase-activating protein 1,6,13,4,23,bin_5,339,2602,RASAL1,0,1.25
PITM1_HUMAN,O00562,PITPNM1,Membrane-associated phosphatidylinositol transfer protein 1,7,6,10,23,bin_5,31,26,PITPNA,0,1.93
EPHA1_HUMAN,P21709,EPHA1,Ephrin type-A receptor 1,6,15,2,23,bin_5,324,1508,EPHA1,1,2.02
DYH5_HUMAN,Q8TE73,DNAH5,Dynein axonemal heavy chain 5,5,10,8,23,bin_5,211,98,DNAH5,1,1.83
PGRP1_HUMAN,O75594,PGLYRP1,Peptidoglycan recognition protein 1,7,10,6,23,bin_5,193,251,PGLYRP1,1,1.11
DUS22_HUMAN,Q9NRW4,DUSP22,Dual specificity protein phosphatase 22 ,5,13,5,23,bin_5,185,239,DUSP22,1,0.68
GGRVFVHCQA,P28562,DUSP1,Dual specificity protein phosphatase 1 ,8,13,2,23,bin_5,1522,517,DUSP1,1,0.45
RCC1_HUMAN,P18754,RCC1,Regulator of chromosome condensation,8,8,7,23,bin_5,581,2656,CCDC8,0,3.08
RECQ4_HUMAN,O94761,RECQL4,ATP-dependent DNA helicase Q4,10,8,5,23,bin_5,367,2355,MCM9,0,2.04
NID1_HUMAN,P14543,NID1,Nidogen-1,8,9,6,23,bin_5,131,922,NID1,1,0.56
FCN2_HUMAN,Q15485,FCN2,Ficolin-2,7,8,8,23,bin_5,127,202,FCN2,1,0.75
VATH_HUMAN,Q9UI12,ATP6V1H,V-type proton ATPase subunit H,2,9,12,23,bin_5,33,97,ATP6V1H,1,2.87
LX12B_HUMAN,O75342,ALOX12B,"Arachidonate 12-lipoxygenase, 12R-type ",8,12,3,23,bin_5,126,2,ALOX12B,1,2.2
MD1L1_HUMAN,Q9Y6D9,MAD1L1,Mitotic spindle assembly checkpoint protein MAD1,2,9,12,23,bin_5,321,188,MAD1L1,1,0.35
DAAF1_HUMAN,Q8NEP3,DNAAF1,Dynein axonemal assembly factor 1,1,15,7,23,bin_5,29,32,DNAAF1,1,0.8
SIAH1_HUMAN,Q8IUQ4,SIAH1,E3 ubiquitin-protein ligase SIAH1,5,14,4,23,bin_5,343,245,SIAH1,1,0.51
MCM8_HUMAN,Q9UJA3,MCM8,DNA helicase MCM8,9,9,5,23,bin_5,128,90,MCM8,1,1.89
MBD1_HUMAN,CSTCLLQLPH,MBD1,Methyl-CpG-binding domain protein 1 ,6,11,6,23,bin_5,341,489,MCBP1,0,2.19
PSDE_HUMAN,O00487,PSMD14,26S proteasome non-ATPase regulatory subunit 14,6,8,9,23,bin_5,130,27,PSMD4,0,2.04
MAP4_HUMAN,P27816,MAP4,Microtubule-associated protein 4,4,9,10,23,bin_5,67011,66816,MAP4,1,0.82
MAOX_HUMAN,P48163,ME1,NADP-dependent malic enzyme ,10,10,3,23,bin_5,679,288,ME1,1,1.83
SKAP1_HUMAN,Q86WV1,SKAP1,Src kinase-associated phosphoprotein 1,4,11,8,23,bin_5,84,66,SAP1,0,1.22
MA2A1_HUMAN,Q16706,MAN2A1,Alpha-mannosidase 2,6,12,5,23,bin_5,37,1854,MAN2A1,1,2.37
M4K4_HUMAN,O95819,MAP4K4,Mitogen-activated protein kinase kinase kinase kinase 4,6,15,2,23,bin_5,298,41318,MAP4K4,1,0.83
SMC2_HUMAN,O95347,SMC2,Structural maintenance of chromosomes protein 2,4,8,11,23,bin_5,204,1219,SMC2,1,3.68
FOXE1_HUMAN,O00358,FOXE1,Forkhead box protein E1,5,16,2,23,bin_5,316,107,FOXE1,1,6.23
CXB6_HUMAN,O95452,GJB6,Gap junction beta-6 protein,5,15,3,23,bin_5,632,560,GJB6,1,3.9
SGPL1_HUMAN,O95470,SGPL1,Sphingosine-1-phosphate lyase 1 ,2,19,2,23,bin_5,153,286,SPLL,0,2.44
LRC8A_HUMAN,Q8IWT6,LRRC8A,Volume-regulated anion channel subunit LRRC8A ,3,14,6,23,bin_5,221,69,LRRC8A,1,3.88
SMCR8_HUMAN,Q8TEV9,SMCR8,Guanine nucleotide exchange protein SMCR8 ,4,11,8,23,bin_5,48,40,SMCR8,1,2.13
SMRD2_HUMAN,Q92925,SMARCD2,SWI/SNF-related matrix-associated actin-dependent regulator of chromatin subfamily D member 2,2,11,10,23,bin_5,33,14,SMARCD2,1,3.69
SMUF2_HUMAN,Q9HAU4,SMURF2,E3 ubiquitin-protein ligase SMURF2,4,11,8,23,bin_5,436,319,SMURF2,1,0.54
FOXK2_HUMAN,Q01167,FOXK2,Forkhead box protein K2 ,8,10,5,23,bin_5,93,25,FOXL2,0,1.28
SNX17_HUMAN,Q15036,SNX17,Sorting nexin-17,3,11,9,23,bin_5,73,35,SNX17,1,1.78
FOXM1_HUMAN,Q08050,FOXM1,Forkhead box protein M1,5,15,3,23,bin_5,2482,1640,FOXM1,1,3.42
LKHA4_HUMAN,P09960,LTA4H,Leukotriene A-4 hydrolase,8,8,7,23,bin_5,295,575,LTA4H,1,0.38
LIRA2_HUMAN,Q8N149,LILRA2,Leukocyte immunoglobulin-like receptor subfamily A member 2,4,17,2,23,bin_5,49,41,LILRA2,1,1.34
FRIH_HUMAN,P02794,FTH1,"Ferritin heavy chain, N-terminally processed",6,7,10,23,bin_5,816,0,FTH1,1,0.98
CTIP_HUMAN,Q99708,RBBP8,DNA endonuclease RBBP8,6,11,6,23,bin_5,297,30,RBBP8,1,0.65
LCAP_HUMAN,Q9UIQ6,LNPEP,"Leucyl-cystinyl aminopeptidase, pregnancy serum form",5,9,9,23,bin_5,59,2,LAP3,0,0.69
MD2L1_HUMAN,Q13257,MAD2L1,Mitotic spindle assembly checkpoint protein MAD2A,2,10,11,23,bin_5,711,3,MAD2L1,1,2.08
YKT6_HUMAN,O15498,YKT6,Synaptobrevin homolog YKT6,3,5,15,23,bin_5,134,11,YKT6,1,0.79
S10AD_HUMAN,Q99584,S100A13,Protein S100-A13,8,6,9,23,bin_5,129,1,S100A13,1,4.04
DIC_HUMAN,Q9UBX3,SLC25A10,Mitochondrial dicarboxylate carrier ,7,12,4,23,bin_5,41,254,SLC25A10,1,1.14
S12A6_HUMAN,Q9UHW9,SLC12A6,Solute carrier family 12 member 6,5,13,5,23,bin_5,1109,1028,SLC12A6,1,0.41
NEO1_HUMAN,YKGNSKDVKP,NEO1,Neogenin,4,12,7,23,bin_5,137,337,NEGR1,0,1.7
S27A5_HUMAN,Q9Y2P5,SLC27A5,Long-chain fatty acid transport protein 5 ,8,10,5,23,bin_5,62,445,SLC27A5,1,1.78
NDUS2_HUMAN,O75306,NDUFS2,"NADH dehydrogenase [ubiquinone] iron-sulfur protein 2, mitochondrial",8,10,5,23,bin_5,120,1544,ND2,0,0.73
NDUAD_HUMAN,Q9P0J0,NDUFA13,NADH dehydrogenase [ubiquinone] 1 alpha subcomplex subunit 13,2,14,7,23,bin_5,142,10,NDUFA13,1,0.74
S36A1_HUMAN,Q7Z2H8,SLC36A1,Proton-coupled amino acid transporter 1 ,8,10,5,23,bin_5,139,179,SLC36A1,1,1.39
S38A9_HUMAN,Q8NBW4,SLC38A9,Neutral amino acid transporter 9 ,11,7,5,23,bin_5,72,2021,SLC1A5,0,1.26
DESM_HUMAN,Q8TAC4,DES,Desmin,3,6,14,23,bin_5,627499,11560,DES,1,0.47
S6A13_HUMAN,Q9NSD5,SLC6A13,Sodium- and chloride-dependent GABA transporter 2,8,10,5,23,bin_5,103,29,SLC6A13,1,0.39
DEF5_HUMAN,Q01523,DEFA5,HD5(63-94) ,1,14,8,23,bin_5,179,3,CASC3,0,4.77
NCOA3_HUMAN,Q9Y6Q9,NCOA3,Nuclear receptor coactivator 3,8,8,7,23,bin_5,629,702,NCOA3,1,5.5
DACH1_HUMAN,Q96SG4,DACH1,Dachshund homolog 1,4,13,6,23,bin_5,287,60,DACH1,1,1.02
SAV1_HUMAN,Q9H4B6,SAV1,Protein salvador homolog 1,3,17,3,23,bin_5,197,87,SAV1,1,1.11
NAPEP_HUMAN,Q6IQ20,NAPEPLD,N-acyl-phosphatidylethanolamine-hydrolyzing phospholipase D ,5,8,10,23,bin_5,264,13,NAPDL4,0,0.31
NANOG_HUMAN,Q9H9S0,NANOG,Homeobox protein NANOG,8,10,5,23,bin_5,7200,2446,NANOG,1,0.51
MVP_HUMAN,Q14764,MVP,Major vault protein,3,8,12,23,bin_5,3253,663,LMP2,0,2.04
MTSS1_HUMAN,O43312,MTSS1,Protein MTSS 1 ,5,13,5,23,bin_5,217,117,MTSS1,1,4.01
SDC1_HUMAN,P18827,SDC1,Syndecan-1 ,2,14,7,23,bin_5,1674,3002,SDC1,1,4.47
FLNB_HUMAN,Q6MZJ1,FLNB,Filamin-B,5,6,12,23,bin_5,188,1619,FLNB,1,1.49
MK11_HUMAN,Q15759,MAPK11,Mitogen-activated protein kinase 11,4,15,4,23,bin_5,107,190,MAPK11,1,1.98
SEM3C_HUMAN,Q99985,SEMA3C,Semaphorin-3C,2,18,3,23,bin_5,205,88,SEMA3C,1,0.75
MFN2_HUMAN,O95140,MFN2,Mitofusin-2 ,3,16,4,23,bin_5,2545,1151,MFN2,1,0.91
MEIS1_HUMAN,O00470,MEIS1,Homeobox protein Meis1,5,15,3,23,bin_5,799,516,MEIS1,1,2.08
PKP3_HUMAN,Q9Y446,PKP3,Plakophilin-3,5,9,9,23,bin_5,101,532,PKP3,1,0.51
1433B_HUMAN,P31946,YWHAB,"14-3-3 protein beta/alpha, N-terminally processed",8,7,8,23,bin_5,168,0,YWHAQ,0,1.64
ATP9A_HUMAN,O75110,ATP9A,Probable phospholipid-transporting ATPase IIA,5,7,11,23,bin_5,29,1,ATP10A,0,3.39
ASIC1_HUMAN,P78348,ASIC1,Acid-sensing ion channel 1 ,3,14,6,23,bin_5,580,1266,ASIC1,1,2.09
DVPDVNIEGP,Q09666,AHNAK,Neuroblast differentiation-associated protein AHNAK,5,3,15,23,bin_5,299,15,AHNAK,1,1.09
ADH4_HUMAN,P08319,ADH4,All-trans-retinol dehydrogenase [NAD(+)] ADH4 ,12,9,2,23,bin_5,244,1,ADH4,1,3.23
AT1B3_HUMAN,P54709,ATP1B3,Sodium/potassium-transporting ATPase subunit beta-3,3,13,7,23,bin_5,58,0,ATP1B3,1,1.86
AZIN2_HUMAN,Q96L56,AZIN2,Antizyme inhibitor 2,2,8,13,23,bin_5,34,138,INHAT/AZIP-2,0,1.55
CD177_HUMAN,Q8N6Q3,CD177,CD177 antigen ,3,12,8,23,bin_5,375,253,CD177,1,0.71
FVECLKLNKK,Q9BV23,ABHD6,Monoacylglycerol lipase ABHD6 ,2,11,10,23,bin_5,144,110,ABHD6,1,0.26
CD22_HUMAN,Q92872,CD22,B-cell receptor CD22 ,6,8,9,23,bin_5,2924,523,CD22,1,0.61
BICD2_HUMAN,Q8TD16,BICD2,Protein bicaudal D homolog 2,5,11,7,23,bin_5,181,14,BICD2,1,2.1
CER1_HUMAN,O95813,CER1,Cerberus,4,17,2,23,bin_5,272,323,CER1,1,1.26
AKAP8_HUMAN,O43823,AKAP8,A-kinase anchor protein 8,6,9,8,23,bin_5,66,235,AKAP8,1,1.17
ATS5_HUMAN,Q9UNA0,ADAMTS5,A disintegrin and metalloproteinase with thrombospondin motifs 5,9,9,5,23,bin_5,1513,757,ADAMTS5,1,0.23
AQP3_HUMAN,Q92482,AQP3,Aquaporin-3,4,13,6,23,bin_5,1531,1047,AQP3,1,0.46
ATG9A_HUMAN,Q9HAG7,ATG9A,Autophagy-related protein 9A ,1,6,16,23,bin_5,276,61,ATG9A,1,0.41
BIRC7_HUMAN,Q96CA5,BIRC7,Baculoviral IAP repeat-containing protein 7 30kDa subunit,6,11,6,23,bin_5,273,0,NAIP,0,0.7
AQP2_HUMAN,P41181,AQP2,Aquaporin-2,3,10,10,23,bin_5,2032,2151,AQP2,1,0.49
BAG5_HUMAN,Q9UL15,BAG5,BAG family molecular chaperone regulator 5,4,11,8,23,bin_5,90,26,BAG5,1,1.87
ALX4_HUMAN,Q9H161,ALX4,Homeobox protein aristaless-like 4,6,13,4,23,bin_5,209,23,ARL4D,0,5.37
CATZ_HUMAN,Q9UBR2,CTSZ,Cathepsin Z,3,5,15,23,bin_5,116,115,CTSZ,1,0.88
APBB2_HUMAN,Q92870,APBB2,Amyloid beta precursor protein binding family B member 2 ,1,13,9,23,bin_5,47,29,APBB2,1,3.21
4ET_HUMAN,Q9NRA8,EIF4ENIF1,Eukaryotic translation initiation factor 4E transporter ,4,11,8,23,bin_5,72,297,IF4ETP,0,3.76
ADA2B_HUMAN,P18089,ADRA2B,Alpha-2B adrenergic receptor,2,17,4,23,bin_5,235,11140,ADRA2B,1,0.73
BST1_HUMAN,Q10588,BST1,ADP-ribosyl cyclase/cyclic ADP-ribose hydrolase 2 ,4,13,6,23,bin_5,171,1749,ADPRHL2,0,1.42
ABC3F_HUMAN,Q8IUX4,APOBEC3F,DNA dC->dU-editing enzyme APOBEC-3F ,5,13,5,23,bin_5,257,0,APOBEC3F,1,1.41
ALKB5_HUMAN,Q6P6C2,ALKBH5,RNA demethylase ALKBH5 ,6,11,6,23,bin_5,815,417,ALKBH5,1,1.67
CASQ1_HUMAN,P31415,CASQ1,Calsequestrin-1,2,11,10,23,bin_5,156,74,CASQ1,1,0.57
AURKC_HUMAN,Q9UQB9,AURKC,Aurora kinase C,5,8,10,23,bin_5,172,148,AURKC,1,3.24
CHSTB_HUMAN,Q9NPF2,CHST11,Carbohydrate sulfotransferase 11,4,17,2,23,bin_5,88,253,CHST11,1,2.26
AIRE_HUMAN,O43918,AIRE,Autoimmune regulator,6,12,5,23,bin_5,2450,40425,AIRE,1,0.44
CCND2_HUMAN,P30279,CCND2,G1/S-specific cyclin-D2 ,3,10,10,23,bin_5,1463,8,CCND2,1,0.88
ADRB3_HUMAN,P13945,ADRB3,Beta-3 adrenergic receptor,6,15,2,23,bin_5,459,2541,ADRB3,1,1.51
ACADM_HUMAN,P11310,ACADM,"Medium-chain specific acyl-CoA dehydrogenase, mitochondrial ",4,13,6,23,bin_5,255,143,ACADM,1,0.71
B3A2_HUMAN,P04920,SLC4A2,Anion exchange protein 2,5,13,5,23,bin_5,107,3211,SLC4A2,1,0.37
ADRB1_HUMAN,P08588,ADRB1,Beta-1 adrenergic receptor ,6,13,4,23,bin_5,546,5908,ADRB1,1,0.72
CALX_HUMAN,P27824,CANX,Calnexin,4,7,12,23,bin_5,133,1847,CANX,1,0.98
ABCD2_HUMAN,Q9UBJ2,ABCD2,ATP-binding cassette sub-family D member 2,8,12,3,23,bin_5,486,60,ABCD2,1,1.51
AGAP2_HUMAN,Q99490,AGAP2,"Arf-GAP with GTPase, ANK repeat and PH domain-containing protein 2",9,6,8,23,bin_5,174,4,AGAP2,1,0.73
AAKG1_HUMAN,P54619,PRKAG1,5'-AMP-activated protein kinase subunit gamma-1,8,9,6,23,bin_5,85,24,PRKAG1,1,0.6
CCNT1_HUMAN,O60563,CCNT1,Cyclin-T1 ,9,9,5,23,bin_5,253,880,CCT1,0,0.39
CHD5_HUMAN,Q8TDI0,CHD5,Chromodomain-helicase-DNA-binding protein 5,9,6,8,23,bin_5,143,172,CHD5,1,1.18
C2TA_HUMAN,P33076,CIITA,MHC class II transactivator ,9,11,3,23,bin_5,1157,1358,CITA,0,0.23
ARL6_HUMAN,Q9H0F7,ARL6,ADP-ribosylation factor-like protein 6,4,10,9,23,bin_5,82,64,ARL6,1,1.42
CAN1_HUMAN,P07384,CAPN1,Calpain-1 catalytic subunit ,3,8,12,23,bin_5,495,31,CAPN1,1,3.89
SNX2_HUMAN,O60749,SNX2,Sorting nexin-2,9,4,11,24,bin_5,103,20,SNX2,1,1.48
DX39B_HUMAN,Q5STB4,DDX39B,Spliceosome RNA helicase DDX39B ,10,6,8,24,bin_5,133,10,DDX39B,1,4.07
CTR1_HUMAN,P30825,SLC7A1,High affinity cationic amino acid transporter 1,7,11,6,24,bin_5,235,17,SLC7A1,1,3.79
CKAP5_HUMAN,Q14008,CKAP5,Cytoskeleton-associated protein 5,5,10,9,24,bin_5,158,353,CTSN,0,0.57
SNX6_HUMAN,Q9UNH7,SNX6,"Sorting nexin-6, N-terminally processed",4,10,10,24,bin_5,69,0,SNX6,1,1.5
ABC3G_HUMAN,Q9HC16,APOBEC3G,DNA dC->dU-editing enzyme APOBEC-3G ,6,12,6,24,bin_5,1187,0,APOBEC3G,1,0.52
VA0D1_HUMAN,P61421,ATP6V0D1,V-type proton ATPase subunit d 1,2,8,14,24,bin_5,35,20,ATP6V1D,0,3.21
DAF_HUMAN,Q14UF4,CD55,Complement decay-accelerating factor,2,11,11,24,bin_5,2600,2264,CD55,1,1.39
UD18_HUMAN,Q9HAW9,UGT1A8,UDP-glucuronosyltransferase 1A8 ,8,14,2,24,bin_5,296,145,UGT1A8,1,3.7
CXCL9_HUMAN,Q07325,CXCL9,C-X-C motif chemokine 9,4,17,3,24,bin_5,3782,885,CXCL9,1,1.32
SCN1A_HUMAN,KPIVEKHEQE,SCN1A,Sodium channel protein type 1 subunit alpha,2,12,10,24,bin_5,1781,659,SCN1A,1,1.3
CIDEB_HUMAN,Q9UHD4,CIDEB,Lipid transferase CIDEB ,4,12,8,24,bin_5,105,3,CIDEB,1,1.99
SIR5_HUMAN,Q9NXA8,SIRT5,"NAD-dependent protein deacylase sirtuin-5, mitochondrial ",7,12,5,24,bin_5,558,10,SIRT5,1,1.2
PUM1_HUMAN,Q14671,PUM1,Pumilio homolog 1 ,3,15,6,24,bin_5,226,36,PUM1,1,4.53
DC1L1_HUMAN,Q9Y6G9,DYNC1LI1,Cytoplasmic dynein 1 light intermediate chain 1,6,6,12,24,bin_5,55,107,DNCL1,0,1.75
UBE2C_HUMAN,O00762,UBE2C,Ubiquitin-conjugating enzyme E2 C,5,13,6,24,bin_5,500,1128,UBE2C,1,0.53
AMPE_HUMAN,Q07075,ENPEP,Glutamyl aminopeptidase,4,10,10,24,bin_5,82,921,ENPEP,1,0.63
SKP1_HUMAN,P63208,SKP1,S-phase kinase-associated protein 1,7,9,8,24,bin_5,1649,846,SKA1,0,2.44
SIN1_HUMAN,Q699U1,MAPKAP1,Target of rapamycin complex 2 subunit MAPKAP1,8,9,7,24,bin_5,321,11,MAPKAP1,1,0.82
CXG1_HUMAN,P36383,GJC1,Gap junction gamma-1 protein,4,12,8,24,bin_5,39,12,GJC1,1,0.61
E2F4_HUMAN,Q16254,E2F4,Transcription factor E2F4,10,10,4,24,bin_5,812,593,E2F4,1,1.04
RDH10_HUMAN,Q8IZV5,RDH10,Retinol dehydrogenase 10,3,17,4,24,bin_5,127,117,RDH10,1,0.49
RALB_HUMAN,P11234,RALB,Ras-related protein Ral-B,6,15,3,24,bin_5,248,1,RALB,1,3.51
SCN8A_HUMAN,Q9UQD0,SCN8A,Sodium channel protein type 8 subunit alpha,3,8,13,24,bin_5,660,165,SCN8A,1,2.54
CLN5_HUMAN,O75503,CLN5,"Bis(monoacylglycero)phosphate synthase CLN5, secreted form",4,11,9,24,bin_5,222,0,CLN5,1,0.61
TWF1_HUMAN,Q86XL6,TWF1,Twinfilin-1,6,8,10,24,bin_5,66,27,TWF1,1,1.51
RAD18_HUMAN,Q9NS91,RAD18,E3 ubiquitin-protein ligase RAD18,9,6,9,24,bin_5,561,264,RAD18,1,0.66
PRS8_HUMAN,P62195,PSMC5,26S proteasome regulatory subunit 8,7,6,11,24,bin_5,167,70,PSME8,0,1.46
DAB1_HUMAN,Q6NWS9,DAB1,Disabled homolog 1,0,20,4,24,bin_5,588,655,DAB1,1,0.42
PTPRD_HUMAN,P23468,PTPRD,Receptor-type tyrosine-protein phosphatase delta,4,14,6,24,bin_5,356,3,PTPRD,1,2.96
SCNNA_HUMAN,P37088,SCNN1A,Amiloride-sensitive sodium channel subunit alpha,2,11,11,24,bin_5,319,351,SCNN1A,1,0.68
S38A5_HUMAN,Q8WUX1,SLC38A5,Sodium-coupled neutral amino acid transporter 5 ,9,14,1,24,bin_5,72,49,SLC6A15,0,0.43
ZO2_HUMAN,Q8N756,TJP2,Tight junction protein ZO-2,7,10,7,24,bin_5,281,426,OCLN,0,1.32
DDX6_HUMAN,P26196,DDX6,Probable ATP-dependent RNA helicase DDX6 ,8,8,8,24,bin_5,272,0,DDX6,1,0.97
AK1C2_HUMAN,P52895,AKR1C2,Aldo-keto reductase family 1 member C2 ,11,12,1,24,bin_5,451,21,AKR1C2,1,3.68
AK1A1_HUMAN,P14550,AKR1A1,Aldo-keto reductase family 1 member A1,9,10,5,24,bin_5,116,22,AKR1A1,1,0.27
ABCG5_HUMAN,Q9H222,ABCG5,ATP-binding cassette sub-family G member 5 ,7,14,3,24,bin_5,977,123,ABCG5,1,0.29
TET1_HUMAN,Q8NFU7,TET1,Methylcytosine dioxygenase TET1,6,16,2,24,bin_5,1516,384,TET1,1,0.38
TENN_HUMAN,Q9UQP3,TNN,Tenascin-N ,2,15,7,24,bin_5,1651,25,TNSN,0,0.54
CP4FC_HUMAN,Q9HCS2,CYP4F12,Cytochrome P450 4F12 ,7,13,4,24,bin_5,49,8,CYP4F12,1,1.54
TCPE_HUMAN,P48643,CCT5,T-complex protein 1 subunit epsilon,9,9,6,24,bin_5,112,24,CCT6A,0,0.3
SFRP4_HUMAN,Q6FHJ7,SFRP4,Secreted frizzled-related protein 4,1,19,4,24,bin_5,563,218,SFRP4,1,4.98
TBB3_HUMAN,Q13509,TUBB3,Tubulin beta-3 chain,6,4,14,24,bin_5,987,45,TUBB3,1,0.65
AOFB_HUMAN,P27338,MAOB,Amine oxidase [flavin-containing] B ,6,13,5,24,bin_5,3703,7732,AOC4,0,0.25
CETN2_HUMAN,P41208,CETN2,Centrin-2,4,8,12,24,bin_5,107,99,CETN2,1,4.79
AP2B1_HUMAN,P63010,AP2B1,AP-2 complex subunit beta,2,9,13,24,bin_5,43,123,AP2B1,1,1.26
DLX3_HUMAN,O60479,DLX3,Homeobox protein DLX-3,8,13,3,24,bin_5,293,15,DLX3,1,2.47
STAT2_HUMAN,P52630,STAT2,Signal transducer and activator of transcription 2,5,11,8,24,bin_5,1619,1127,STAT2,1,0.49
CPEB4_HUMAN,Q17RY0,CPEB4,Cytoplasmic polyadenylation element-binding protein 4,6,7,11,24,bin_5,144,107,CPEB4,1,0.28
SQRVRFTKEI,Q9UL18,AGO1,Protein argonaute-1,6,10,8,24,bin_5,1023,199,AGO1,1,1.6
STMN1_HUMAN,P16949,STMN1,Stathmin,1,17,6,24,bin_5,743,1413,STMN1,1,0.34
SYAP1_HUMAN,Q96A49,SYAP1,Synapse-associated protein 1 ,0,9,15,24,bin_5,17,306,SAP1,0,0.55
SRR_HUMAN,Q9GZT4,SRR,Serine racemase ,12,8,4,24,bin_5,2084,486,SERINC1,0,0.31
TF_HUMAN,P13726,F3,Tissue factor,3,14,7,24,bin_5,20582,311213,F3,1,0.21
RFFL_HUMAN,Q8WZ73,RFFL,E3 ubiquitin-protein ligase rififylin ,6,11,7,24,bin_5,33,8,RIFLY,0,1.52
ARF1_HUMAN,P84077,ARF1,ADP-ribosylation factor 1,5,10,9,24,bin_5,1186,951,ARF1,1,0.21
ANR27_HUMAN,Q96NW4,ANKRD27,Ankyrin repeat domain-containing protein 27,4,8,12,24,bin_5,20,14,ANKRD27,1,3.58
DTL_HUMAN,Q9NZJ0,DTL,Denticleless protein homolog,1,14,9,24,bin_5,691,23,DTL,1,0.2
ALBU_HUMAN,Q8IUK7,ALB,Albumin,10,3,11,24,bin_5,9651,314174,ALB,1,3.27
S40A1_HUMAN,Q9NP59,SLC40A1,Ferroportin ,5,12,7,24,bin_5,345,2408,SLC40A1,1,2.43
SOX13_HUMAN,Q9UN79,SOX13,Transcription factor SOX-13,9,11,4,24,bin_5,115,531,SOX13,1,0.46
TNNI3_HUMAN,P19429,TNNI3,"Troponin I, cardiac muscle",8,13,3,24,bin_5,305,4433,TNNI3,1,3.87
DSG2_HUMAN,Q14126,DSG2,Desmoglein-2,3,10,11,24,bin_5,521,508,DSG2,1,0.7
RFA2_HUMAN,P15927,RPA2,Replication protein A 32 kDa subunit,7,10,7,24,bin_5,330,73,RPA2,1,1.06
DHH_HUMAN,O43323,DHH,Desert hedgehog protein N-product,5,15,4,24,bin_5,1153,1,SHH,0,0.26
ABCG8_HUMAN,Q9H221,ABCG8,ATP-binding cassette sub-family G member 8 ,7,14,3,24,bin_5,812,77,ABCG8,1,0.3
RFX3_HUMAN,Q95HL6,RFX3,Transcription factor RFX3,6,14,4,24,bin_5,72,46,RFX3,1,1.69
S22A6_HUMAN,Q9UBG6,SLC22A6,Solute carrier family 22 member 6 ,10,8,6,24,bin_5,313,391,SLC22A6,1,0.58
RGS4_HUMAN,P49798,RGS4,Regulator of G-protein signaling 4,5,15,4,24,bin_5,736,11828,RGS4,1,0.81
S19A1_HUMAN,P41440,SLC19A1,Reduced folate transporter ,9,11,4,24,bin_5,580,1638,SLC19A1,1,0.34
ANXA4_HUMAN,P09525,ANXA4,Annexin A4 ,7,7,10,24,bin_5,120,455,ANXA4,1,3.31
S10A7_HUMAN,P31151,S100A7,Protein S100-A7,5,10,9,24,bin_5,638,18,S100A7,1,2.82
ZNT8_HUMAN,Q8IWU4,SLC30A8,Proton-coupled zinc antiporter SLC30A8 ,4,13,7,24,bin_5,606,0,SLC30A8,1,1.29
LCSAKRLKLL,Q9H830,RIF1,Telomere-associated protein RIF1 ,0,12,12,24,bin_5,897,11,RIF1,1,0.21
TBX18_HUMAN,O95935,TBX18,T-box transcription factor TBX18,5,15,4,24,bin_5,239,137,TBX18,1,0.99
NCOR1_HUMAN,O75376,NCOR1,Nuclear receptor corepressor 1,6,10,8,24,bin_5,789,4556,NCOR1,1,0.29
PRP8_HUMAN,Q6P2Q9,PRPF8,Pre-mRNA-processing-splicing factor 8,7,7,10,24,bin_5,170,7,SNU13,0,4.96
NFAC3_HUMAN,Q12968,NFATC3,"Nuclear factor of activated T-cells, cytoplasmic 3 ",5,13,6,24,bin_5,476,789,NFATC3,1,0.79
NFKB2_HUMAN,Q00653,NFKB2,Nuclear factor NF-kappa-B p52 subunit,5,13,6,24,bin_5,518,729,NFKB2,1,0.31
NGN3_HUMAN,Q9Y4Z2,NEUROG3,Neurogenin-3,7,15,2,24,bin_5,598,326,NEUROG3,1,0.35
CAPG_HUMAN,P40121,CAPG,Macrophage-capping protein,5,6,13,24,bin_5,269,57,CAPZB,0,0.29
IP3KA_HUMAN,P23677,ITPKA,Inositol-trisphosphate 3-kinase A ,6,11,7,24,bin_5,60,107,ITGAP3,0,1.94
NKG2D_HUMAN,P26718,KLRK1,NKG2-D type II integral membrane protein,5,15,4,24,bin_5,1503,5,KLRC1,0,1.67
CARL2_HUMAN,Q6F5E8,CARMIL2,"Capping protein, Arp2/3 and myosin-I linker protein 2 ",2,12,10,24,bin_5,35,6,CAPZB,0,3.77
KIF1A_HUMAN,Q59GH1,KIF1A,Kinesin-like protein KIF1A,6,9,9,24,bin_5,392,3,KIF1A,1,2.67
NKX26_HUMAN,A6NCS4,NKX2-6,Homeobox protein Nkx-2.6,4,18,2,24,bin_5,34,1,NKX2-6,1,0.51
BCAS3_HUMAN,Q9H957,BCAS3,BCAS3 microtubule associated cell migration factor ,7,10,7,24,bin_5,61,3,BCAS3,1,0.6
NLK_HUMAN,Q9UBE8,NLK,Serine/threonine-protein kinase NLK,9,11,4,24,bin_5,378,168,NLL,0,2.78
FAT1_HUMAN,Q14517,FAT1,"Protocadherin Fat 1, nuclear form",1,13,10,24,bin_5,954,0,PCDF1,0,0.4
NONO_HUMAN,Q15233,NONO,Non-POU domain-containing octamer-binding protein ,4,11,9,24,bin_5,1641,92,NONO,1,3.8
CART_HUMAN,Q16568,CARTPT,CART(42-89),1,20,3,24,bin_5,87,5,POMC,0,1.12
NPAS4_HUMAN,Q8IUM7,NPAS4,Neuronal PAS domain-containing protein 4 ,6,13,5,24,bin_5,258,28,NPAS4,1,0.18
NPNT_HUMAN,E9PCQ1,NPNT,Nephronectin,2,16,6,24,bin_5,100,105,NPNT,1,0.25
NRIP1_HUMAN,P48552,NRIP1,Nuclear receptor-interacting protein 1,9,7,8,24,bin_5,291,307,NRIP1,1,1.97
CCG3_HUMAN,O60359,CACNG3,Voltage-dependent calcium channel gamma-3 subunit,4,10,10,24,bin_5,14,24,CACNG3,1,1.67
M3K12_HUMAN,Q12852,MAP3K12,Mitogen-activated protein kinase kinase kinase 12,8,11,5,24,bin_5,50,136,MAP3K12,1,1.67
CATIN_HUMAN,Q8WUQ7,CACTIN,Splicing factor Cactin ,1,16,7,24,bin_5,45,10,CASC3,0,0.2
GIPR_HUMAN,P48546,GIPR,Gastric inhibitory polypeptide receptor,5,17,2,24,bin_5,523,588,GIPR,1,0.56
F107A_HUMAN,O95990,FAM107A,Actin-associated protein FAM107A ,1,14,9,24,bin_5,81,0,FAM107A,1,3.26
NUDT3_HUMAN,O95989,NUDT3,Diphosphoinositol polyphosphate phosphohydrolase 1 ,13,8,3,24,bin_5,45,24,INPP5D,0,0.39
IFT88_HUMAN,Q13099,IFT88,Intraflagellar transport protein 88 homolog,1,10,13,24,bin_5,412,10,IFT88,1,0.17
CCNT2_HUMAN,O60583,CCNT2,Cyclin-T2 ,6,12,6,24,bin_5,43,626,CCT2,0,1.52
IFT57_HUMAN,Q9NWB7,IFT57,Intraflagellar transport protein 57 homolog,1,13,10,24,bin_5,62,1,IFT57,1,1.51
NFAT5_HUMAN,O94916,NFAT5,Nuclear factor of activated T-cells 5,6,13,5,24,bin_5,628,2783,NFAT5,1,0.48
GCM1_HUMAN,Q9NP62,GCM1,Chorion-specific transcription factor GCMa,8,13,3,24,bin_5,203,1,GCM1,1,0.25
EXOS5_HUMAN,Q9NQT4,EXOSC5,Exosome complex component RRP46,3,12,9,24,bin_5,36,1,EXOSC3,0,2.05
BEST1_HUMAN,O76090,BEST1,Bestrophin-1 ,6,10,8,24,bin_5,609,545,BEST1,1,1.34
MICA_HUMAN,Q9UE06,MICA,MHC class I polypeptide-related sequence A,4,15,5,24,bin_5,6800,116,MICA,1,3.34
BPTF_HUMAN,Q12830,BPTF,Nucleosome-remodeling factor subunit BPTF,4,10,10,24,bin_5,188,17,BPTF,1,8.09
KCNK1_HUMAN,O00180,KCNK1,Potassium channel subfamily K member 1,6,6,12,24,bin_5,114,605,KCNK1,1,0.31
KCC1A_HUMAN,Q14012,CAMK1,Calcium/calmodulin-dependent protein kinase type 1,4,18,2,24,bin_5,181,272,CAMK1,1,0.4
MEIS2_HUMAN,Q9NRS2,MEIS2,Homeobox protein Meis2,7,14,3,24,bin_5,265,159,MEIS2,1,3.18
KCNK2_HUMAN,Q9UNE3,KCNK2,Potassium channel subfamily K member 2,3,12,9,24,bin_5,106,459,KCNK2,1,0.54
K2C8_HUMAN,Q6GMY0,KRT8,"Keratin, type II cytoskeletal 8",2,7,15,24,bin_5,481,182,KRT1,0,0.31
MYH14_HUMAN,Q9BW35,MYH14,Myosin-14,4,9,11,24,bin_5,126,8,MYO14,0,3.58
FIS1_HUMAN,Q9Y3D6,FIS1,Mitochondrial fission 1 protein,3,14,7,24,bin_5,956,6801,MFN1,0,0.76
CD63_HUMAN,P08962,CD63,CD63 antigen,0,9,15,24,bin_5,4111,1503,ITGAX,0,0.75
MYO10_HUMAN,Q9HD67,MYO10,Unconventional myosin-X,7,5,12,24,bin_5,180,44,MYO10,1,2.44
K1C18_HUMAN,P05783,KRT18,"Keratin, type I cytoskeletal 18",4,7,13,24,bin_5,448,129,KRT18,1,1.4
MECOM_HUMAN,Q13465,MECOM,Histone-lysine N-methyltransferase MECOM ,10,10,4,24,bin_5,701,16,MECOM,1,0.3
KDM3A_HUMAN,Q9Y4C1,KDM3A,Lysine-specific demethylase 3A,6,11,7,24,bin_5,278,21,KDM3A,1,0.21
NCOR2_HUMAN,Q9Y618,NCOR2,Nuclear receptor corepressor 2 ,7,10,7,24,bin_5,578,3346,NCOR2,1,1.07
NDE1_HUMAN,Q9NXR1,NDE1,Nuclear distribution protein nudE homolog 1,2,13,9,24,bin_5,178,11,NUDE,0,1.94
GBRA2_HUMAN,P47869,GABRA2,Gamma-aminobutyric acid receptor subunit alpha-2 ,5,5,14,24,bin_5,353,417,GABRA2,1,0.33
BI1_HUMAN,P55061,TMBIM6,Bax inhibitor 1,3,14,7,24,bin_5,150,9265,BAXIN1,0,1.87
MCP_HUMAN,Q9NNW4,CD46,Membrane cofactor protein,3,15,6,24,bin_5,5084,4388,CD46,1,1.85
CCL8_HUMAN,P80075,CCL8,MCP-2(6-76),6,17,1,24,bin_5,777,1,CCL7,0,2.23
ZBED1_HUMAN,O96006,ZBED1,E3 SUMO-protein ligase ZBED1 ,12,6,6,24,bin_5,21,1,ZBED1,1,3.25
ITB7_HUMAN,P26010,ITGB7,Integrin beta-7,4,12,8,24,bin_5,87,400,ITGB7,1,2.12
CCL4_HUMAN,P13236,CCL4,MIP-1-beta(3-69),6,16,2,24,bin_5,15214,1,CCL4,1,0.27
WNT6_HUMAN,Q9Y6F9,WNT6,Protein Wnt-6,2,13,9,24,bin_5,288,22,WNT6,1,0.72
FGF20_HUMAN,Q9NP95,FGF20,Fibroblast growth factor 20,5,16,3,24,bin_5,219,6400,FGF20,1,0.46
GBRB2_HUMAN,P47870,GABRB2,Gamma-aminobutyric acid receptor subunit beta-2 ,5,9,10,24,bin_5,247,571,GABRB2,1,0.51
NECD_HUMAN,Q99608,NDN,Necdin,3,14,7,24,bin_5,520,226,NECDIN,0,0.99
NEUL1_HUMAN,O76050,NEURL1,E3 ubiquitin-protein ligase NEURL1,4,14,6,24,bin_5,39,16,NEURL1,1,2.25
GBRL2_HUMAN,P60520,GABARAPL2,Gamma-aminobutyric acid receptor-associated protein-like 2 ,7,9,8,24,bin_5,241,609,GABARAPL2,1,1.97
CDN2B_HUMAN,P42772,CDKN2B,Cyclin-dependent kinase 4 inhibitor B,2,19,3,24,bin_5,2138,1543,CDKN2B,1,0.53
FOXD1_HUMAN,Q16676,FOXD1,Forkhead box protein D1,7,15,2,24,bin_5,301,409,FOXD1,1,0.91
KIF5A_HUMAN,Q12840,KIF5A,Kinesin heavy chain isoform 5A,6,8,10,24,bin_5,266,6,KIF5A,1,2.56
GP143_HUMAN,P51810,GPR143,G-protein coupled receptor 143,5,11,8,24,bin_5,206,1761,GPR143,1,0.8
PHF8_HUMAN,Q7Z6D4,PHF8,Histone lysine demethylase PHF8,13,7,4,24,bin_5,157,116,PHF8,1,0.42
GPAT1_HUMAN,Q9HCL2,GPAM,"Glycerol-3-phosphate acyltransferase 1, mitochondrial ",2,19,3,24,bin_5,208,187,GPAT1,0,3.22
LPIN1_HUMAN,F5GY24,LPIN1,Phosphatidate phosphatase LPIN1 ,2,13,9,24,bin_5,491,297,LPIN1,1,2.0
EXOS2_HUMAN,Q13868,EXOSC2,Exosome complex component RRP4 ,3,12,9,24,bin_5,30,10,EXOSC4,0,5.96
PINX1_HUMAN,Q96BK5,PINX1,PIN2/TERF1-interacting telomerase inhibitor 1,3,14,7,24,bin_5,140,8,TIN2,0,3.67
KS6A5_HUMAN,O75582,RPS6KA5,Ribosomal protein S6 kinase alpha-5,8,13,3,24,bin_5,37,0,RPS6KA5,1,0.63
PJA2_HUMAN,O43164,PJA2,E3 ubiquitin-protein ligase Praja-2,5,10,9,24,bin_5,36,1,PJA2,1,2.12
HVCN1_HUMAN,Q96D96,HVCN1,Voltage-gated hydrogen channel 1,4,12,8,24,bin_5,169,565,VPS4B,0,0.89
ASXL1_HUMAN,Q8IXJ9,ASXL1,Polycomb group protein ASXL1,6,16,2,24,bin_5,1556,75,ASXL1,1,1.43
FUT9_HUMAN,Q9Y231,FUT9,4-galactosyl-N-acetylglucosaminide 3-alpha-L-fucosyltransferase 9 ,4,16,4,24,bin_5,71,0,FUT9,1,0.39
LIPG_HUMAN,Q9Y5X9,LIPG,Endothelial lipase,7,12,5,24,bin_5,355,1463,LIPG,1,0.68
EMD_HUMAN,P50402,EMD,Emerin,3,9,12,24,bin_5,11168,712,EMD,1,0.22
GRHL3_HUMAN,Q8TE85,GRHL3,Grainyhead-like protein 3 homolog ,5,16,3,24,bin_5,206,9,TFCP2L3,0,2.19
XRN2_HUMAN,Q9H0D6,XRN2,5'-3' exoribonuclease 2,8,11,5,24,bin_5,187,165,EXO2,0,2.77
XRCC2_HUMAN,O43543,XRCC2,DNA repair protein XRCC2,3,15,6,24,bin_5,455,307,XRCC2,1,0.25
PLXA4_HUMAN,Q9HCM2,PLXNA4,Plexin-A4,1,20,3,24,bin_5,112,48,PLXNA4,1,0.26
GRK5_HUMAN,P34947,GRK5,G protein-coupled receptor kinase 5,7,12,5,24,bin_5,521,358,GRK5,1,0.63
FUT8_HUMAN,Q9BYC5,FUT8,"Alpha-(1,6)-fucosyltransferase",3,16,5,24,bin_5,363,262,FUT8,1,1.02
EIF3A_HUMAN,Q14152,EIF3A,Eukaryotic translation initiation factor 3 subunit A ,5,6,13,24,bin_5,232,702,EIF3A,1,1.51
HDBP1_HUMAN,Q8IV16,GPIHBP1,Glycosylphosphatidylinositol-anchored high density lipoprotein-binding protein 1,7,11,6,24,bin_5,285,102,LBP,0,1.31
HDAC7_HUMAN,Q9BR73,HDAC7,Histone deacetylase 7,10,10,4,24,bin_5,431,7408,HDAC7,1,0.3
PRC1_HUMAN,O43663,PRC1,Protein regulator of cytokinesis 1 ,4,6,14,24,bin_5,1629,1995,PRC1,1,1.73
FST_HUMAN,KHSGSCNSIS,FST,Follistatin ,3,17,4,24,bin_5,12177,3001,FST,1,1.59
LAMC1_HUMAN,P11047,LAMC1,Laminin subunit gamma-1,1,13,10,24,bin_5,239,87,LAMC1,1,2.09
PRD14_HUMAN,Q9GZV8,PRDM14,PR domain zinc finger protein 14,5,16,3,24,bin_5,195,37,PRDM14,1,0.67
ARX_HUMAN,Q96QS3,ARX,Homeobox protein ARX,7,15,2,24,bin_5,1022,307,ARX,1,1.62
FTO_HUMAN,Q9C0B1,FTO,Alpha-ketoglutarate-dependent dioxygenase FTO ,6,11,7,24,bin_5,5041,1909,FTO,1,0.17
PROM1_HUMAN,O43490,PROM1,Prominin-1,3,7,14,24,bin_5,2905,3632,PROM1,1,0.62
PHF10_HUMAN,Q8WUB8,PHF10,PHD finger protein 10,4,12,8,24,bin_5,50,126,PHF10,1,0.29
PIHD1_HUMAN,Q9NWS0,PIH1D1,PIH1 domain-containing protein 1,5,12,7,24,bin_5,33,6,PIH1D1,1,1.68
KCNE3_HUMAN,Q9Y6H6,KCNE3,Potassium voltage-gated channel subfamily E member 3,3,12,9,24,bin_5,188,25,KCNNE3,0,0.66
PAPD5_HUMAN,Q8NDF8,TENT4B,Terminal nucleotidyltransferase 4B ,6,13,5,24,bin_5,34,43,TNT4,0,0.72
KLOT_HUMAN,Q9UEF7,KL,Klotho peptide,6,12,6,24,bin_5,19320,1851,KL,1,0.66
KIF5C_HUMAN,O60282,KIF5C,Kinesin heavy chain isoform 5C,6,9,9,24,bin_5,112,0,KIF5C,1,0.39
GNAI3_HUMAN,P08754,GNAI3,Guanine nucleotide-binding protein G(i) subunit alpha-3,6,7,11,24,bin_5,174,0,GNAS,0,0.47
LST8_HUMAN,Q9BVC4,MLST8,Target of rapamycin complex subunit LST8 ,1,17,6,24,bin_5,128,19,MIPRL,0,3.57
IFNL1_HUMAN,Q8IU54,IFNL1,Interferon lambda-1,3,18,3,24,bin_5,65,79,IFNL1,1,2.37
PAWR_HUMAN,Q96IZ0,PAWR,PRKC apoptosis WT1 regulator protein,4,14,6,24,bin_5,70,269,PRKCWTR1,0,1.72
IFT27_HUMAN,Q9BW83,IFT27,Intraflagellar transport protein 27 homolog,2,10,12,24,bin_5,48,5,IFT27,1,0.47
ATG4B_HUMAN,Q9Y4P1,ATG4B,Cysteine protease ATG4B ,5,13,6,24,bin_5,386,177,ATG4B,1,1.62
GNAS1_HUMAN,Q5JWF2,GNAS,Guanine nucleotide-binding protein G(s) subunit alpha isoforms XLas,11,7,6,24,bin_5,2047,0,GNAS,1,0.43
GLRX2_HUMAN,Q9NS18,GLRX2,"Glutaredoxin-2, mitochondrial",7,10,7,24,bin_5,114,282,GLRX2,1,1.62
ZIC1_HUMAN,Q15915,ZIC1,Zinc finger protein ZIC 1,6,15,3,24,bin_5,341,55,ZIC1,1,1.65
HYAL3_HUMAN,O43820,HYAL3,Hyaluronidase-3,2,13,9,24,bin_5,65,21,HYAL3,1,0.34
HXD9_HUMAN,P28356,HOXD9,Homeobox protein Hox-D9,6,14,4,24,bin_5,143,2,HOXD9,1,1.03
HXD13_HUMAN,P35453,HOXD13,Homeobox protein Hox-D13,7,15,2,24,bin_5,467,9,HOXD13,1,3.54
HXA2_HUMAN,O43364,HOXA2,Homeobox protein Hox-A2,4,17,3,24,bin_5,247,6,HOXA2,1,0.21
VPP4_HUMAN,Q9HBG4,ATP6V0A4,V-type proton ATPase 116 kDa subunit a 4,2,8,14,24,bin_5,115,3,ATP6V1A4,0,0.55
EXO1_HUMAN,Q9UQ84,EXO1,Exonuclease 1,11,9,4,24,bin_5,986,963,EXO1,1,0.61
IAPP_HUMAN,P10997,IAPP,Islet amyloid polypeptide,6,16,2,24,bin_5,3868,3489,IAPP,1,0.85
DLG2_HUMAN,Q15700,DLG2,Disks large homolog 2,4,9,12,25,bin_5,202,958,DLG2,1,0.69
NGF_HUMAN,P01138,NGF,Beta-nerve growth factor ,4,13,8,25,bin_5,17762,44611,BNDF,0,3.82
WIPI1_HUMAN,Q5MNZ9,WIPI1,WD repeat domain phosphoinositide-interacting protein 1,6,8,11,25,bin_5,123,81,WNIP1,0,2.86
DLG3_HUMAN,Q92796,DLG3,Disks large homolog 3,5,9,11,25,bin_5,152,747,DLG3,1,1.79
WASF1_HUMAN,Q92558,WASF1,Actin-binding protein WASF1 ,4,13,8,25,bin_5,147,129,WASF1,1,3.93
NEUM_HUMAN,P17677,GAP43,Neuromodulin,4,12,9,25,bin_5,3376,3214,GAP43,1,1.75
ANM6_HUMAN,Q96LA8,PRMT6,Protein arginine N-methyltransferase 6,11,11,3,25,bin_5,219,435,PRMT6,1,2.13
SELK_HUMAN,Q9Y6D0,SELENOK,Selenoprotein K ,1,20,4,25,bin_5,45,761,SEPSECS,0,2.18
NDF2_HUMAN,Q15784,NEUROD2,Neurogenic differentiation factor 2,6,17,2,25,bin_5,154,1285,NEUROG2,0,0.49
BL1S2_HUMAN,Q6QNY1,BLOC1S2,Biogenesis of lysosome-related organelles complex 1 subunit 2,1,15,9,25,bin_5,29,40,BIRC2,0,0.67
BKRB2_HUMAN,P30411,BDKRB2,B2 bradykinin receptor,5,16,4,25,bin_5,170,3744,BDKRB2,1,2.13
NAT10_HUMAN,Q9H0A0,NAT10,RNA cytidine acetyltransferase ,8,9,8,25,bin_5,243,104,CNTD1,0,0.26
BIRC6_HUMAN,Q9NR09,BIRC6,Baculoviral IAP repeat-containing protein 6,3,12,10,25,bin_5,178,146,NAIP6,0,2.24
Z385A_HUMAN,Q96PM9,ZNF385A,Zinc finger protein 385A,5,13,7,25,bin_5,15,2,ZNF385A,1,4.06
SAMP_HUMAN,P02743,APCS,Serum amyloid P-component(1-203),6,13,6,25,bin_5,10989,0,APCS,1,2.61
SEC13_HUMAN,LLTYTGEGQW,SEC13,Protein SEC13 homolog ,2,11,12,25,bin_5,261,30,SEC13,1,1.94
DIAP1_HUMAN,O60610,DIAPH1,Protein diaphanous homolog 1,5,10,10,25,bin_5,298,42,DIAPH1,1,2.29
SCN2A_HUMAN,Q99250,SCN2A,Sodium channel protein type 2 subunit alpha ,2,13,10,25,bin_5,858,600,SCN2A,1,0.23
DCE2_HUMAN,Q05329,GAD2,Glutamate decarboxylase 2 ,4,9,12,25,bin_5,660,1422,GAD2,1,1.64
DGKZ_HUMAN,Q8IVW9,DGKZ,Diacylglycerol kinase zeta ,6,11,8,25,bin_5,69,344,DGKZ,1,1.37
MKS1_HUMAN,Q9NXB0,MKS1,Tectonic-like complex member MKS1 ,0,18,7,25,bin_5,137,2,MKS1,1,2.47
CD9_HUMAN,P21926,CD9,CD9 antigen ,1,13,11,25,bin_5,2970,1283,CD9,1,3.61
DHB1_HUMAN,P14061,HSD17B1,17-beta-hydroxysteroid dehydrogenase type 1 ,13,10,2,25,bin_5,340,419,HSD17B1,1,2.08
RUXF_HUMAN,P62306,SNRPF,Small nuclear ribonucleoprotein F,1,5,19,25,bin_5,24,281,SNU13,0,0.47
DPA1_HUMAN,Q5EY03,HLA-DPA1,"HLA class II histocompatibility antigen, DP alpha 1 chain",3,10,12,25,bin_5,403,219,DPD1,0,0.39
WAC2C_HUMAN,Q9UG79,WASHC2C,WASH complex subunit 2C ,9,8,8,25,bin_5,6,2,WASHC2C,1,2.97
AQP11_HUMAN,Q8NBQ7,AQP11,Aquaporin-11 ,3,14,8,25,bin_5,146,43,AQP11,1,0.69
PCFT_HUMAN,Q96NT5,SLC46A1,Proton-coupled folate transporter ,8,9,8,25,bin_5,187,294,SLC46A1,1,2.22
ATOH8_HUMAN,Q96SQ7,ATOH8,Transcription factor ATOH8 ,5,15,5,25,bin_5,73,56,ATOH8,1,2.98
PDLI4_HUMAN,P50479,PDLIM4,PDZ and LIM domain protein 4,6,4,15,25,bin_5,76,0,PDLIM4,1,0.79
PE2R4_HUMAN,P35408,PTGER4,Prostaglandin E2 receptor EP4 subtype,1,22,2,25,bin_5,811,1487,PTGER4,1,0.59
PELI1_HUMAN,Q96FA3,PELI1,E3 ubiquitin-protein ligase pellino homolog 1,2,19,4,25,bin_5,162,6,PELI1,1,1.54
ARFP2_HUMAN,P53365,ARFIP2,Arfaptin-2 ,9,9,7,25,bin_5,41,17,ARFAP1,0,3.27
RBM24_HUMAN,Q9BX46,RBM24,RNA-binding protein 24 ,5,17,3,25,bin_5,97,16408,RBN24,0,0.96
ARGI2_HUMAN,P78540,ARG2,"Arginase-2, mitochondrial",2,20,3,25,bin_5,868,34,ARG2,1,1.16
PI51C_HUMAN,O60331,PIP5K1C,Phosphatidylinositol 4-phosphate 5-kinase type-1 gamma ,3,12,10,25,bin_5,65,15,PI4KFGamma,0,2.73
ARHG5_HUMAN,Q12774,ARHGEF5,Rho guanine nucleotide exchange factor 5,3,13,9,25,bin_5,41,746,ARHGEF5,1,3.2
RASF2_HUMAN,P50749,RASSF2,Ras association domain-containing protein 2,1,16,8,25,bin_5,131,300,RASSF2,1,2.73
PLPL2_HUMAN,Q96AD5,PNPLA2,Patatin-like phospholipase domain-containing protein 2 ,7,10,8,25,bin_5,722,356,PNPLA2,1,2.91
RAB8B_HUMAN,Q92930,RAB8B,Ras-related protein Rab-8B,5,8,12,25,bin_5,95,0,RAB8B,1,1.54
E2F7_HUMAN,Q96AV8,E2F7,Transcription factor E2F7,8,13,4,25,bin_5,249,148,E2F7,1,0.3
E2F8_HUMAN,A0AVK6,E2F8,Transcription factor E2F8,8,12,5,25,bin_5,180,138,E2F8,1,1.93
EHD4_HUMAN,Q9H223,EHD4,EH domain-containing protein 4 ,5,9,11,25,bin_5,58,79,EHD4,1,2.27
RARYVQCARA,Q96T60,PNKP,Polynucleotide 5'-hydroxyl-kinase,7,13,5,25,bin_5,203,553,PNHK,0,1.39
PPID_HUMAN,Q08752,PPID,Peptidyl-prolyl cis-trans isomerase D ,7,13,5,25,bin_5,352,1370,PPID,1,0.36
ECM1_HUMAN,Q16610,ECM1,Extracellular matrix protein 1,2,17,6,25,bin_5,417,135190,ECM1,1,1.34
PRDM9_HUMAN,Q9NQV7,PRDM9,Histone-lysine N-methyltransferase PRDM9 ,11,11,3,25,bin_5,296,190,PRDM9,1,0.38
PRDX1_HUMAN,Q06830,PRDX1,Peroxiredoxin-1,5,14,6,25,bin_5,751,4795,PRDX1,1,0.33
PTGIS_HUMAN,Q16647,PTGIS,Prostacyclin synthase,6,14,5,25,bin_5,152,736,PTGIS,1,0.32
PTF1A_HUMAN,Q7RTS3,PTF1A,Pancreas transcription factor 1 subunit alpha,8,13,4,25,bin_5,403,255,PTF1A,1,1.15
PROF2_HUMAN,P35080,PFN2,Profilin-2,4,14,7,25,bin_5,115,1761,PFN2,1,0.81
RHOQ_HUMAN,P17081,RHOQ,Rho-related GTP-binding protein RhoQ,5,15,5,25,bin_5,118,0,RHOQ,1,0.28
APBA1_HUMAN,Q02410,APBA1,Amyloid-beta A4 precursor protein-binding family A member 1,1,13,11,25,bin_5,161,0,APBB1,0,1.07
EST1_HUMAN,Q9ULY2,CES1,Liver carboxylesterase 1 ,4,16,5,25,bin_5,637,5603,CES1,1,0.26
FBSP1_HUMAN,P0C2W1,FBXO45,F-box/SPRY domain-containing protein 1,1,12,12,25,bin_5,65,3,FBXO18,0,0.29
NOCT_HUMAN,Q9UK39,NOCT,Nocturnin ,6,13,6,25,bin_5,95,81,NOCT,1,0.57
BATF_HUMAN,Q16520,BATF,Basic leucine zipper transcriptional factor ATF-like,6,14,5,25,bin_5,393,120,ATF3,0,0.94
RNF34_HUMAN,Q969K3,RNF34,E3 ubiquitin-protein ligase RNF34 ,5,12,8,25,bin_5,49,16,RNF34,1,0.27
NOTC3_HUMAN,Q9UM47,NOTCH3,Notch 3 intracellular domain,5,12,8,25,bin_5,2440,618,NOTCH3,1,3.71
STSDYKDNFG,Q14004,CDK13,Cyclin-dependent kinase 13,8,6,11,25,bin_5,133,4782,CDK13,1,0.7
RNF14_HUMAN,Q9UBS8,RNF14,E3 ubiquitin-protein ligase RNF14 ,6,13,6,25,bin_5,37,8,RNF14,1,0.35
BAG4_HUMAN,O95429,BAG4,BAG family molecular chaperone regulator 4,5,15,5,25,bin_5,80,24,BAG4,1,1.02
APH1A_HUMAN,GLVVGSHLLT,APH1A,Gamma-secretase subunit APH-1A,3,10,12,25,bin_5,142,16,PSENEN,0,0.71
NR1D2_HUMAN,Q14995,NR1D2,Nuclear receptor subfamily 1 group D member 2 ,6,15,4,25,bin_5,176,0,NR1D2,1,0.75
BABA2_HUMAN,Q9NXR7,BABAM2,BRISC and BRCA1-A complex member 2 ,3,15,7,25,bin_5,50,3,BRCC2,0,0.28
DNM3L_HUMAN,Q9UJW3,DNMT3L,DNA (cytosine-5)-methyltransferase 3-like,5,14,6,25,bin_5,381,31,DNMT3L,1,0.5
FA20C_HUMAN,Q8IXL6,FAM20C,Extracellular serine/threonine protein kinase FAM20C ,7,12,6,25,bin_5,187,75,FAM20C,1,1.16
RN112_HUMAN,Q9ULX5,RNF112,RING finger protein 112,4,10,11,25,bin_5,11,29,RNF112,1,1.06
NSMF_HUMAN,Q9NPS3,NSMF,NMDA receptor synaptonuclear signaling and neuronal migration factor,1,8,16,25,bin_5,80,4,DPF2,0,0.35
NTRK3_HUMAN,Q16288,NTRK3,NT-3 growth factor receptor,5,17,3,25,bin_5,994,1007,NTRK3,1,2.01
CD33_HUMAN,P20138,CD33,Myeloid cell surface antigen CD33,5,12,8,25,bin_5,4034,1548,CD33,1,1.22
OBSCN_HUMAN,Q9HCL6,OBSCN,Obscurin,15,3,7,25,bin_5,163,171,OBSCN,1,0.42
3BP1_HUMAN,Q9Y3L3,SH3BP1,SH3 domain-binding protein 1 ,3,15,7,25,bin_5,25,313,SH3BP1,1,0.51
OSTP_HUMAN,P10451,SPP1,Osteopontin ,4,14,7,25,bin_5,5432,13083,SPP1,1,0.6
P4K2A_HUMAN,Q9BTU6,PI4K2A,Phosphatidylinositol 4-kinase type 2-alpha,4,4,17,25,bin_5,42,11,PI4K2A,1,2.26
EXOS8_HUMAN,Q96B26,EXOSC8,Exosome complex component RRP43,2,11,12,25,bin_5,32,2,EXOSC3,0,1.81
RING2_HUMAN,Q99496,RNF2,E3 ubiquitin-protein ligase RING2,5,10,10,25,bin_5,276,61,RNF2,1,0.61
PACN1_HUMAN,Q9BY11,PACSIN1,Protein kinase C and casein kinase substrate in neurons protein 1,3,10,12,25,bin_5,94,27,PALS1,0,0.24
PAK3_HUMAN,Q7Z3Z8,PAK3,Serine/threonine-protein kinase PAK 3,7,13,5,25,bin_5,241,3064,PAK3,1,3.33
SF3B1_HUMAN,O75533,SF3B1,Splicing factor 3B subunit 1,3,9,13,25,bin_5,1377,137,SF3B1,1,2.92
GSTM2_HUMAN,P28161,GSTM2,Glutathione S-transferase Mu 2 ,7,13,5,25,bin_5,209,92,GSTM2,1,1.11
BSN_HUMAN,Q9UPA5,BSN,Protein bassoon ,3,7,15,25,bin_5,4239,311,BSN,1,0.52
AGRIN_HUMAN,O00468,AGRN,Agrin C-terminal 22 kDa fragment,7,10,8,25,bin_5,132,10,AGRN,1,1.0
IRX3_HUMAN,P78415,IRX3,Iroquois-class homeodomain protein IRX-3,5,16,4,25,bin_5,282,1,IRX3,1,3.01
ABEC1_HUMAN,P41238,APOBEC1,C->U-editing enzyme APOBEC-1 ,4,16,5,25,bin_5,526,5,APOBEC1,1,0.4
KKGKLDDYQE,Q14444,CAPRIN1,Caprin-1 ,6,9,10,25,bin_5,157,56,CAPRIN1,1,1.68
IRAK2_HUMAN,O43187,IRAK2,Interleukin-1 receptor-associated kinase-like 2,6,14,5,25,bin_5,227,10,IRAK1L2,0,1.23
IQGA2_HUMAN,Q13576,IQGAP2,Ras GTPase-activating-like protein IQGAP2,8,5,12,25,bin_5,133,3,IQGAP2,1,2.22
IP3KB_HUMAN,P27987,ITPKB,Inositol-trisphosphate 3-kinase B ,4,15,6,25,bin_5,95,29,ITGB1BP1,0,0.59
TIM_HUMAN,Q9UNS1,TIMELESS,Protein timeless homolog,2,18,5,25,bin_5,1247,54,TIMELESS,1,1.01
CP19A_HUMAN,P11511,CYP19A1,Aromatase ,7,15,3,25,bin_5,11103,19735,CYP19A1,1,1.09
TLR1_HUMAN,Q15399,TLR1,Toll-like receptor 1,6,12,7,25,bin_5,1962,790,TLR1,1,1.34
TN13B_HUMAN,Q9Y275,TNFSF13B,"Tumor necrosis factor ligand superfamily member 13b, soluble form",4,13,8,25,bin_5,1416,44,TNFSF13B,1,0.38
A16L1_HUMAN,Q9H619,ATG16L1,Autophagy-related protein 16-1 ,4,12,9,25,bin_5,1059,24,ATG16L1,1,1.58
IL4RA_HUMAN,Q9H185,IL4R,Soluble interleukin-4 receptor subunit alpha,2,17,6,25,bin_5,1309,36,IL4R,1,0.39
TOM1_HUMAN,O60784,TOM1,Target of Myb1 membrane trafficking protein ,6,8,11,25,bin_5,211,5,TOM1L2,0,1.05
COBL_HUMAN,Q8TCM1,COBL,Protein cordon-bleu,1,12,12,25,bin_5,108,41,CBLN1,0,3.04
ADDB_HUMAN,Q6P0P2,ADD2,Beta-adducin,9,10,6,25,bin_5,81,721,ADD2,1,0.47
CP2CJ_HUMAN,P33261,CYP2C19,Cytochrome P450 2C19,14,7,4,25,bin_5,6822,1692,CYP2C19,1,1.86
ITAL_HUMAN,P20701,ITGAL,Integrin alpha-L ,4,13,8,25,bin_5,175,320,ITGAL,1,5.17
CAC1G_HUMAN,ARAGAGEVEL,CACNA1G,Voltage-dependent T-type calcium channel subunit alpha-1G,5,16,4,25,bin_5,458,10,CACNA1G,1,0.93
KI16B_HUMAN,Q9BQM0,KIF16B,Kinesin-like protein KIF16B,8,9,8,25,bin_5,39,0,KIF16B,1,0.89
GA45A_HUMAN,P24522,GADD45A,Growth arrest and DNA damage-inducible protein GADD45 alpha,4,17,4,25,bin_5,1142,33,GADD45A,1,0.83
KDM4A_HUMAN,O75164,KDM4A,Lysine-specific demethylase 4A,8,11,6,25,bin_5,348,27,KDM4A,1,2.03
SYNE2_HUMAN,Q8WWW3,SYNE2,Nesprin-2 ,2,6,17,25,bin_5,165,105,PLEKHA7,0,1.72
KCNN4_HUMAN,O15554,KCNN4,Intermediate conductance calcium-activated potassium channel protein 4,6,13,6,25,bin_5,671,412,KCNK4,0,0.59
AGO4_HUMAN,Q9HCK5,AGO4,Protein argonaute-4 ,4,13,8,25,bin_5,247,31,ARGONAUTE-4,0,0.45
KCMA1_HUMAN,Q96LG8,KCNMA1,Calcium-activated potassium channel subunit alpha-1,6,13,6,25,bin_5,805,42,KCNMA1,1,3.51
CALRL_HUMAN,Q16602,CALCRL,Calcitonin gene-related peptide type 1 receptor ,5,13,7,25,bin_5,377,790,CALCR,0,1.03
T53I1_HUMAN,Q96A56,TP53INP1,Tumor protein p53-inducible nuclear protein 1,1,18,6,25,bin_5,259,174,TP53INP1,1,2.22
GBB1_HUMAN,P62873,GNB1,Guanine nucleotide-binding protein G(I)/G(S)/G(T) subunit beta-1,4,11,10,25,bin_5,178,0,GNB1,1,1.44
CADM1_HUMAN,X5D2C8,CADM1,Cell adhesion molecule 1 ,4,14,7,25,bin_5,608,33085,CADM1,1,0.46
KAPCB_HUMAN,Q5BNF2,PRKACB,cAMP-dependent protein kinase catalytic subunit beta,7,10,8,25,bin_5,157,575,PRKCB,0,0.86
KAP3_HUMAN,P31323,PRKAR2B,cAMP-dependent protein kinase type II-beta regulatory subunit,6,7,12,25,bin_5,161,24,PRKAR2B,1,1.02
ITB8_HUMAN,P26012,ITGB8,Integrin beta-8 ,3,16,6,25,bin_5,150,88,ITGB8,1,0.22
IL1AP_HUMAN,VVILIVVYHV,IL1RAP,Interleukin-1 receptor accessory protein,6,15,4,25,bin_5,283,452,IL1RAP,1,0.8
8ODP_HUMAN,P36639,NUDT1,Oxidized purine nucleoside triphosphate hydrolase ,11,6,8,25,bin_5,116,134,NT5E,0,3.59
TPSN_HUMAN,Q9UIZ6,TAPBP,Tapasin ,9,8,8,25,bin_5,66,558,TAPBP,1,2.05
UBP13_HUMAN,Q92995,USP13,Ubiquitin carboxyl-terminal hydrolase 13,10,12,3,25,bin_5,127,472,UTHP1,0,3.83
HPS4_HUMAN,Q9NQG7,HPS4,BLOC-3 complex member HPS4 ,4,12,9,25,bin_5,90,2,HPS4,1,2.24
HPCA_HUMAN,P84074,HPCA,Neuron-specific calcium-binding protein hippocalcin ,4,11,10,25,bin_5,328,11,HCN1,0,4.11
HNRPC_HUMAN,Q96HK7,HNRNPC,Heterogeneous nuclear ribonucleoproteins C1/C2,7,6,12,25,bin_5,358,82,HNRNPC,1,1.57
CLD4_HUMAN,O14493,CLDN4,Claudin-4 ,4,12,9,25,bin_5,670,1405,CLDN4,1,0.34
CIDEA_HUMAN,O60543,CIDEA,Lipid transferase CIDEA ,3,16,6,25,bin_5,599,51,CIDEA,1,3.5
HLAC_HUMAN,Q9TPX2,HLA-C,"HLA class I histocompatibility antigen, C alpha chain",3,6,16,25,bin_5,4649,270,HLA-C,1,2.65
UBP15_HUMAN,Q9Y4E8,USP15,Ubiquitin carboxyl-terminal hydrolase 15 ,8,11,6,25,bin_5,215,520,UTSNF15,0,2.07
CLIP3_HUMAN,Q96DZ5,CLIP3,CAP-Gly domain-containing linker protein 3,3,11,11,25,bin_5,16,5,CPAP,0,1.59
GRM1_HUMAN,Q9UGS9,GRM1,Metabotropic glutamate receptor 1,6,12,7,25,bin_5,217,7835,GRM1,1,1.96
CLCA_HUMAN,P09496,CLTA,Clathrin light chain A,5,5,15,25,bin_5,98,423,CLTA,1,0.49
UBR4_HUMAN,ILLCEDGSLR,UBR4,E3 ubiquitin-protein ligase UBR4 ,4,11,10,25,bin_5,101,69,UBR4,1,2.48
HDA10_HUMAN,Q969S8,HDAC10,Polyamine deacetylase HDAC10,8,11,6,25,bin_5,184,14,HDAC10,1,0.74
HCN1_HUMAN,O60741,HCN1,Potassium/sodium hyperpolarization-activated cyclic nucleotide-gated channel 1,8,10,7,25,bin_5,759,7,HCN1,1,1.36
ABI1_HUMAN,Q9NYB8,ABI1,Abl interactor 1,5,9,11,25,bin_5,621,68,ABIL,0,1.44
GPNMB_HUMAN,Q14956,GPNMB,Transmembrane glycoprotein NMB,5,16,4,25,bin_5,632,43,GNMB,0,0.55
GLNA_HUMAN,P15104,GLUL,Glutamine synthetase ,5,11,9,25,bin_5,251,9765,GLNS,0,1.73
IF122_HUMAN,Q53G36,IFT122,Intraflagellar transport protein 122 homolog ,0,17,8,25,bin_5,52,2,IFT122,1,1.32
TR150_HUMAN,Q9Y2W1,THRAP3,Thyroid hormone receptor-associated protein 3,10,10,5,25,bin_5,60,56,THRAP3,1,1.77
CO4A3_HUMAN,Q9UDL1,COL4A3,Tumstatin,4,13,8,25,bin_5,643,563,COL4A2,0,4.03
TRAK1_HUMAN,Q9UPV9,TRAK1,Trafficking kinesin-binding protein 1,3,10,12,25,bin_5,70,18,TBK1,0,0.54
V2R_HUMAN,P30518,AVPR2,Vasopressin V2 receptor,2,15,8,25,bin_5,362,9214,AVPR2,1,0.52
IF6_HUMAN,P56537,EIF6,Eukaryotic translation initiation factor 6 ,3,13,9,25,bin_5,211,3069,EIF6,1,1.11
ACOX1_HUMAN,Q7Z3W5,ACOX1,"Peroxisomal acyl-CoA oxidase 1, C chain ",7,13,5,25,bin_5,620,11,ACOX1,1,2.62
CBLB_HUMAN,Q13191,CBLB,E3 ubiquitin-protein ligase CBL-B,6,15,4,25,bin_5,682,359,CBLB,1,0.65
GPC1_HUMAN,P35052,GPC1,Secreted glypican-1,3,7,15,25,bin_5,286,1270,GPC1,1,2.35
TRIB3_HUMAN,Q96RU7,TRIB3,Tribbles homolog 3,7,14,4,25,bin_5,570,214,TNIP3,0,1.21
TRIP4_HUMAN,Q15650,TRIP4,Activating signal cointegrator 1 ,8,8,9,25,bin_5,52,62,ASC1,0,1.63
SMDDFTPSGE,P30926,CHRNB4,Neuronal acetylcholine receptor subunit beta-4,3,13,9,25,bin_5,260,133,CHRNA4,0,1.32
1433G_HUMAN,P61981,YWHAG,"14-3-3 protein gamma, N-terminally processed",9,10,6,25,bin_5,130,0,YWHAQ,0,1.83
HXD10_HUMAN,P28358,HOXD10,Homeobox protein Hox-D10,5,14,6,25,bin_5,262,3,HOXD10,1,1.33
HXA1_HUMAN,P49639,HOXA1,Homeobox protein Hox-A1,6,17,2,25,bin_5,443,7,HOXA1,1,2.36
SUZ12_HUMAN,Q15022,SUZ12,Polycomb protein SUZ12,9,7,9,25,bin_5,826,549,SUZ12,1,0.51
SIAH2_HUMAN,O43255,SIAH2,E3 ubiquitin-protein ligase SIAH2,5,14,6,25,bin_5,241,176,SIAH2,1,0.46
G3BP1_HUMAN,Q13283,G3BP1,Ras GTPase-activating protein-binding protein 1,11,7,7,25,bin_5,591,1174,RASAL1,0,1.01
CGL_HUMAN,P32929,CTH,Cystathionine gamma-lyase ,8,14,3,25,bin_5,1813,2389,CTH,1,1.79
KLH22_HUMAN,Q53GT1,KLHL22,Kelch-like protein 22 ,2,12,11,25,bin_5,22,258,KLHL22,1,1.59
M3K13_HUMAN,O43283,MAP3K13,Mitogen-activated protein kinase kinase kinase 13,12,11,2,25,bin_5,49,11303,MAP3K13,1,1.46
KS6A1_HUMAN,Q96C05,RPS6KA1,Ribosomal protein S6 kinase alpha-1,7,14,4,25,bin_5,466,53,RPS6KA3,0,3.88
ABCD3_HUMAN,P28288,ABCD3,ATP-binding cassette sub-family D member 3,7,11,7,25,bin_5,243,53,ABCD3,1,1.24
M3K11_HUMAN,Q16584,MAP3K11,Mitogen-activated protein kinase kinase kinase 11,11,10,4,25,bin_5,61,240,MAP3K11,1,2.51
SPTN5_HUMAN,Q9NRC6,SPTBN5,"Spectrin beta chain, non-erythrocytic 5",9,4,12,25,bin_5,21,8,SPTBN5,1,0.97
AMELX_HUMAN,Q99217,AMELX,"Amelogenin, X isoform",4,16,5,25,bin_5,540,15,AMEL,0,2.87
FOXE3_HUMAN,Q13461,FOXE3,Forkhead box protein E3,5,17,3,25,bin_5,133,310,FOXE3,1,2.06
SPIR1_HUMAN,Q08AE8,SPIRE1,Protein spire homolog 1,2,15,8,25,bin_5,53,4,SPRINT2,0,1.33
FOSB_HUMAN,A8VJG9,FOSB,Protein FosB ,5,15,5,25,bin_5,1681,1399,FOSB,1,1.18
VNEIDRRSTI,P13611,VCAN,Versican core protein,5,8,12,25,bin_5,1062,243,VSBN1,0,0.52
LPPRC_HUMAN,P42704,LRPPRC,"Leucine-rich PPR motif-containing protein, mitochondrial",6,6,13,25,bin_5,274,7,MRPP3,0,2.65
SNTA1_HUMAN,Q13424,SNTA1,Alpha-1-syntrophin,8,8,9,25,bin_5,54,30,SNTA1,1,3.23
FUT4_HUMAN,P22083,FUT4,"Alpha-(1,3)-fucosyltransferase 4",3,15,7,25,bin_5,267,225,FUT4,1,2.29
LOX12_HUMAN,P18054,ALOX12,Polyunsaturated fatty acid lipoxygenase ALOX12 ,5,15,5,25,bin_5,274,63,ALOX12B,0,0.53
SPB3_HUMAN,Q8IXI3,SERPINB3,Serpin B3,4,11,10,25,bin_5,150,57,SERPINB3,1,2.28
STX2_HUMAN,P32856,STX2,Syntaxin-2,5,10,10,25,bin_5,2247,1342,STX2,1,0.53
LHX2_HUMAN,P50458,LHX2,LIM/homeobox protein Lhx2,6,17,2,25,bin_5,379,69,LHX2,1,2.34
BTG2_HUMAN,P78543,BTG2,Protein BTG2,1,20,4,25,bin_5,599,503,BTG2,1,2.0
LGR4_HUMAN,Q9BXB1,LGR4,Leucine-rich repeat-containing G-protein coupled receptor 4,4,20,1,25,bin_5,353,250,LGR4,1,1.02
STC1_HUMAN,P52823,STC1,Stanniocalcin-1,2,19,4,25,bin_5,874,365,STC1,1,2.38
SH2B3_HUMAN,Q9UQQ2,SH2B3,SH2B adapter protein 3,4,19,2,25,bin_5,373,54,SH2B2,0,0.63
KIF2C_HUMAN,Q99661,KIF2C,Kinesin-like protein KIF2C,6,8,11,25,bin_5,324,6,KIF2C,1,1.28
SIK1_HUMAN,P57059,SIK1,Serine/threonine-protein kinase SIK1,8,15,2,25,bin_5,265,172,SIK1,1,0.63
FZD2_HUMAN,Q14332,FZD2,Frizzled-2,4,17,4,25,bin_5,271,130,FZD2,1,2.03
SHRM2_HUMAN,Q13796,SHROOM2,Protein Shroom2,4,12,9,25,bin_5,33,26,SHROOM2,1,3.77
STX12_HUMAN,Q86Y82,STX12,Syntaxin-12,2,9,14,25,bin_5,44,28,STS12,0,1.99
STK24_HUMAN,Q9Y6E0,STK24,Serine/threonine-protein kinase 24 12 kDa subunit,6,10,9,25,bin_5,111,0,STK24,1,2.4
GALA_HUMAN,P22466,GAL,Galanin message-associated peptide,6,16,4,26,bin_5,31236,53,GAL,1,3.63
CROCC_HUMAN,Q5TZA2,CROCC,Rootletin,4,12,10,26,bin_5,47,62,RTTN,0,5.58
EPIPL_HUMAN,P58107,EPPK1,Epiplakin ,4,9,13,26,bin_5,43,44,EPLIN,0,2.06
GBRG2_HUMAN,P18507,GABRG2,Gamma-aminobutyric acid receptor subunit gamma-2 ,6,8,12,26,bin_5,455,566,GABRG2,1,1.7
CDC73_HUMAN,Q6P1J9,CDC73,Parafibromin,1,20,5,26,bin_5,504,245,CASR,0,1.81
FCN1_HUMAN,O00602,FCN1,Ficolin-1,8,9,9,26,bin_5,81,116,FCN1,1,3.47
CDC6_HUMAN,Q99741,CDC6,Cell division control protein 6 homolog,4,14,8,26,bin_5,1095,822,CDKN2A,0,3.66
ZMYD8_HUMAN,Q9H1F3,ZMYND8,MYND-type zinc finger-containing chromatin reader ZMYND8 ,6,13,7,26,bin_5,77,0,ZMYND8,1,1.77
CYTC_HUMAN,P01034,CST3,Cystatin-C,6,10,10,26,bin_5,2101,9070,CST3,1,3.52
COBA1_HUMAN,P12107,COL11A1,Collagen alpha-1(XI) chain,7,14,5,26,bin_5,619,43,COL11A1,1,0.82
DNMT1_HUMAN,P26358,DNMT1,DNA (cytosine-5)-methyltransferase 1,7,14,5,26,bin_5,5247,2663,DNMT1,1,0.49
DRB3_HUMAN,Q9UIN5,HLA-DRB3,"HLA class II histocompatibility antigen, DR beta 3 chain",3,10,13,26,bin_5,748,1000,HLA-DRB1,0,1.42
CYGB_HUMAN,Q8WWM9,CYGB,Cytoglobin ,12,9,5,26,bin_5,291,420,CYGB,1,1.64
EPC1_HUMAN,Q96RR6,EPC1,Enhancer of polycomb homolog 1 ,2,14,10,26,bin_5,135,1744,EPC1,1,3.6
DUOX1_HUMAN,Q9NRD9,DUOX1,Dual oxidase 1,8,12,6,26,bin_5,980,863,DUOX1,1,0.85
CELF1_HUMAN,Q92879,CELF1,CUGBP Elav-like family member 1,6,13,7,26,bin_5,314,63,CELF1,1,0.86
DSCAM_HUMAN,O60469,DSCAM,Cell adhesion molecule DSCAM ,3,15,8,26,bin_5,440,301,DSCAM,1,3.44
DERL1_HUMAN,Q9BUN8,DERL1,Derlin-1 ,9,9,8,26,bin_5,119,139,DERL1,1,1.1
DGKD_HUMAN,ILEKLERAST,DGKD,Diacylglycerol kinase delta ,8,12,6,26,bin_5,42,404,DGKD,1,2.71
GRM2_HUMAN,Q14416,GRM2,Metabotropic glutamate receptor 2,5,15,6,26,bin_5,139,1028,GRM2,1,4.39
CD2_HUMAN,P06729,CD2,T-cell surface antigen CD2,4,13,9,26,bin_5,18798,3197,CD2,1,1.98
CO5A1_HUMAN,P20908,COL5A1,Collagen alpha-1(V) chain,6,16,4,26,bin_5,642,92,COL5A1,1,2.19
CNTP1_HUMAN,P78357,CNTNAP1,Contactin-associated protein 1,2,18,6,26,bin_5,170,412,CNTAP1,0,1.24
CP2C8_HUMAN,P10632,CYP2C8,Cytochrome P450 2C8 ,9,13,4,26,bin_5,1715,671,CYP2C8,1,2.57
FBX4_HUMAN,Q9UKT5,FBXO4,F-box only protein 4,4,18,4,26,bin_5,44,169,FBXO4,1,0.92
ZW10_HUMAN,O43264,ZW10,Centromere/kinetochore protein zw10 homolog,1,14,11,26,bin_5,178,2,CENPZ,0,0.31
ZFHX3_HUMAN,Q15911,ZFHX3,Zinc finger homeobox protein 3,7,13,6,26,bin_5,260,1273,ZHX3,0,0.81
DHC24_HUMAN,Q15392,DHCR24,Delta(24)-sterol reductase,6,14,6,26,bin_5,355,42,DHCR24,1,3.16
ELL3_HUMAN,Q9HB65,ELL3,RNA polymerase II elongation factor ELL3,1,17,8,26,bin_5,21,10,ELL3,1,0.28
FNIP1_HUMAN,Q8TF40,FNIP1,Folliculin-interacting protein 1 ,5,18,3,26,bin_5,84,35,BHD,0,3.64
CHLE_HUMAN,P06276,BCHE,Cholinesterase,8,12,6,26,bin_5,3244,60104,BCHE,1,2.27
QDLQGEVEYY,O75445,USH2A,Usherin,3,10,13,26,bin_5,569,70,USH2A,1,3.16
PSN2_HUMAN,P49810,PSEN2,Presenilin-2 CTF subunit,1,11,14,26,bin_5,1276,2,PSEN2,1,2.31
THIL_HUMAN,P24752,ACAT1,"Acetyl-CoA acetyltransferase, mitochondrial",7,15,4,26,bin_5,660,410,ACAT1,1,2.99
OXSR1_HUMAN,O95747,OXSR1,Serine/threonine-protein kinase OSR1,6,17,3,26,bin_5,201,227,OSR1,0,4.8
PACA_HUMAN,P18509,ADCYAP1,Pituitary adenylate cyclase-activating polypeptide 38,4,19,3,26,bin_5,1612,4106,ADCYAP1,1,0.65
TFEB_HUMAN,P19484,TFEB,Transcription factor EB ,7,14,5,26,bin_5,2161,3759,TFEB,1,3.09
C1TC_HUMAN,P11586,MTHFD1,"C-1-tetrahydrofolate synthase, cytoplasmic, N-terminally processed",6,16,4,26,bin_5,318,0,MTHFD1,1,1.55
ACLSNKRHRP,EIPDDLKQLY,RRM1,Ribonucleoside-diphosphate reductase large subunit,5,15,6,26,bin_5,885,59,RRM1,1,1.04
ISG15_HUMAN,P05161,ISG15,Ubiquitin-like protein ISG15,3,19,4,26,bin_5,2051,827,ISG15,1,2.98
LIMD1_HUMAN,Q9UGP4,LIMD1,LIM domain-containing protein 1,2,14,10,26,bin_5,86,323,LIMD1,1,2.74
ALDR_HUMAN,P15121,AKR1B1,Aldo-keto reductase family 1 member B1,9,13,4,26,bin_5,440,55,AKR1B1,1,1.97
RICTR_HUMAN,Q6R327,RICTOR,Rapamycin-insensitive companion of mTOR ,4,19,3,26,bin_5,1277,558,RPTOR,0,1.91
PALLD_HUMAN,Q9UQF5,PALLD,Palladin,3,8,15,26,bin_5,131,1042,PALLD,1,1.72
SC6A2_HUMAN,P23975,SLC6A2,Sodium-dependent noradrenaline transporter,9,11,6,26,bin_5,867,2149,SLC6A2,1,4.05
CAPZB_HUMAN,P47756,CAPZB,F-actin-capping protein subunit beta,3,8,15,26,bin_5,72,37,CAPZB,1,1.29
SC6A9_HUMAN,P48067,SLC6A9,Sodium- and chloride-dependent glycine transporter 1,2,10,14,26,bin_5,343,22,SLC6A9,1,0.8
SOMA_HUMAN,P01241,GH1,Somatotropin,6,16,4,26,bin_5,1618,148698,GHRH,0,2.35
VPS41_HUMAN,P49754,VPS41,Vacuolar protein sorting-associated protein 41 homolog,3,10,13,26,bin_5,128,1,VPS41,1,3.14
PARP3_HUMAN,Q9Y6F1,PARP3,Protein mono-ADP-ribosyltransferase PARP3 ,8,10,8,26,bin_5,152,94,PARP3,1,4.88
RGN_HUMAN,Q15493,RGN,Regucalcin,4,20,2,26,bin_5,1053,359,RGN,1,3.97
TLN1_HUMAN,Q9Y490,TLN1,Talin-1,8,9,9,26,bin_5,328,217,TNS1,0,1.96
SNX10_HUMAN,Q9Y5X0,SNX10,Sorting nexin-10,3,16,7,26,bin_5,93,43,SNX10,1,2.24
PCBP2_HUMAN,Q6IPF4,PCBP2,Poly(rC)-binding protein 2 ,7,10,9,26,bin_5,277,113,PCBP2,1,1.68
KLF5_HUMAN,Q13887,KLF5,Krueppel-like factor 5,6,15,5,26,bin_5,977,7,KLF5,1,1.56
MYO1B_HUMAN,O43795,MYO1B,Unconventional myosin-Ib,7,5,14,26,bin_5,89,78,MYO1B,1,2.5
IL31R_HUMAN,Q8NI17,IL31RA,Interleukin-31 receptor subunit alpha,4,16,6,26,bin_5,156,12,IL31RA,1,2.79
CATB_HUMAN,P07858,CTSB,Cathepsin B heavy chain ,5,9,12,26,bin_5,1080,67,CTSB,1,2.19
PDE3A_HUMAN,Q14432,PDE3A,"cGMP-inhibited 3',5'-cyclic phosphodiesterase 3A ",7,17,2,26,bin_5,402,46,PDE3A,1,0.96
QGISYRGTWS,Q9BZW1,PLAT,Tissue-type plasminogen activator chain B,3,13,10,26,bin_5,1725,0,PLAT,1,2.57
OREX_HUMAN,O43612,HCRT,Orexin-B ,3,17,6,26,bin_5,1053,4392,OXR1,0,2.88
TEN2_HUMAN,Q9NT68,TENM2,Ten-2 intracellular domain,5,7,14,26,bin_5,39,0,TNNT2,0,0.67
RENI_HUMAN,P00797,REN,Renin ,4,18,4,26,bin_5,123839,71365,REN,1,0.34
NR1I2_HUMAN,Q9UJ27,NR1I2,Nuclear receptor subfamily 1 group I member 2,8,12,6,26,bin_5,3058,2931,NR1I2,1,1.94
RP3A_HUMAN,Q9Y2J0,RPH3A,Rabphilin-3A,10,5,11,26,bin_5,41,169,RPH3A,1,0.68
RORB_HUMAN,Q92753,RORB,Nuclear receptor ROR-beta,8,15,3,26,bin_5,174,12,RORB,1,2.59
RNF4_HUMAN,P78317,RNF4,E3 ubiquitin-protein ligase RNF4 ,8,12,6,26,bin_5,240,130,RNF4,1,3.84
STAP1_HUMAN,Q9ULZ2,STAP1,Signal-transducing adaptor protein 1,7,12,7,26,bin_5,65,112029,STAP1,1,2.19
APCL_HUMAN,O95996,APC2,Adenomatous polyposis coli protein 2 ,3,10,13,26,bin_5,268,20,APC2,1,2.78
BAP31_HUMAN,P51572,BCAP31,B-cell receptor-associated protein 31,2,11,13,26,bin_5,165,77,BCAP31,1,6.01
NFH_HUMAN,P12036,NEFH,Neurofilament heavy polypeptide,7,11,8,26,bin_5,154,212,NFH,0,2.0
SRPK1_HUMAN,Q96SB4,SRPK1,SRSF protein kinase 1,6,11,9,26,bin_5,317,22,SRPK1,1,5.35
NPHP4_HUMAN,O75161,NPHP4,Nephrocystin-4,1,11,14,26,bin_5,125,35,NPHP4,1,2.82
CAC1D_HUMAN,Q01668,CACNA1D,Voltage-dependent L-type calcium channel subunit alpha-1D,7,15,4,26,bin_5,604,20,CACNA1D,1,3.76
NET1_HUMAN,O95631,NTN1,Netrin-1,2,19,5,26,bin_5,782,1518,NTN1,1,1.48
SYVN1_HUMAN,Q86TM6,SYVN1,E3 ubiquitin-protein ligase synoviolin,6,9,11,26,bin_5,304,59,SYNOVOLIN,0,1.13
LAT_HUMAN,O43561,LAT,Linker for activation of T-cells family member 1,3,15,8,26,bin_5,17211,65,LAT,1,2.3
FTINPEDGFI,P55287,CDH11,Cadherin-11,3,15,8,26,bin_5,280,508,CDH11,1,1.14
TADA3_HUMAN,O75528,TADA3,Transcriptional adapter 3,4,16,6,26,bin_5,40,670,TAC3,0,3.12
APLF_HUMAN,Q8IW19,APLF,Aprataxin and PNK-like factor ,10,11,5,26,bin_5,71,14,APLF,1,3.68
DILIRYEPQL,P07942,LAMB1,Laminin subunit beta-1,2,12,12,26,bin_5,241,583,LAMB1,1,3.14
SOX6_HUMAN,P35712,SOX6,Transcription factor SOX-6 ,7,15,4,26,bin_5,606,531,SOX6,1,3.41
SOX15_HUMAN,O60248,SOX15,Transcription factor SOX-15 ,6,16,4,26,bin_5,78,1,SOX15,1,3.56
NUD16_HUMAN,Q96DE0,NUDT16,U8 snoRNA-decapping enzyme,16,6,4,26,bin_5,49,1,DLEU7,0,1.07
TCPB_HUMAN,P78371,CCT2,T-complex protein 1 subunit beta,6,12,8,26,bin_5,150,105,CCTB,0,2.54
TCPD_HUMAN,P50991,CCT4,T-complex protein 1 subunit delta,6,10,10,26,bin_5,67,23,CCT6A,0,3.4
LATS2_HUMAN,Q9NRM7,LATS2,Serine/threonine-protein kinase LATS2,4,17,5,26,bin_5,655,456,LATS2,1,2.93
ACSL4_HUMAN,O60488,ACSL4,Long-chain-fatty-acid--CoA ligase 4 ,5,11,10,26,bin_5,1106,263,ACSL4,1,4.54
ACV1C_HUMAN,Q8NER5,ACVR1C,Activin receptor type-1C,6,18,2,26,bin_5,127,6,ACVR1C,1,4.51
RAB35_HUMAN,Q15286,RAB35,Ras-related protein Rab-35,4,11,11,26,bin_5,223,5,RAB35,1,3.55
RAP1B_HUMAN,Q6LES0,RAP1B,Ras-related protein Rap-1b,5,13,8,26,bin_5,419,14,RAP1B,1,2.55
MBB1A_HUMAN,Q9BQG0,MYBBP1A,Myb-binding protein 1A,4,14,8,26,bin_5,113,39,MYBBP1A,1,5.23
RAG2_HUMAN,P55895,RAG2,V(D)J recombination-activating protein 2,10,14,2,26,bin_5,3484,968,RAG2,1,2.29
MRP2_HUMAN,Q92887,ABCC2,ATP-binding cassette sub-family C member 2,10,12,4,26,bin_5,2286,166,ABCC2,1,1.03
PRDX2_HUMAN,P32119,PRDX2,Peroxiredoxin-2,2,21,3,26,bin_5,501,4745,PRDX2,1,2.55
MACF1_HUMAN,Q9UKP0,MACF1,"Microtubule-actin cross-linking factor 1, isoforms 1/2/3/4/5 ",7,11,8,26,bin_5,198,0,MCL1F,0,1.82
ARL2_HUMAN,P36404,ARL2,ADP-ribosylation factor-like protein 2,3,10,13,26,bin_5,153,126,ARL2,1,0.24
XRCC3_HUMAN,O43542,XRCC3,DNA repair protein XRCC3,3,14,9,26,bin_5,948,708,XRCC3,1,0.89
VAV_HUMAN,P15498,VAV1,Proto-oncogene vav,4,18,4,26,bin_5,1055,1175,VAV1,1,1.0
ASIC2_HUMAN,Q16515,ASIC2,Acid-sensing ion channel 2 ,3,20,3,26,bin_5,262,1204,ASIC2,1,0.56
UTER_HUMAN,P11684,SCGB1A1,Uteroglobin,2,19,5,26,bin_5,910,1822,CLU,0,0.98
UCP1_HUMAN,P25874,UCP1,Mitochondrial brown fat uncoupling protein 1 ,8,16,2,26,bin_5,4655,4629,UCP1,1,4.84
ANGP2_HUMAN,O15123,ANGPT2,Angiopoietin-2,3,19,4,26,bin_5,853,3521,ANGPT2,1,1.63
ACD_HUMAN,Q96AP0,ACD,Adrenocortical dysplasia protein homolog ,3,17,6,26,bin_5,8943,9,ADCYAP1,0,3.89
RA51C_HUMAN,O43502,RAD51C,DNA repair protein RAD51 homolog 3,4,11,11,26,bin_5,693,749,RAD51B,0,2.79
WDR48_HUMAN,Q8TAF3,WDR48,WD repeat-containing protein 48 ,5,14,7,26,bin_5,38,37,WDR48,1,1.6
PO3F3_HUMAN,P20264,POU3F3,"POU domain, class 3, transcription factor 3 ",6,17,3,26,bin_5,97,46,POU3F3,1,1.68
VLDLR_HUMAN,P98155,VLDLR,Very low-density lipoprotein receptor,8,12,6,26,bin_5,727,25077,VLDLR,1,4.0
WDR5_HUMAN,P61964,WDR5,WD repeat-containing protein 5,3,12,11,26,bin_5,506,442,WDR5,1,2.5
UBP10_HUMAN,Q14694,USP10,Ubiquitin carboxyl-terminal hydrolase 10 ,6,12,8,26,bin_5,298,932,UTHP10,0,1.38
PURA_HUMAN,Q00577,PURA,Transcriptional activator protein Pur-alpha,11,9,6,26,bin_5,1344,62,PURA,1,0.2
PP2AB_HUMAN,P62714,PPP2CB,Serine/threonine-protein phosphatase 2A catalytic subunit beta isoform ,5,15,6,26,bin_5,49,4992,PPP2CA,0,4.46
ARI1B_HUMAN,Q8NFD5,ARID1B,AT-rich interactive domain-containing protein 1B ,2,15,9,26,bin_5,442,34,ARID1B,1,3.72
RAP2A_HUMAN,P10114,RAP2A,Ras-related protein Rap-2a,5,14,7,26,bin_5,172,10,RAP2A,1,4.2
RB27B_HUMAN,O00194,RAB27B,Ras-related protein Rab-27B,6,5,15,26,bin_5,246,2,RAB27B,1,1.36
ACSL3_HUMAN,O95573,ACSL3,Fatty acid CoA ligase Acsl3 ,7,10,9,26,bin_5,219,75,ACSL3,1,1.66
IGHE_HUMAN,P01854,IGHE,Immunoglobulin heavy constant epsilon ,2,18,6,26,bin_5,66,144,IGHE,1,1.75
SCN3B_HUMAN,Q9NY72,SCN3B,Sodium channel regulatory subunit beta-3 ,4,18,4,26,bin_5,85,7,SCNN1B,0,3.03
SMC6_HUMAN,Q96SB8,SMC6,Structural maintenance of chromosomes protein 6,6,9,11,26,bin_5,235,692,SMC6,1,0.99
PERF_HUMAN,P14222,PRF1,Perforin-1,4,14,8,26,bin_5,766,7497,PRF1,1,0.27
WASH1_HUMAN,A8K0Z3,WASHC1,WASH complex subunit 1 ,5,12,9,26,bin_5,10,59,WASHC1,1,0.6
PFKAM_HUMAN,P08237,PFKM,"ATP-dependent 6-phosphofructokinase, muscle type ",9,11,6,26,bin_5,192,2,PFKM,1,3.16
BY55_HUMAN,O95971,CD160,"CD160 antigen, soluble form ",6,17,3,26,bin_5,338,4,CD160,1,0.86
LYRIC_HUMAN,Q86UE4,MTDH,Protein LYRIC,6,9,11,26,bin_5,654,101,LYRIC,0,1.11
MRP6_HUMAN,O95255,ABCC6,ATP-binding cassette sub-family C member 6,5,14,7,26,bin_5,642,98,ABCC6,1,2.05
RB3GP_HUMAN,Q15042,RAB3GAP1,Rab3 GTPase-activating protein catalytic subunit,3,15,8,26,bin_5,95,14,RABGAP1L,0,3.03
WDR19_HUMAN,Q8NEZ3,WDR19,WD repeat-containing protein 19 ,0,16,10,26,bin_5,63,0,WDR19,1,3.09
MTA2_HUMAN,O94776,MTA2,Metastasis-associated protein MTA2,8,9,9,26,bin_5,191,76,MTA2,1,3.16
AT2A3_HUMAN,Q8TEX5,ATP2A3,Sarcoplasmic/endoplasmic reticulum calcium ATPase 3 ,8,10,8,26,bin_5,123,7546,ATP2A3,1,3.34
PIWL2_HUMAN,Q8TC59,PIWIL2,Piwi-like protein 2,4,14,8,26,bin_5,297,69,PIWIL2,1,0.56
ARP3_HUMAN,P61158,ACTR3,Actin-related protein 3,3,11,12,26,bin_5,243,533,ACTR3,1,4.98
TTBK2_HUMAN,Q6IQ55,TTBK2,Tau-tubulin kinase 2,8,12,6,26,bin_5,88,95,TTK,0,1.65
HXK1_HUMAN,P19367,HK1,Hexokinase-1 ,8,14,4,26,bin_5,1004,375,HK1,1,2.15
HEG1_HUMAN,Q9ULI3,HEG1,Protein HEG homolog 1,1,22,3,26,bin_5,78,7,HEG1,1,0.44
S15A4_HUMAN,Q8N697,SLC15A4,Solute carrier family 15 member 4 ,4,17,6,27,bin_5,95,346,SLC15A4,1,0.88
KIF3A_HUMAN,Q9Y496,KIF3A,Kinesin-like protein KIF3A,8,8,11,27,bin_5,378,12,KIF3A,1,2.77
CN37_HUMAN,P09543,CNP,"2',3'-cyclic-nucleotide 3'-phosphodiesterase ",3,10,14,27,bin_5,5562,1539,CNTN2P2,0,0.74
S27A2_HUMAN,O14975,SLC27A2,Long-chain fatty acid transport protein 2 ,11,9,7,27,bin_5,90,687,SLC27A2,1,1.5
CEBPG_HUMAN,P53567,CEBPG,CCAAT/enhancer-binding protein gamma,8,15,4,27,bin_5,58,48,CEBPG,1,1.24
OCLN_HUMAN,Q16625,OCLN,Occludin,1,14,12,27,bin_5,2074,9002,OCLN,1,3.86
GSH0_HUMAN,P48507,GCLM,Glutamate--cysteine ligase regulatory subunit,4,21,2,27,bin_5,1027,169,GCLC,0,2.03
VAS1_HUMAN,Q15904,ATP6AP1,V-type proton ATPase subunit S1,3,12,12,27,bin_5,125,1,ATP6V1A,0,0.87
ANX11_HUMAN,P50995,ANXA11,Annexin A11,8,3,16,27,bin_5,110,10707,ANXA11,1,7.24
SNP23_HUMAN,O00161,SNAP23,Synaptosomal-associated protein 23,3,8,16,27,bin_5,517,198,SAP23,0,2.08
GRM7_HUMAN,Q14831,GRM7,Metabotropic glutamate receptor 7,8,10,9,27,bin_5,152,333,GRM7,1,1.9
TTBK1_HUMAN,Q5TCY1,TTBK1,Tau-tubulin kinase 1,6,15,6,27,bin_5,52,95,TTK,0,4.29
CNN2_HUMAN,Q99439,CNN2,Calponin-2,4,14,9,27,bin_5,91,49,CNN2,1,2.84
GNAS2_HUMAN,Q5JWD5,GNAS,Guanine nucleotide-binding protein G(s) subunit alpha isoforms short,6,14,7,27,bin_5,2047,8,GNAS,1,1.84
CTBP1_HUMAN,Q13363,CTBP1,C-terminal-binding protein 1,11,10,6,27,bin_5,383,399,CTBP1,1,2.82
HXA9_HUMAN,P31269,HOXA9,Homeobox protein Hox-A9,6,16,5,27,bin_5,1105,13,HOXA9,1,0.53
KQVIELAGKQ,Q29XZ0,POSTN,Periostin,3,19,5,27,bin_5,1828,2444,POSTN,1,0.74
ANXA6_HUMAN,P08133,ANXA6,Annexin A6,9,6,12,27,bin_5,191,531,ANXA6,1,2.42
ANXA3_HUMAN,P12429,ANXA3,Annexin A3,5,11,11,27,bin_5,212,467,ANXA3,1,0.49
CNOT1_HUMAN,A5YKK6,CNOT1,CCR4-NOT transcription complex subunit 1,6,13,8,27,bin_5,133,95,CNOT1,1,1.0
NMD3A_HUMAN,Q8TCU5,GRIN3A,"Glutamate receptor ionotropic, NMDA 3A",7,10,10,27,bin_5,115,19,GRIN1,0,3.17
RBMX_HUMAN,P38159,RBMX,"RNA-binding motif protein, X chromosome, N-terminally processed",6,10,11,27,bin_5,138,0,RBMX,1,2.28
RBCC1_HUMAN,Q8TDY2,RB1CC1,RB1-inducible coiled-coil protein 1 ,3,16,8,27,bin_5,325,91,RBM8A,0,1.87
CBX3_HUMAN,Q13185,CBX3,Chromobox protein homolog 3,7,6,14,27,bin_5,245,392,CBX3,1,5.81
KIF2A_HUMAN,O00139,KIF2A,Kinesin-like protein KIF2A,5,9,13,27,bin_5,211,4,KIF2A,1,4.11
CBX5_HUMAN,P45973,CBX5,Chromobox protein homolog 5,8,5,14,27,bin_5,511,1216,CBX5,1,2.47
LOXL2_HUMAN,Q9Y4K0,LOXL2,Lysyl oxidase homolog 2,4,15,8,27,bin_5,605,57,LOXL2,1,1.13
FERM1_HUMAN,Q9BQL6,FERMT1,Fermitin family homolog 1,2,18,7,27,bin_5,206,17,FAM20B,0,2.13
ZMIZ1_HUMAN,Q9ULJ6,ZMIZ1,Zinc finger MIZ domain-containing protein 1 ,5,17,5,27,bin_5,132,4,ZMIZ1,1,3.52
HOOK3_HUMAN,Q86VS8,HOOK3,Protein Hook homolog 3,6,14,7,27,bin_5,52,59,HOOK3,1,2.02
MYCB2_HUMAN,O75592,MYCBP2,E3 ubiquitin-protein ligase MYCBP2 ,5,13,9,27,bin_5,92,56,MYCBP2,1,1.52
SRGP2_HUMAN,O75044,SRGAP2,SLIT-ROBO Rho GTPase-activating protein 2 ,4,14,9,27,bin_5,87,17,SRGAP2,1,0.52
DYRK3_HUMAN,O43781,DYRK3,Dual specificity tyrosine-phosphorylation-regulated kinase 3,7,11,9,27,bin_5,60,856,DYRK3,1,1.04
ARI5B_HUMAN,Q14865,ARID5B,AT-rich interactive domain-containing protein 5B,3,22,2,27,bin_5,203,5,ARID5B,1,2.67
STK26_HUMAN,Q9P289,STK26,Serine/threonine-protein kinase 26 ,7,9,11,27,bin_5,65,11559,STK26,1,1.1
ZN268_HUMAN,Q14587,ZNF268,Zinc finger protein 268,5,19,3,27,bin_5,29,137,ZNF268,1,0.47
LAMA1_HUMAN,SAVCHLETGL,LAMA1,Laminin subunit alpha-1,3,14,10,27,bin_5,178,226,LAMA1,1,3.56
FOXB1_HUMAN,Q99853,FOXB1,Forkhead box protein B1,4,21,2,27,bin_5,44,198,FOXB1,1,0.38
AGTR2_HUMAN,P50052,AGTR2,Type-2 angiotensin II receptor ,2,24,1,27,bin_5,313,7191,AGTR2,1,1.33
MY18A_HUMAN,HLGAAGATKE,MYO18A,Unconventional myosin-XVIIIa ,6,11,10,27,bin_5,80,1,MYO18A,1,3.96
PPM1A_HUMAN,P35813,PPM1A,Protein phosphatase 1A,6,16,5,27,bin_5,229,1634,PPP1A,0,0.58
PTPRK_HUMAN,VCEFKAAYFD,PTPRK,Receptor-type tyrosine-protein phosphatase kappa,5,14,8,27,bin_5,125,10,PTK2K,0,2.73
DGAT2_HUMAN,Q96PD7,DGAT2,Diacylglycerol O-acyltransferase 2 ,4,14,9,27,bin_5,793,1059,DGAT2,1,2.35
SARM1_HUMAN,Q6SZW1,SARM1,NAD(+) hydrolase SARM1 ,5,12,10,27,bin_5,359,55,SARM1,1,2.56
STOX1_HUMAN,Q5I948,STOX1,Storkhead-box protein 1,2,18,7,27,bin_5,67,15,STOX1,1,5.82
UCHL1_HUMAN,P09936,UCHL1,Ubiquitin carboxyl-terminal hydrolase isozyme L1,6,14,7,27,bin_5,2548,5735,UCHL1,1,3.14
STX6_HUMAN,O43752,STX6,Syntaxin-6,3,8,16,27,bin_5,86,3068,STX6,1,1.86
S4A11_HUMAN,Q8NBS3,SLC4A11,Solute carrier family 4 member 11,10,13,4,27,bin_5,171,4097,SLC4A11,1,1.25
VATD_HUMAN,Q9Y5K8,ATP6V1D,V-type proton ATPase subunit D,1,10,16,27,bin_5,14,36,ATP6V1D,1,0.66
LIPC_HUMAN,P11150,LIPC,Hepatic triacylglycerol lipase,11,12,4,27,bin_5,813,4539,LIPC,1,2.44
SC5A3_HUMAN,P53794,SLC5A3,Sodium/myo-inositol cotransporter ,8,13,6,27,bin_5,194,56,SLC5A3,1,2.92
MAG_HUMAN,P20916,MAG,Myelin-associated glycoprotein,6,13,8,27,bin_5,14276,5054,MAG,1,1.26
KS6A3_HUMAN,P51812,RPS6KA3,Ribosomal protein S6 kinase alpha-3,8,14,5,27,bin_5,120,345,RPS6KA3,1,0.32
SMD2_HUMAN,P62316,SNRPD2,Small nuclear ribonucleoprotein Sm D2,1,6,20,27,bin_5,26,1430,SMD2,0,1.71
PR15A_HUMAN,O75807,PPP1R15A,Protein phosphatase 1 regulatory subunit 15A,4,14,9,27,bin_5,391,19,PPP1R15A,1,0.27
AGO3_HUMAN,Q9H9G7,AGO3,Protein argonaute-3 ,7,10,10,27,bin_5,215,23,ARGOAP1,0,1.39
CPNE1_HUMAN,Q99829,CPNE1,Copine-1 ,6,12,9,27,bin_5,59,29,CPN1,0,1.06
SYN1_HUMAN,P17600,SYN1,Synapsin-1,6,8,13,27,bin_5,565,463,SYN1,1,0.96
FAF1_HUMAN,Q9UNN5,FAF1,FAS-associated factor 1,7,11,9,27,bin_5,188,882,FAF1,1,0.57
NU153_HUMAN,P49790,NUP153,Nuclear pore complex protein Nup153,7,10,10,27,bin_5,314,265,NUP153,1,0.24
SMRC2_HUMAN,Q8TAQ2,SMARCC2,SWI/SNF complex subunit SMARCC2,2,14,11,27,bin_5,105,33,SMARCC2,1,0.26
KPCL_HUMAN,P24723,PRKCH,Protein kinase C eta type,9,13,5,27,bin_5,87,41,PRKCH,1,3.09
S28A2_HUMAN,O43868,SLC28A2,Sodium/nucleoside cotransporter 2,7,14,6,27,bin_5,50,13,SLC28A2,1,0.46
UB2D3_HUMAN,P61077,UBE2D3,Ubiquitin-conjugating enzyme E2 D3,5,15,7,27,bin_5,124,11,UBE2D3,1,0.92
SOCS1_HUMAN,O15524,SOCS1,Suppressor of cytokine signaling 1,5,16,6,27,bin_5,2893,7933,SOCSS1,0,3.67
UB2L3_HUMAN,P68036,UBE2L3,Ubiquitin-conjugating enzyme E2 L3,8,13,6,27,bin_5,230,19,UBE2L3,1,2.26
EF2K_HUMAN,O00418,EEF2K,Eukaryotic elongation factor 2 kinase,6,16,5,27,bin_5,412,457,EEF2K,1,0.33
CR3L1_HUMAN,Q96BA8,CREB3L1,Processed cyclic AMP-responsive element-binding protein 3-like protein 1,8,12,7,27,bin_5,228,6,CREB3L1,1,1.01
GRID2_HUMAN,O43424,GRID2,"Glutamate receptor ionotropic, delta-2",5,15,7,27,bin_5,132,81,GRID2,1,1.21
AELYMLRPLF,P20794,MAK,Serine/threonine-protein kinase MAK,6,10,11,27,bin_5,15130,434,MAPK15,0,1.86
OSBP1_HUMAN,P22059,OSBP,Oxysterol-binding protein 1 ,5,9,13,27,bin_5,374,299,OSBP1,0,0.3
IRF5_HUMAN,Q64GB2,IRF5,Interferon regulatory factor 5 ,7,16,4,27,bin_5,1003,4668,IRF5,1,0.25
MAPK5_HUMAN,Q8IW41,MAPKAPK5,MAP kinase-activated protein kinase 5,9,12,6,27,bin_5,146,365,MAPKAPK5,1,2.32
PGDH_HUMAN,P15428,HPGD,15-hydroxyprostaglandin dehydrogenase [NAD(+)] ,6,16,5,27,bin_5,239,781,HPGD,1,1.07
ACTS_HUMAN,P68133,ACTA1,"Actin, alpha skeletal muscle, intermediate form",5,11,11,27,bin_5,413,13,ACTA1,1,3.26
SIR4_HUMAN,Q9Y6E7,SIRT4,"NAD-dependent protein lipoamidase sirtuin-4, mitochondrial ",10,14,3,27,bin_5,405,0,SIRT4,1,1.01
ERO1A_HUMAN,Q96HE7,ERO1A,ERO1-like protein alpha,4,15,8,27,bin_5,162,4,ERO1A,1,0.85
VAV3_HUMAN,Q9UKW4,VAV3,Guanine nucleotide exchange factor VAV3,4,19,4,27,bin_5,337,195,VAV3,1,2.49
IL7_HUMAN,P13232,IL7,Interleukin-7,3,21,3,27,bin_5,6061,5065,IL7,1,0.9
VATL_HUMAN,P27449,ATP6V0C,V-type proton ATPase 16 kDa proteolipid subunit c ,3,8,16,27,bin_5,74,2,ATP6V1C2,0,0.57
CASQ2_HUMAN,O14958,CASQ2,Calsequestrin-2,4,16,7,27,bin_5,328,127,CASQ2,1,0.49
DPOLA_HUMAN,P09884,POLA1,DNA polymerase alpha catalytic subunit,8,11,8,27,bin_5,196,795,POLE,0,0.88
ACTA_HUMAN,P62736,ACTA2,"Actin, aortic smooth muscle, intermediate form",3,12,12,27,bin_5,3165,5,ACTA2,1,0.45
VPP1_HUMAN,Q93050,ATP6V0A1,V-type proton ATPase 116 kDa subunit a 1,2,6,19,27,bin_5,39,3,ATP6V1A1,0,1.93
CATD_HUMAN,P07339,CTSD,Cathepsin D heavy chain,4,9,14,27,bin_5,870,57,CTSD,1,5.03
APR_HUMAN,Q13794,PMAIP1,Phorbol-12-myristate-13-acetate-induced protein 1,0,22,5,27,bin_5,772,267,PMAIP1,1,1.49
RCC2_HUMAN,Q9P258,RCC2,Protein RCC2,6,13,8,27,bin_5,93,68,RCC2,1,2.0
BRD4_HUMAN,O60885,BRD4,Bromodomain-containing protein 4,11,12,4,27,bin_5,2950,785,BDP4,0,0.45
K2C1_HUMAN,P04264,KRT1,"Keratin, type II cytoskeletal 1",4,10,13,27,bin_5,348,227,KRT1,1,2.73
AL1A3_HUMAN,P47895,ALDH1A3,Retinaldehyde dehydrogenase 3,6,18,3,27,bin_5,432,1258,RHD3,0,2.53
DPOLQ_HUMAN,O75417,POLQ,DNA polymerase POLQ ,12,10,5,27,bin_5,218,734,POLQ,1,2.63
ACSL1_HUMAN,P33121,ACSL1,Long-chain-fatty-acid--CoA ligase 1 ,7,14,6,27,bin_5,528,382,ACSL1,1,1.15
CASP2_HUMAN,Q9BZK9,CASP2,Caspase-2 subunit p12,6,16,5,27,bin_5,364,1418,CASP2,1,0.81
CP27B_HUMAN,O15528,CYP27B1,"25-hydroxyvitamin D-1 alpha hydroxylase, mitochondrial",4,20,3,27,bin_5,2018,165,CYP27B1,1,0.27
ITAX_HUMAN,P20702,ITGAX,Integrin alpha-X,4,14,9,27,bin_5,280,131,ITGAX,1,0.42
ATG7_HUMAN,O95352,ATG7,Ubiquitin-like modifier-activating enzyme ATG7 ,3,17,7,27,bin_5,3208,1085,ATG7,1,2.84
GDF15_HUMAN,Q99988,GDF15,Growth/differentiation factor 15 ,4,17,6,27,bin_5,2954,2675,GDF15,1,0.69
GDF5_HUMAN,P43026,GDF5,Growth/differentiation factor 5,4,20,3,27,bin_5,865,697,GDF5,1,0.25
DOCK2_HUMAN,Q92608,DOCK2,Dedicator of cytokinesis protein 2,4,15,8,27,bin_5,238,157,DCP2,0,0.82
TIMP1_HUMAN,P01033,TIMP1,Metalloproteinase inhibitor 1,6,14,7,27,bin_5,10980,35125,TIMP1,1,1.51
CAR11_HUMAN,Q9BXL7,CARD11,Caspase recruitment domain-containing protein 11 ,2,18,7,27,bin_5,592,137,CARD11,1,0.44
MEF2D_HUMAN,Q14814,MEF2D,Myocyte-specific enhancer factor 2D,11,11,5,27,bin_5,505,2256,MEF2D,1,0.19
TIFAB_HUMAN,Q6ZNK6,TIFAB,TRAF-interacting protein with FHA domain-containing protein B,1,26,0,27,bin_5,252,1,TRAF2和NCK互作蛋白2,0,1.36
VLTVPKLKLS,P36955,SERPINF1,Pigment epithelium-derived factor,1,18,8,27,bin_5,222,1790,SERPINF1,1,3.28
BHE40_HUMAN,O14503,BHLHE40,Class E basic helix-loop-helix protein 40,12,11,4,27,bin_5,411,0,BHLHE40,1,0.29
MERTK_HUMAN,Q12866,MERTK,Tyrosine-protein kinase Mer,2,20,5,27,bin_5,1240,1219,MERTK,1,0.8
PCSK5_HUMAN,Q92824,PCSK5,Proprotein convertase subtilisin/kexin type 5,4,17,6,27,bin_5,84,1034,PCSK5,1,0.86
NDKA_HUMAN,P15531,NME1,Nucleoside diphosphate kinase A,9,11,7,27,bin_5,1196,1469,NME1,1,0.48
MDR3_HUMAN,P21439,ABCB4,Phosphatidylcholine translocator ABCB4 ,6,10,11,27,bin_5,637,464,ABCB4,1,2.12
PCAT1_HUMAN,Q8NF37,LPCAT1,Lysophosphatidylcholine acyltransferase 1,9,10,8,27,bin_5,198,769,LPCAT1,1,0.56
GFAP_HUMAN,Q7Z5J7,GFAP,Glial fibrillary acidic protein,4,15,8,27,bin_5,21921,26897,GFAP,1,1.36
PEX14_HUMAN,O75381,PEX14,Peroxisomal membrane protein PEX14 ,7,12,8,27,bin_5,263,184,PEX14,1,0.46
MINK1_HUMAN,Q8N4C8,MINK1,Misshapen-like kinase 1,4,16,7,27,bin_5,55,12,MKNK1,0,0.3
FGFR4_HUMAN,Q96KE5,FGFR4,Fibroblast growth factor receptor 4,4,16,7,27,bin_5,1305,782,FGFR4,1,1.02
GVIGQDGLLF,Q9NQT5,EXOSC3,Exosome complex component RRP40,2,16,9,27,bin_5,71,4,EXOSC3,1,4.02
ATS13_HUMAN,VRRILYCARA,ADAMTS13,A disintegrin and metalloproteinase with thrombospondin motifs 13,5,17,5,27,bin_5,3622,823,ADAMTS13,1,0.37
IL17F_HUMAN,Q96PD4,IL17F,Interleukin-17F,5,20,2,27,bin_5,1806,18930,IL17F,1,2.04
AP2A1_HUMAN,O95782,AP2A1,AP-2 complex subunit alpha-1,4,9,14,27,bin_5,37,21,AP2A1,1,0.86
5NTD_HUMAN,P21589,NT5E,5'-nucleotidase,9,11,7,27,bin_5,793,7351,NT5E,1,0.65
CAD23_HUMAN,Q96JL3,CDH23,Cadherin-23 ,3,15,9,27,bin_5,466,193,CDH23,1,1.81
GLUC_HUMAN,P01275,GCG,Glucagon-like peptide 2,4,18,5,27,bin_5,2161,1312,GLP2,0,2.02
ADT2_HUMAN,P05141,SLC25A5,"ADP/ATP translocase 2, N-terminally processed",7,12,8,27,bin_5,67,0,SLC25A5,1,4.33
CAD17_HUMAN,Q12864,CDH17,Cadherin-17,5,15,7,27,bin_5,241,105,CDH17,1,3.17
WDR1_HUMAN,O75083,WDR1,WD repeat-containing protein 1,1,17,9,27,bin_5,141,895,WDR1,1,2.63
ASPM_HUMAN,Q9NVS1,ASPM,Abnormal spindle-like microcephaly-associated protein,1,18,8,27,bin_5,564,78,MCPH1,0,0.59
GLYC_HUMAN,P34896,SHMT1,"Serine hydroxymethyltransferase, cytosolic",8,13,6,27,bin_5,252,177,SHMT2,0,2.59
TRPC5_HUMAN,Q9UL62,TRPC5,Short transient receptor potential channel 5,7,14,6,27,bin_5,566,229,TRPM5,0,0.9
PLPL3_HUMAN,Q9NST1,PNPLA3,1-acylglycerol-3-phosphate O-acyltransferase PNPLA3 ,10,13,4,27,bin_5,1329,4,PNPLA3,1,2.13
AFAD_HUMAN,P55196,AFDN,Afadin,4,14,9,27,bin_5,150,317,MPP5,0,1.86
RFA1_HUMAN,P27694,RPA1,"Replication protein A 70 kDa DNA-binding subunit, N-terminally processed",6,15,6,27,bin_5,828,0,RPA1,1,1.88
RUXE_HUMAN,P62304,SNRPE,Small nuclear ribonucleoprotein E,1,5,21,27,bin_5,41,567,SNEV,0,3.07
PLXD1_HUMAN,Q9Y4D7,PLXND1,Plexin-D1,2,18,7,27,bin_5,160,101,PLXND1,1,0.75
P2RX2_HUMAN,Q9UHD5,P2RX2,P2X purinoceptor 2,5,16,6,27,bin_5,332,4285,P2RX2,1,1.6
TAP1_HUMAN,Q03518,TAP1,Antigen peptide transporter 1,12,7,8,27,bin_5,1640,1023,TAP1,1,1.43
IRF6_HUMAN,O14896,IRF6,Interferon regulatory factor 6,7,15,5,27,bin_5,538,5020,IRF6,1,0.26
OX2G_HUMAN,P41217,CD200,OX-2 membrane glycoprotein,3,17,7,27,bin_5,1132,513,CD200,1,2.52
I23O1_HUMAN,P14902,IDO1,"Indoleamine 2,3-dioxygenase 1 ",5,18,4,27,bin_5,2342,3629,INDO,0,0.61
MYO5A_HUMAN,Q9Y4I1,MYO5A,Unconventional myosin-Va,6,9,12,27,bin_5,346,18,MYO5A,1,1.57
GNAI1_HUMAN,Q9UGA4,GNAI1,Guanine nucleotide-binding protein G(i) subunit alpha-1,8,9,10,27,bin_5,145,0,GNAS,0,0.36
MYO1E_HUMAN,Q12965,MYO1E,Unconventional myosin-Ie,6,10,11,27,bin_5,95,1,MY05A,0,1.49
TRI37_HUMAN,O94972,TRIM37,E3 ubiquitin-protein ligase TRIM37 ,9,11,7,27,bin_5,138,97,TRIM37,1,3.52
MARK1_HUMAN,Q9P0L2,MARK1,Serine/threonine-protein kinase MARK1,9,13,5,27,bin_5,126,80,MARK1,1,0.4
AQP8_HUMAN,O94778,AQP8,Aquaporin-8 ,4,11,12,27,bin_5,402,268,AQP8,1,4.44
MCM2_HUMAN,P49736,MCM2,DNA replication licensing factor MCM2 ,9,10,8,27,bin_5,1653,548,MCMT,0,0.33
MBL2_HUMAN,Q96TF9,MBL2,Mannose-binding protein C ,4,16,7,27,bin_5,998,3601,MBC2,0,0.58
PKHA1_HUMAN,Q9HB21,PLEKHA1,Pleckstrin homology domain-containing family A member 1,3,17,7,27,bin_5,81,0,PHKA1,0,2.08
TRAF4_HUMAN,Q9BUZ4,TRAF4,TNF receptor-associated factor 4,8,10,9,27,bin_5,251,170,TRAF4,1,2.77
CCNB1_HUMAN,P14635,CCNB1,G2/mitotic-specific cyclin-B1,5,12,10,27,bin_5,2431,9,CCNB1,1,1.75
PA2G5_HUMAN,P39877,PLA2G5,Phospholipase A2 group V,4,17,6,27,bin_5,100,0,PLA2G5,1,6.3
DGGTYAACVN,Q9NPD3,EXOSC4,Exosome complex component RRP41,3,14,10,27,bin_5,30,8,EXOSC3,0,2.28
RAG1_HUMAN,P15918,RAG1,E3 ubiquitin-protein ligase RAG1,9,15,4,28,bin_5,3390,24,RAG1,1,2.32
AKIR2_HUMAN,Q53H80,AKIRIN2,Akirin-2 ,4,18,6,28,bin_5,67,8,AKIRIN2,1,0.53
CERT_HUMAN,Q9Y5P4,CERT1,Ceramide transfer protein ,7,16,5,28,bin_5,106,654,CMPK2,0,0.61
APOD_HUMAN,P05090,APOD,Apolipoprotein D,2,17,9,28,bin_5,747,728,APOD,1,0.96
ID3_HUMAN,Q02535,ID3,DNA-binding protein inhibitor ID-3,5,20,3,28,bin_5,1052,39,ID3,1,2.24
EPHA3_HUMAN,P29320,EPHA3,Ephrin type-A receptor 3,4,16,8,28,bin_5,371,1010,EPHA3,1,0.23
SNX1_HUMAN,Q13596,SNX1,Sorting nexin-1,9,5,14,28,bin_5,182,75,SNX1,1,3.07
EHD3_HUMAN,Q9NZN3,EHD3,EH domain-containing protein 3 ,4,13,11,28,bin_5,75,120,EHD3,1,2.65
SNX5_HUMAN,Q9Y5X3,SNX5,Sorting nexin-5,7,8,13,28,bin_5,106,42,SNX5,1,0.59
EPHB3_HUMAN,P54753,EPHB3,Ephrin type-B receptor 3,4,20,4,28,bin_5,252,34,Ephb3,0,3.17
ACM2_HUMAN,P08172,CHRM2,Muscarinic acetylcholine receptor M2,3,12,13,28,bin_5,205,4994,CHRM2,1,2.31
IDHC_HUMAN,O75874,IDH1,Isocitrate dehydrogenase [NADP] cytoplasmic,7,11,10,28,bin_5,5603,1481,IDH3G,0,0.48
PTPRT_HUMAN,Q9NTL1,PTPRT,Receptor-type tyrosine-protein phosphatase T,12,11,5,28,bin_5,125,166,PTPRT,1,0.72
RBBP7_HUMAN,Q16576,RBBP7,Histone-binding protein RBBP7,2,16,10,28,bin_5,123,8,RBBP7,1,0.71
HUWE1_HUMAN,Q9P0A9,HUWE1,E3 ubiquitin-protein ligase HUWE1,5,12,11,28,bin_5,340,258,HUWE1,1,0.36
HXK4_HUMAN,P35557,GCK,Hexokinase-4 ,6,19,3,28,bin_5,1633,15,HK2,0,0.8
HCFC1_HUMAN,P51610,HCFC1,HCF C-terminal chain 6 ,6,10,12,28,bin_5,577,1,HCFC1,1,2.67
PXDN_HUMAN,Q92626,PXDN,PXDN active fragment ,8,12,8,28,bin_5,150,2,PXDN,1,2.62
HBEGF_HUMAN,Q99075,HBEGF,Heparin-binding EGF-like growth factor,5,17,6,28,bin_5,2138,1967,HBEGF,1,0.67
ACKR3_HUMAN,P25106,ACKR3,Atypical chemokine receptor 3 ,6,14,8,28,bin_5,667,212,CMKLR3,0,2.87
CAPON_HUMAN,O75052,NOS1AP,Carboxyl-terminal PDZ ligand of neuronal nitric oxide synthase protein ,3,12,13,28,bin_5,231,9,NOS1AP,1,2.89
ARID2_HUMAN,Q68CP9,ARID2,AT-rich interactive domain-containing protein 2 ,2,19,7,28,bin_5,250,71,ARID2,1,1.61
SMD1_HUMAN,P62314,SNRPD1,Small nuclear ribonucleoprotein Sm D1,1,6,21,28,bin_5,65,1433,SMD1,0,0.81
GNAQ_HUMAN,P50148,GNAQ,Guanine nucleotide-binding protein G(q) subunit alpha,6,13,9,28,bin_5,848,632,GNAQ,1,3.88
APOH_HUMAN,P02749,APOH,Beta-2-glycoprotein 1,5,14,9,28,bin_5,262,3106,APOH,1,3.77
EGLN1_HUMAN,VRHVDNPNGD,EGLN1,Egl nine homolog 1,7,15,6,28,bin_5,748,21,END1,0,2.25
GPR37_HUMAN,O15354,GPR37,Prosaposin receptor GPR37,10,9,9,28,bin_5,162,3,GPR37,1,2.15
TPP1_HUMAN,O14773,TPP1,Tripeptidyl-peptidase 1,9,12,7,28,bin_5,736,526,TPP1,1,1.55
RELB_HUMAN,Q01201,RELB,Transcription factor RelB,4,14,10,28,bin_5,1578,1040,NFKB2,0,2.71
XPO1_HUMAN,O14980,XPO1,Exportin-1,3,11,14,28,bin_5,707,1502,EXPO1,0,4.9
HNF6_HUMAN,Q9UBC0,ONECUT1,Hepatocyte nuclear factor 6,5,21,2,28,bin_5,188,198,HNF6,0,0.41
CD40L_HUMAN,P29965,CD40LG,"CD40 ligand, soluble form ",5,17,6,28,bin_5,8602,179,CD40LG,1,2.47
MOG1_HUMAN,Q9HD47,RANGRF,Ran guanine nucleotide release factor,4,15,9,28,bin_5,10,68,RANBP2,0,1.57
MYO9B_HUMAN,Q13459,MYO9B,Unconventional myosin-IXb,11,6,11,28,bin_5,89,9,MYO9B,1,2.92
PRP19_HUMAN,Q9UMS4,PRPF19,Pre-mRNA-processing factor 19 ,4,11,13,28,bin_5,112,0,PRPF19,1,0.65
RHEB_HUMAN,Q15382,RHEB,GTP-binding protein Rheb ,7,11,10,28,bin_5,986,536,RHEB,1,0.52
IGKPRKFSKF,Q13393,PLD1,Phospholipase D1 ,3,10,15,28,bin_5,846,631,PLCD1,0,1.65
DREB_HUMAN,Q16643,DBN1,Drebrin,3,13,12,28,bin_5,54,450,DBN1,1,0.46
ARHG7_HUMAN,Q14155,ARHGEF7,Rho guanine nucleotide exchange factor 7,3,13,12,28,bin_5,142,4659,ARHGEF7,1,0.48
RET4_HUMAN,P02753,RBP4,Plasma retinol-binding protein(1-176),3,22,3,28,bin_5,1530,0,RBP1,0,0.35
TRDN_HUMAN,Q13061,TRDN,Triadin,3,15,10,28,bin_5,133,278,TRDN,1,3.08
CO1A2_HUMAN,Q9UPH0,COL1A2,Collagen alpha-2(I) chain,8,14,6,28,bin_5,2143,361,COL1A2,1,0.4
RB11B_HUMAN,Q8NI07,RAB11B,Ras-related protein Rab-11B,6,13,9,28,bin_5,125,6,RAB11B,1,0.9
CCG2_HUMAN,Q9Y698,CACNG2,Voltage-dependent calcium channel gamma-2 subunit,3,14,11,28,bin_5,219,62,CACNG2,1,0.76
XRCC1_HUMAN,P18887,XRCC1,DNA repair protein XRCC1 ,5,16,7,28,bin_5,2557,1948,XRCC1,1,0.96
HEPC_HUMAN,P81172,HAMP,Hepcidin-20,2,23,3,28,bin_5,2268,33,HAMP,1,0.94
GPS2_HUMAN,Q13227,GPS2,G protein pathway suppressor 2 ,5,17,6,28,bin_5,129,1157,GASP2,0,2.86
MYH7_HUMAN,Q9H1D5,MYH7,Myosin-7,4,15,9,28,bin_5,1439,27,MYO7A,0,2.19
MLP3A_HUMAN,Q9H492,MAP1LC3A,Microtubule-associated proteins 1A/1B light chain 3A,4,15,9,28,bin_5,1850,12,MAP1LC3A,1,2.07
UBP33_HUMAN,Q8TEY7,USP33,Ubiquitin carboxyl-terminal hydrolase 33,5,14,9,28,bin_5,81,254,UTHP,0,3.8
CH3L1_HUMAN,P36222,CHI3L1,Chitinase-3-like protein 1,3,17,8,28,bin_5,1748,1646,CHI3L1,1,0.39
PLPL9_HUMAN,O60733,PLA2G6,85/88 kDa calcium-independent phospholipase A2,10,11,7,28,bin_5,621,5,iPLA2G6,0,1.77
ELK1_HUMAN,P19419,ELK1,ETS domain-containing protein Elk-1,9,12,7,28,bin_5,1794,44,ELK1,1,0.52
NAL12_HUMAN,P59046,NLRP12,"NACHT, LRR and PYD domains-containing protein 12",3,23,2,28,bin_5,296,25,NLRP12,1,1.02
DPOD1_HUMAN,P28340,POLD1,DNA polymerase delta catalytic subunit ,9,12,7,28,bin_5,360,609,POLD1,1,2.16
PTH1R_HUMAN,Q03431,PTH1R,Parathyroid hormone/parathyroid hormone-related peptide receptor,4,18,6,28,bin_5,654,1737,PTH1R,1,2.6
COMD1_HUMAN,Q8N668,COMMD1,COMM domain-containing protein 1,9,10,9,28,bin_5,199,17,CCDC1,0,2.51
RAB32_HUMAN,Q13637,RAB32,Ras-related protein Rab-32,6,9,13,28,bin_5,169,1,RAB32,1,0.6
EPB41_HUMAN,Q8IXV9,EPB41,Protein 4.1,6,9,13,28,bin_5,89,48981,EPB41,1,1.52
ALK_HUMAN,Q9UM73,ALK,ALK tyrosine kinase receptor ,6,18,4,28,bin_5,16246,8328,ALK,1,1.96
AT2C1_HUMAN,Q8N6V1,ATP2C1,Calcium-transporting ATPase type 2C member 1,7,13,8,28,bin_5,280,6,ATP2C1,1,0.68
CD86_HUMAN,Q7M4L5,CD86,T-lymphocyte activation antigen CD86,4,19,5,28,bin_5,12723,3325,CD86,1,2.56
BBC3_HUMAN,Q9BXH1,BBC3,"Bcl-2-binding component 3, isoforms 1/2",0,25,3,28,bin_5,955,0,BNIP3L,0,3.09
VMLQPFDYDP,O95292,VAPB,Vesicle-associated membrane protein-associated protein B/C ,7,16,5,28,bin_5,415,13,VAMP,0,0.47
MCL1_HUMAN,Q9UHR9,MCL1,Induced myeloid leukemia cell differentiation protein Mcl-1,5,15,8,28,bin_5,7017,3426,MCL1,1,0.72
NUCKS_HUMAN,Q9H1E3,NUCKS1,Nuclear ubiquitous casein and cyclin-dependent kinase substrate 1 ,6,17,5,28,bin_5,89,13,NUCBL1,0,0.89
S10AA_HUMAN,P60903,S100A10,Protein S100-A10,4,14,10,28,bin_5,512,21,S100A10,1,1.69
SUFU_HUMAN,Q9UMX1,SUFU,Suppressor of fused homolog ,3,18,7,28,bin_5,792,114,SUFU,1,0.81
JIP2_HUMAN,Q13387,MAPK8IP2,C-Jun-amino-terminal kinase-interacting protein 2,8,16,4,28,bin_5,47,5,JIP2,0,3.19
KTNB1_HUMAN,Q9BVA0,KATNB1,Katanin p80 WD40 repeat-containing subunit B1 ,4,10,14,28,bin_5,36,0,NTLN,0,1.82
ESR2_HUMAN,Q0MWT5,ESR2,Estrogen receptor beta,11,12,5,28,bin_5,1388,15299,ESR1,0,2.34
STXB3_HUMAN,O00186,STXBP3,Syntaxin-binding protein 3,3,14,11,28,bin_5,46,86,STXBP3,1,0.56
NIN_HUMAN,Q9C012,NIN,Ninein,4,10,14,28,bin_5,3166,131,NINE,0,1.24
NSF_HUMAN,P46459,NSF,Vesicle-fusing ATPase,10,11,7,28,bin_5,17851,13,VPS4B,0,2.71
LAMB2_HUMAN,P55268,LAMB2,Laminin subunit beta-2,4,14,10,28,bin_5,212,61,LAMB2,1,0.21
CP4AB_HUMAN,Q02928,CYP4A11,Cytochrome P450 4A11 ,9,15,4,28,bin_5,237,89,CYP4A11,1,2.58
LLQSEENKNL,O95453,PARN,Poly(A)-specific ribonuclease PARN,9,12,7,28,bin_5,349,136,PARN,1,0.87
NRCAM_HUMAN,Q92823,NRCAM,Neuronal cell adhesion molecule,3,17,8,28,bin_5,342,17633,NCAM1,0,4.04
LARP1_HUMAN,Q6PKG0,LARP1,La-related protein 1,10,14,4,28,bin_5,131,98,LARP1,1,1.71
SRBS1_HUMAN,Q8IVQ4,SORBS1,Sorbin and SH3 domain-containing protein 1,4,11,13,28,bin_5,99,155,Sorbs1,0,0.5
ZBTB1_HUMAN,Q9Y2K1,ZBTB1,Zinc finger and BTB domain-containing protein 1,6,18,4,28,bin_5,28,138,ZBTB1,1,0.28
DACT1_HUMAN,Q9NYF0,DACT1,Dapper homolog 1,6,17,5,28,bin_5,128,20,DAP1,0,2.8
RTEL1_HUMAN,Q5JTV4,RTEL1,Regulator of telomere elongation helicase 1 ,7,16,5,28,bin_5,301,64,RTEL1,1,0.51
ADDA_HUMAN,Q16156,ADD1,Alpha-adducin,10,7,11,28,bin_5,318,721,ADD1,1,1.03
FOG2_HUMAN,Q8WW38,ZFPM2,Zinc finger protein ZFPM2,5,18,5,28,bin_5,258,57,ZFPM2,1,3.88
TKYLKSNSRS,O76039,CDKL5,Cyclin-dependent kinase-like 5 ,7,11,10,28,bin_5,716,236,CDK5L,0,1.37
KI18A_HUMAN,Q8NI77,KIF18A,Kinesin-like protein KIF18A,7,9,12,28,bin_5,169,5,KIF18A,1,3.54
P2RX3_HUMAN,P56373,P2RX3,P2X purinoceptor 3,3,20,5,28,bin_5,332,3596,P2RX3,1,1.7
TAP2_HUMAN,Q03519,TAP2,Antigen peptide transporter 2,9,11,8,28,bin_5,1046,651,TAP2,1,2.56
CAC1S_HUMAN,Q13698,CACNA1S,Voltage-dependent L-type calcium channel subunit alpha-1S,6,15,7,28,bin_5,612,15,CACNA1S,1,1.21
TAF6_HUMAN,P49848,TAF6,Transcription initiation factor TFIID subunit 6,5,15,8,28,bin_5,153,19,TAF6,1,2.72
KCND2_HUMAN,Q9NZV8,KCND2,A-type voltage-gated potassium channel KCND2 ,4,11,13,28,bin_5,216,40,KCND2,1,0.66
S12A5_HUMAN,Q9H2X9,SLC12A5,Solute carrier family 12 member 5,5,15,8,28,bin_5,166,1036,SLC12A5,1,5.0
SHOT1_HUMAN,Q68DG1,SHTN1,Shootin-1 ,4,12,12,28,bin_5,26,13,SHO,0,2.3
TBX21_HUMAN,Q9UL17,TBX21,T-box transcription factor TBX21,7,18,3,28,bin_5,1976,1581,TBX21,1,2.69
TCAB1_HUMAN,Q9BUR4,WRAP53,Telomerase Cajal body protein 1 ,7,14,7,28,bin_5,107,24,TCOF1,0,2.02
TCAM2_HUMAN,Q86XR7,TICAM2,TIR domain-containing adapter molecule 2,2,14,12,28,bin_5,128,48,TICAM2,1,1.56
TCF15_HUMAN,Q12870,TCF15,Transcription factor 15 ,7,18,3,28,bin_5,44,68373,TF15,0,0.27
KCIP2_HUMAN,Q96T42,KCNIP2,A-type potassium channel modulatory protein KCNIP2 ,7,14,7,28,bin_5,146,0,KCNIP2,1,3.42
OAS3_HUMAN,Q9Y6K5,OAS3,2'-5'-oligoadenylate synthase 3,4,17,7,28,bin_5,227,48,OAS3,1,1.43
PA24C_HUMAN,Q9UP65,PLA2G4C,Cytosolic phospholipase A2 gamma,9,10,9,28,bin_5,61,1149,PLA2G4C,1,2.65
BHA15_HUMAN,Q7RTS1,BHLHA15,Class A basic helix-loop-helix protein 15,7,19,2,28,bin_5,99,0,BHLHA15,1,1.97
JUNB_HUMAN,P17275,JUNB,Transcription factor JunB ,5,17,6,28,bin_5,2222,1723,JUNB,1,1.49
TISD_HUMAN,P47974,ZFP36L2,mRNA decay activator protein ZFP36L2 ,3,22,3,28,bin_5,137,9,ZFP36L2,1,1.23
NLRC4_HUMAN,Q9NPP4,NLRC4,NLR family CARD domain-containing protein 4,6,16,6,28,bin_5,1079,331,NLRC4,1,0.32
CHD3_HUMAN,Q12873,CHD3,Chromodomain-helicase-DNA-binding protein 3,10,9,9,28,bin_5,268,175,CHD3,1,2.62
BASP1_HUMAN,P80723,BASP1,Brain acid soluble protein 1,4,12,12,28,bin_5,206,2562,BASP1,1,2.57
ANO1_HUMAN,Q5XXA6,ANO1,Anoctamin-1,9,12,7,28,bin_5,990,912,ANO1,1,2.81
PD1L1_HUMAN,Q9NZQ7,CD274,Programmed cell death 1 ligand 1 ,2,19,7,28,bin_5,9936,16146,PD-L1,0,1.17
ATOH1_HUMAN,Q92858,ATOH1,Transcription factor ATOH1 ,7,19,2,28,bin_5,793,670,ATOH1,1,0.44
CRUM2_HUMAN,CEAHVDPCHS,CRB2,Protein crumbs homolog 2 ,3,17,8,28,bin_5,237,51,CRB2,1,2.11
ANPRA_HUMAN,LTEYCPRGSL,NPR1,Atrial natriuretic peptide receptor 1 ,10,15,3,28,bin_5,1380,3387,NPR1,1,4.59
ADCY1_HUMAN,Q08828,ADCY1,Adenylate cyclase type 1,5,14,9,28,bin_5,127,3873,ADCY1,1,1.34
RNF41_HUMAN,Q9H4P4,RNF41,E3 ubiquitin-protein ligase NRDP1,9,16,3,28,bin_5,103,75,NRDP1,0,1.97
DNJB1_HUMAN,P25685,DNAJB1,DnaJ homolog subfamily B member 1,9,8,11,28,bin_5,397,47,DNAJB1,1,0.82
DDX20_HUMAN,Q9UHI6,DDX20,Probable ATP-dependent RNA helicase DDX20,9,8,11,28,bin_5,69,0,DDX20,1,2.06
PDIA3_HUMAN,P30101,PDIA3,Protein disulfide-isomerase A3,7,9,12,28,bin_5,666,213,PDIA3,1,2.51
SAR1B_HUMAN,Q9Y6B6,SAR1B,Small COPII coat GTPase SAR1B ,5,16,7,28,bin_5,110,9,SAR1B,1,0.8
NMDE3_HUMAN,Q14957,GRIN2C,"Glutamate receptor ionotropic, NMDA 2C",3,19,6,28,bin_5,58,26,GRIN2C,1,0.58
STX17_HUMAN,P56962,STX17,Syntaxin-17 ,4,10,14,28,bin_5,231,3077,STX17,1,1.95
PDGFC_HUMAN,Q9NRA1,PDGFC,"Platelet-derived growth factor C, receptor-binding form",3,16,9,28,bin_5,305,0,PDGFC,1,1.94
STIL_HUMAN,Q15468,STIL,SCL-interrupting locus protein,1,20,7,28,bin_5,511,9,SIL,0,1.56
CD1D_HUMAN,P15813,CD1D,Antigen-presenting glycoprotein CD1d,7,10,11,28,bin_5,2899,100,CD1D,1,0.75
ZBT7B_HUMAN,O15156,ZBTB7B,Zinc finger and BTB domain-containing protein 7B ,8,19,1,28,bin_5,86,6,ZBTB7B,1,0.5
TGFA_HUMAN,P01135,TGFA,Transforming growth factor alpha,4,13,11,28,bin_5,502,30607,TGFA,1,3.55
A2MG_HUMAN,P01023,A2M,Alpha-2-macroglobulin,13,10,6,29,bin_5,1367,5335,MZF1,0,2.1
TCPA_HUMAN,P17987,TCP1,T-complex protein 1 subunit alpha,7,11,11,29,bin_5,657,101,CCTA,0,0.32
TRIM5_HUMAN,Q9C034,TRIM5,Tripartite motif-containing protein 5,9,16,4,29,bin_5,519,357,TRIM5,1,1.0
TCPQ_HUMAN,P50990,CCT8,T-complex protein 1 subunit theta,6,8,15,29,bin_5,66,14,CCT6A,0,0.2
P85B_HUMAN,O00459,PIK3R2,Phosphatidylinositol 3-kinase regulatory subunit beta,6,18,5,29,bin_5,249,304,PIK3R2,1,0.86
LYAM2_HUMAN,P16581,SELE,E-selectin,5,16,8,29,bin_5,1022,9859,SELE,1,0.48
TE2IP_HUMAN,Q9NYB0,TERF2IP,Telomeric repeat-binding factor 2-interacting protein 1,3,17,9,29,bin_5,252,6,TRF2IP1,0,1.77
CDC20_HUMAN,Q12834,CDC20,Cell division cycle protein 20 homolog,3,18,8,29,bin_5,1741,1058,CDC20,1,3.43
KC1E_HUMAN,P49674,CSNK1E,Casein kinase I isoform epsilon,5,17,7,29,bin_5,114,64,CSNK1E,1,0.42
ANK1_HUMAN,Q99407,ANK1,Ankyrin-1 ,8,7,14,29,bin_5,366,1086,ANK1,1,0.4
TELT_HUMAN,O15273,TCAP,Telethonin,8,18,3,29,bin_5,325,136,TTN,0,0.84
IKKE_HUMAN,Q14164,IKBKE,Inhibitor of nuclear factor kappa-B kinase subunit epsilon,7,16,6,29,bin_5,1260,55,IKBKE,1,2.13
PA2GA_HUMAN,P14555,PLA2G2A,"Phospholipase A2, membrane associated",4,16,9,29,bin_5,317,2230,PLA2G6,0,3.03
WWP2_HUMAN,Q9BWN6,WWP2,NEDD4-like E3 ubiquitin-protein ligase WWP2,4,19,6,29,bin_5,208,7,WWP2,1,1.93
KETLLSRRGE,O15078,CEP290,Centrosomal protein of 290 kDa,1,14,14,29,bin_5,397,23,CEN2P,0,3.07
TRADD_HUMAN,Q15628,TRADD,Tumor necrosis factor receptor type 1-associated DEATH domain protein ,7,13,9,29,bin_5,619,49,TRADD,1,1.71
PACR_HUMAN,P41586,ADCYAP1R1,Pituitary adenylate cyclase-activating polypeptide type I receptor,7,15,7,29,bin_5,262,1194,ADCYAP1R1,1,0.72
RHOG_HUMAN,P84095,RHOG,Rho-related GTP-binding protein RhoG,3,15,11,29,bin_5,459,4,ARHGAP1,0,2.69
COF1_HUMAN,P23528,CFL1,Cofilin-1,1,14,14,29,bin_5,420,854,COFILIN,0,0.36
MYPT1_HUMAN,O14974,PPP1R12A,Protein phosphatase 1 regulatory subunit 12A,4,11,14,29,bin_5,412,88,PPP1R12A,1,0.4
IFNA2_HUMAN,P01563,IFNA2,Interferon alpha-2,2,24,3,29,bin_5,141,11851,IFNA2,1,2.03
CRUM1_HUMAN,Q8WWY1,CRB1,Protein crumbs homolog 1 ,1,17,11,29,bin_5,527,86,CRB1,1,0.31
RTN4R_HUMAN,Q9BZR6,RTN4R,Reticulon-4 receptor,7,10,12,29,bin_5,343,389,R4R,0,0.18
LQLVGAQVPD,Q9NXE1,RC3H2,Roquin-2,7,17,5,29,bin_5,17,16,RNF12,0,0.92
KDM5B_HUMAN,Q9UGL1,KDM5B,Lysine-specific demethylase 5B,9,16,4,29,bin_5,443,34,KDM5B,1,0.28
S100B_HUMAN,P04271,S100B,Protein S100-B,8,11,10,29,bin_5,4189,74,S100B,1,1.9
IRF4_HUMAN,Q15306,IRF4,Interferon regulatory factor 4,7,16,6,29,bin_5,1959,1273,IRF4,1,0.27
ANM2_HUMAN,Q9BW15,PRMT2,Protein arginine N-methyltransferase 2,14,10,5,29,bin_5,171,838,PRMT2,1,3.78
PNPH_HUMAN,P00491,PNP,Purine nucleoside phosphorylase,6,17,6,29,bin_5,7137,2777,PNP,1,2.14
IBP3_HUMAN,P17936,IGFBP3,Insulin-like growth factor-binding protein 3,6,17,6,29,bin_5,8316,5662,IGFBP3,1,2.78
EHD2_HUMAN,Q9NZN4,EHD2,EH domain-containing protein 2 ,7,8,14,29,bin_5,164,123,EHD2,1,0.78
CXB2_HUMAN,Q9H536,GJB2,Gap junction beta-2 protein,4,17,8,29,bin_5,2673,2692,GJB2,1,3.16
RUXG_HUMAN,P62308,SNRPG,Small nuclear ribonucleoprotein G,1,6,22,29,bin_5,26,592,SNU13,0,3.19
MSH6_HUMAN,P52701,MSH6,DNA mismatch repair protein Msh6 ,9,13,7,29,bin_5,3137,1132,MSH6,1,2.71
ZNT5_HUMAN,Q8TAD4,SLC30A5,Proton-coupled zinc antiporter SLC30A5 ,5,10,14,29,bin_5,57,1,SLC30A5,1,0.28
AAKG2_HUMAN,Q9UGJ0,PRKAG2,5'-AMP-activated protein kinase subunit gamma-2,10,13,6,29,bin_5,288,35,PRKAG2,1,3.28
ID4_HUMAN,P47928,ID4,DNA-binding protein inhibitor ID-4,3,23,3,29,bin_5,520,10,ID4,1,0.62
KCNE2_HUMAN,Q9Y6J6,KCNE2,Potassium voltage-gated channel subfamily E member 2,6,18,5,29,bin_5,322,30,KCNNE2,0,0.84
NFIA_HUMAN,Q12857,NFIA,Nuclear factor 1 A-type,6,19,4,29,bin_5,361,22,NFIA,1,0.17
RAB21_HUMAN,Q9UL25,RAB21,Ras-related protein Rab-21,3,9,17,29,bin_5,112,1,RAB21,1,0.46
LYAM3_HUMAN,P16109,SELP,P-selectin,9,15,5,29,bin_5,823,11683,SELP,1,1.48
GBP2_HUMAN,P32456,GBP2,Guanylate-binding protein 2,6,14,9,29,bin_5,283,241,GBP2,1,0.41
BRD7_HUMAN,Q9NPI1,BRD7,Bromodomain-containing protein 7,6,15,8,29,bin_5,172,234,BRD7,1,0.48
POPD1_HUMAN,Q8NE79,BVES,Blood vessel epicardial substance ,2,19,8,29,bin_5,120,155,BVES,1,2.83
GBRB1_HUMAN,P18505,GABRB1,Gamma-aminobutyric acid receptor subunit beta-1,8,9,12,29,bin_5,137,353,GABRB1,1,0.41
RAB6A_HUMAN,P20340,RAB6A,Ras-related protein Rab-6A,4,11,14,29,bin_5,128,1,RAB6A,1,0.32
ROR2_HUMAN,IYVDSLQMQG,ROR2,Tyrosine-protein kinase transmembrane receptor ROR2,6,14,9,29,bin_5,667,27,ROR2,1,0.24
ATF3_HUMAN,P18847,ATF3,Cyclic AMP-dependent transcription factor ATF-3 ,11,12,6,29,bin_5,2364,4,ATF3,1,0.83
MICA1_HUMAN,Q9UFF7,MICAL1,[F-actin]-monooxygenase MICAL1 ,11,8,10,29,bin_5,117,1,MICAL1,1,0.44
CSK_HUMAN,P41240,CSK,Tyrosine-protein kinase CSK,9,15,5,29,bin_5,4614,1856,CSK,1,3.89
USF1_HUMAN,P22415,USF1,Upstream stimulatory factor 1,12,12,5,29,bin_5,783,905,USF1,1,1.96
ITA1_HUMAN,P56199,ITGA1,Integrin alpha-1,5,13,11,29,bin_5,206,1292,ITGA1,1,1.94
IST1_HUMAN,P53990,IST1,IST1 homolog,5,13,11,29,bin_5,93,4,IST1,1,1.07
AMRP_HUMAN,P30533,LRPAP1,Alpha-2-macroglobulin receptor-associated protein ,8,9,12,29,bin_5,76,129,CD91,0,0.47
CETP_HUMAN,P11597,CETP,Cholesteryl ester transfer protein ,6,18,5,29,bin_5,3632,3879,CETP,1,1.59
SPTCS_HUMAN,Q8TBU9,SPG11,Spatacsin,1,19,9,29,bin_5,285,65,SPATC1L,0,1.71
COR1B_HUMAN,Q9BR76,CORO1B,Coronin-1B,4,14,11,29,bin_5,14,39,CORO1B,1,0.63
RN168_HUMAN,Q8IYW5,RNF168,E3 ubiquitin-protein ligase RNF168 ,9,14,6,29,bin_5,265,196,RNF168,1,1.46
FOXF2_HUMAN,Q12947,FOXF2,Forkhead box protein F2,9,14,6,29,bin_5,162,63,FOXF2,1,1.41
DNJB6_HUMAN,Q6FIC8,DNAJB6,DnaJ homolog subfamily B member 6,8,14,7,29,bin_5,196,18,DNAJB6,1,0.6
EPS15_HUMAN,P42566,EPS15,Epidermal growth factor receptor substrate 15,4,12,13,29,bin_5,611,247,EPS15,1,0.53
ERAP1_HUMAN,Q9NZ08,ERAP1,Endoplasmic reticulum aminopeptidase 1,8,12,9,29,bin_5,560,389,ERAP1,1,1.14
IRF8_HUMAN,Q02556,IRF8,Interferon regulatory factor 8 ,4,20,5,29,bin_5,1076,743,IRF8,1,2.27
CARM1_HUMAN,Q86X55,CARM1,Histone-arginine methyltransferase CARM1,13,11,5,29,bin_5,523,25,CARM1,1,0.3
AK1C4_HUMAN,P17516,AKR1C4,Aldo-keto reductase family 1 member C4,16,10,3,29,bin_5,128,12,AKR1C4,1,0.77
AT2B2_HUMAN,Q01814,ATP2B2,Plasma membrane calcium-transporting ATPase 2,9,7,13,29,bin_5,168,2823,ATP2B2,1,1.36
FBLN1_HUMAN,Q9UC21,FBLN1,Fibulin-1,8,14,7,29,bin_5,167,305,FBLN1,1,1.34
ACTC_HUMAN,P68032,ACTC1,"Actin, alpha cardiac muscle 1, intermediate form",4,11,14,29,bin_5,241,3,ACTC1,1,4.51
TFAP4_HUMAN,Q01664,TFAP4,Transcription factor AP-4,10,14,5,29,bin_5,71,63,TFAP4,1,0.34
PARP2_HUMAN,HDFGLRTPPL,PARP2,Poly [ADP-ribose] polymerase 2 ,12,13,4,29,bin_5,614,18398,PARP2,1,0.83
AT8A1_HUMAN,Q9Y2Q0,ATP8A1,Phospholipid-transporting ATPase IA ,7,7,15,29,bin_5,52,1,ATP10A,0,0.34
CASP7_HUMAN,P55210,CASP7,Caspase-7 subunit p11,7,17,5,29,bin_5,1076,2,CASP7,1,2.05
CP2D6_HUMAN,P10635,CYP2D6,Cytochrome P450 2D6 ,8,16,5,29,bin_5,8945,8078,CYP2D6,1,0.76
CALCA_HUMAN,P06881,CALCA,Calcitonin gene-related peptide 1,3,23,3,29,bin_5,2574,9750,CALCA,1,0.21
WLS_HUMAN,Q5T9L3,WLS,Protein wntless homolog,2,13,14,29,bin_5,941,9,WNT5B,0,0.45
CALCR_HUMAN,Q6T712,CALCR,Calcitonin receptor ,5,17,7,29,bin_5,167,9946,CALCR,1,1.81
FMN2_HUMAN,Q9NZ56,FMN2,Formin-2,1,16,12,29,bin_5,111,133,FMN2,1,0.54
5HT2C_HUMAN,P28335,HTR2C,5-hydroxytryptamine receptor 2C ,6,19,4,29,bin_5,403,2581,HTR2C,1,0.27
RPGF3_HUMAN,O95398,RAPGEF3,Rap guanine nucleotide exchange factor 3,3,19,7,29,bin_5,528,145,RABGEF3,0,2.12
INCE_HUMAN,Q9NQS7,INCENP,Inner centromere protein,1,11,17,29,bin_5,363,526,CENP-I,0,0.43
DMC1_HUMAN,Q14565,DMC1,Meiotic recombination protein DMC1/LIM15 homolog,9,14,6,29,bin_5,703,2,DMC1,1,0.32
GTR10_HUMAN,O95528,SLC2A10,"Solute carrier family 2, facilitated glucose transporter member 10 ",4,20,5,29,bin_5,108,42,SLC2A10,1,0.62
CDX2_HUMAN,Q99626,CDX2,Homeobox protein CDX-2,7,17,5,29,bin_5,3542,1838,CDX2,1,0.51
NFIP1_HUMAN,Q9BT67,NDFIP1,NEDD4 family-interacting protein 1,1,19,9,29,bin_5,97,33,NDFIP1,1,0.98
TBG1_HUMAN,P23258,TUBG1,Tubulin gamma-1 chain ,3,7,19,29,bin_5,68,8,TUBG1,1,0.4
POTE1_HUMAN,Q9NUX5,POT1,Protection of telomeres protein 1,8,17,4,29,bin_5,927,1259,POT1,1,0.6
PSD10_HUMAN,O75832,PSMD10,26S proteasome non-ATPase regulatory subunit 10,5,15,9,29,bin_5,184,22,PSMD10,1,0.46
HEPS_HUMAN,P05981,HPN,Serine protease hepsin catalytic chain,4,17,8,29,bin_5,1752,6,HPN,1,0.37
PTK6_HUMAN,Q13882,PTK6,Protein-tyrosine kinase 6,5,17,7,29,bin_5,265,66393,PTK6,1,0.58
MAEL_HUMAN,Q96JY0,MAEL,Protein maelstrom homolog,1,18,10,29,bin_5,199,9,MAEL,1,0.42
HESX1_HUMAN,Q9UBX0,HESX1,Homeobox expressed in ES cells 1,8,19,2,29,bin_5,264,452,HOXD1,0,2.35
HEXA_HUMAN,P06865,HEXA,Beta-hexosaminidase subunit alpha ,4,17,8,29,bin_5,6716,371,HEXA,1,0.88
S38A3_HUMAN,Q99624,SLC38A3,Sodium-coupled neutral amino acid transporter 3 ,9,17,3,29,bin_5,104,60,SLC1A5,0,1.81
ZDHC2_HUMAN,Q9UIJ5,ZDHHC2,Palmitoyltransferase ZDHHC2 ,5,16,8,29,bin_5,47,8,ZDHHC2,1,0.57
DUS3_HUMAN,P51452,DUSP3,Dual specificity protein phosphatase 3,9,15,5,29,bin_5,108,108,DUSP3,1,0.47
FRS2_HUMAN,Q8WU20,FRS2,Fibroblast growth factor receptor substrate 2,4,18,7,29,bin_5,346,501,FRS2,1,0.32
CUBN_HUMAN,O60494,CUBN,Cubilin ,5,8,16,29,bin_5,195,558,CUBN,1,0.38
MP2K4_HUMAN,P45985,MAP2K4,Dual specificity mitogen-activated protein kinase kinase 4,7,17,5,29,bin_5,575,152,MAP2K4,1,3.87
SULF2_HUMAN,Q8IWU5,SULF2,Extracellular sulfatase Sulf-2 secreted form ,4,20,5,29,bin_5,255,4,SULF2,1,0.94
NTF3_HUMAN,P20783,NTF3,Neurotrophin-3,4,20,5,29,bin_5,243,3411,NTF3,1,4.07
GIIVFSYTSQ,Q9H598,SLC32A1,Vesicular inhibitory amino acid transporter ,6,8,15,29,bin_5,181,482,SLC17A7,0,0.36
MP2K3_HUMAN,P46734,MAP2K3,Dual specificity mitogen-activated protein kinase kinase 3,6,19,4,29,bin_5,375,466,MAP2K3,1,0.58
HME1_HUMAN,Q05925,EN1,Homeobox protein engrailed-1,4,23,2,29,bin_5,868,131,EN1,1,0.27
FCERG_HUMAN,P30273,FCER1G,High affinity immunoglobulin epsilon receptor subunit gamma,5,17,7,29,bin_5,222,7,FCER1G,1,2.91
PTK7_HUMAN,Q8NFA7,PTK7,Inactive tyrosine-protein kinase 7,4,20,5,29,bin_5,327,605,TYK2,0,0.67
XPF_HUMAN,Q92889,ERCC4,DNA repair endonuclease XPF,7,16,6,29,bin_5,289,426,ERCC4,1,3.18
YBOX3_HUMAN,P16989,YBX3,Y-box-binding protein 3,6,17,6,29,bin_5,101,438,YBX3,1,1.69
A2AP_HUMAN,P08697,SERPINF2,Alpha-2-antiplasmin,4,17,8,29,bin_5,73,2552,SERPINF2,1,1.37
SNX3_HUMAN,Q96AP9,SNX3,Sorting nexin-3,6,14,9,29,bin_5,98,29,SNX3,1,0.43
NPHP3_HUMAN,Q96N70,NPHP3,Nephrocystin-3,0,24,5,29,bin_5,101,48,NPHP3,1,0.27
HAX1_HUMAN,O00165,HAX1,HCLS1-associated protein X-1,2,12,15,29,bin_5,343,22,HAX1,1,3.13
PUM2_HUMAN,Q8TB72,PUM2,Pumilio homolog 2,5,18,6,29,bin_5,187,38,PUM2,1,2.21
GSDMD_HUMAN,P57764,GSDMD,"Gasdermin-D, p40 ",6,12,11,29,bin_5,2824,2,GSDMD,1,3.18
SNF8_HUMAN,Q96H20,SNF8,Vacuolar-sorting protein SNF8,3,13,13,29,bin_5,30,0,SNF8,1,0.23
LHX3_HUMAN,Q9UBR4,LHX3,LIM/homeobox protein Lhx3,8,18,3,29,bin_5,364,38,LHX3,1,2.97
NR0B2_HUMAN,Q15466,NR0B2,Nuclear receptor subfamily 0 group B member 2,8,16,5,29,bin_5,152,430,NR0B2,1,0.36
ARI1A_HUMAN,Q9HBJ5,ARID1A,AT-rich interactive domain-containing protein 1A,3,18,8,29,bin_5,2026,97,ARID1A,1,1.72
CLC4M_HUMAN,Q9BXS3,CLEC4M,C-type lectin domain family 4 member M,9,14,6,29,bin_5,211,32,CLECM4,0,3.37
ABI2_HUMAN,Q9NYB9,ABI2,Abl interactor 2 ,7,12,10,29,bin_5,308,51,ABIL,0,0.44
VGLU1_HUMAN,Q9P2U7,SLC17A7,Vesicular glutamate transporter 1 ,7,14,8,29,bin_5,555,1085,SLC17A7,1,0.79
AKA12_HUMAN,Q02952,AKAP12,A-kinase anchor protein 12,3,18,8,29,bin_5,357,322,AKAP12,1,0.57
SAMH1_HUMAN,Q9Y3Z3,SAMHD1,Deoxynucleoside triphosphate triphosphohydrolase SAMHD1 ,11,13,5,29,bin_5,796,68,SAMHD1,1,0.62
DZIP1_HUMAN,Q86YF9,DZIP1,Cilium assembly protein DZIP1 ,3,15,11,29,bin_5,61,6,DZIP1,1,0.9
UBQL1_HUMAN,Q9UMX0,UBQLN1,Ubiquilin-1,3,15,11,29,bin_5,193,94,UBQLN1,1,0.39
S5A2_HUMAN,P31213,SRD5A2,3-oxo-5-alpha-steroid 4-dehydrogenase 2,4,22,3,29,bin_5,626,1100,HSD17B3,0,5.63
SUV3_HUMAN,Q8IYB8,SUPV3L1,"ATP-dependent RNA helicase SUPV3L1, mitochondrial",11,13,5,29,bin_5,42,4,SUPV3L1,1,2.61
CDK7_HUMAN,P50613,CDK7,Cyclin-dependent kinase 7,7,9,13,29,bin_5,886,10554,CDK7,1,1.12
SFPQ_HUMAN,P23246,SFPQ,"Splicing factor, proline- and glutamine-rich",6,15,8,29,bin_5,293,95,SFPQ,1,0.27
PRD16_HUMAN,Q9HAZ2,PRDM16,Histone-lysine N-methyltransferase PRDM16 ,13,11,5,29,bin_5,901,14,PRDM16,1,2.0
PPIB_HUMAN,P23284,PPIB,Peptidyl-prolyl cis-trans isomerase B,5,9,15,29,bin_5,237,32,PPIB,1,0.36
PPM1F_HUMAN,P49593,PPM1F,Protein phosphatase 1F,5,20,4,29,bin_5,58,46,PPM1F,1,1.97
SCIN_HUMAN,Q9Y6U3,SCIN,Scinderin ,6,15,8,29,bin_5,160,101,SCIN,1,0.37
MMP3_HUMAN,P08254,MMP3,Stromelysin-1,6,17,6,29,bin_5,7778,5760,MMP3,1,2.46
TWF2_HUMAN,Q6IBS0,TWF2,Twinfilin-2,7,13,9,29,bin_5,21,8,TWF2,1,2.42
TTC8_HUMAN,Q8TAM2,TTC8,Tetratricopeptide repeat protein 8,1,19,9,29,bin_5,50,155,TTC8,1,2.59
PPIF_HUMAN,P30405,PPIF,"Peptidyl-prolyl cis-trans isomerase F, mitochondrial",3,20,6,29,bin_5,310,484,PPIF,1,0.66
S22A5_HUMAN,O76082,SLC22A5,Organic cation/carnitine transporter 2 ,8,13,8,29,bin_5,593,497,OCTN2,0,2.33
NUCL_HUMAN,P19338,NCL,Nucleolin,7,9,13,29,bin_5,10520,1958,NCL,1,1.92
CTCF_HUMAN,P49711,CTCF,Transcriptional repressor CTCF,10,13,6,29,bin_5,3086,697,CTCF,1,0.56
RBP2_HUMAN,PATSIPTPAS,RANBP2,E3 SUMO-protein ligase RanBP2,6,9,14,29,bin_5,533,71,RANBP2,1,0.45
FLILLGSPKL,Q9Y251,HPSE,Heparanase 50 kDa subunit,3,15,11,29,bin_5,373,17,HPSE,1,1.12
S26A5_HUMAN,P58743,SLC26A5,Prestin ,8,17,4,29,bin_5,217,527,Prestin corresponds to POU4F3,0,1.58
OPHN1_HUMAN,O60890,OPHN1,Oligophrenin-1,4,20,5,29,bin_5,129,76,OPHN1,1,1.05
STX7_HUMAN,O15400,STX7,Syntaxin-7,4,8,18,30,bin_5,46,3029,STS7,0,2.48
LAT2_HUMAN,Q9UKQ8,SLC7A8,Large neutral amino acids transporter small subunit 2,12,13,5,30,bin_5,185,17,SLC7A5,0,0.35
TDG_HUMAN,Q13569,TDG,G/T mismatch-specific thymine DNA glycosylase,19,7,4,30,bin_5,900,782,TDG,1,1.17
DDR1_HUMAN,Q5ST12,DDR1,Epithelial discoidin domain-containing receptor 1,5,21,4,30,bin_5,718,5,DDR1,1,0.47
S29A3_HUMAN,Q9NUS9,SLC29A3,Equilibrative nucleoside transporter 3 ,9,15,6,30,bin_5,153,611,SLC29A3,1,0.88
F16P1_HUMAN,P09467,FBP1,"Fructose-1,6-bisphosphatase 1",6,21,3,30,bin_5,602,2913,FBP1,1,0.95
DKC1_HUMAN,O60832,DKC1,H/ACA ribonucleoprotein complex subunit DKC1,5,16,9,30,bin_5,427,3,DKC1,1,1.87
VRK1_HUMAN,Q99986,VRK1,Serine/threonine-protein kinase VRK1 ,11,12,7,30,bin_5,215,145,VRK1,1,3.24
TEBP_HUMAN,Q15185,PTGES3,Prostaglandin E synthase 3,6,18,6,30,bin_5,129,2291,PTGES3,1,3.25
KC1A_HUMAN,Q9UDK3,CSNK1A1,Casein kinase I isoform alpha,4,16,10,30,bin_5,119,55,CSNK1A1,1,2.5
PABP1_HUMAN,P11940,PABPC1,Polyadenylate-binding protein 1 ,6,11,13,30,bin_5,302,94,PABPC1,1,2.03
VTI1A_HUMAN,Q96AJ9,VTI1A,Vesicle transport through interaction with t-SNAREs homolog 1A,2,11,17,30,bin_5,91,2,VTS1A,0,3.4
VTI1B_HUMAN,Q9UEU0,VTI1B,Vesicle transport through interaction with t-SNAREs homolog 1B,3,10,17,30,bin_5,68,3,VTS1B,0,1.48
PACN2_HUMAN,Q9UNF0,PACSIN2,Protein kinase C and casein kinase substrate in neurons protein 2,5,10,15,30,bin_5,104,27,PKCABP,0,1.83
CADH3_HUMAN,P22223,CDH3,Cadherin-3,3,22,5,30,bin_5,290,28264,CDH3,1,0.23
CPT1A_HUMAN,P50416,CPT1A,"Carnitine O-palmitoyltransferase 1, liver isoform",4,24,2,30,bin_5,1417,99,CPT1A,1,2.05
CACB4_HUMAN,O00305,CACNB4,Voltage-dependent L-type calcium channel subunit beta-4 ,2,20,8,30,bin_5,94,14,CACNB4,1,0.4
TENX_HUMAN,Q7L8Q4,TNXB,Tenascin-X ,5,18,7,30,bin_5,216,275,TNX,0,1.46
SYNJ1_HUMAN,O43426,SYNJ1,Synaptojanin-1,10,12,8,30,bin_5,158,365,SNTN1,0,0.4
SC6A6_HUMAN,P31641,SLC6A6,Sodium- and chloride-dependent taurine transporter,7,12,11,30,bin_5,81,10,SLC6A6,1,1.28
FRITZ_HUMAN,O95876,WDPCP,WD repeat-containing and planar cell polarity effector protein fritz homolog,0,26,4,30,bin_5,29,1,FZD9,0,3.96
LIMK1_HUMAN,P53667,LIMK1,LIM domain kinase 1,6,12,12,30,bin_5,793,3902,LIMK1,1,0.41
S38A1_HUMAN,Q9H2H9,SLC38A1,Sodium-coupled neutral amino acid symporter 1 ,9,14,7,30,bin_5,205,17,SLC6A19,0,0.53
CCR6_HUMAN,P51684,CCR6,C-C chemokine receptor type 6,4,19,7,30,bin_5,2171,1155,CCR6,1,1.29
FABP5_HUMAN,Q01469,FABP5,Fatty acid-binding protein 5 ,5,14,11,30,bin_5,1010,7586,FABP5,1,2.25
NUP98_HUMAN,Q9Y6J5,NUP98,Nuclear pore complex protein Nup96,8,11,11,30,bin_5,769,61,NUP96,0,1.67
DTLSCPVTEV,Q9BYP7,WNK3,Serine/threonine-protein kinase WNK3 ,5,22,3,30,bin_5,103,84,WNK3,1,1.21
GAK_HUMAN,SNFSVIGARE,GAK,Cyclin-G-associated kinase ,6,14,10,30,bin_5,583,86,CGAS,0,1.25
KHDR1_HUMAN,Q07666,KHDRBS1,"KH domain-containing, RNA-binding, signal transduction-associated protein 1",12,11,7,30,bin_5,298,15,KHDRBS1,1,1.24
CHD8_HUMAN,Q96F26,CHD8,Chromodomain-helicase-DNA-binding protein 8 ,10,15,5,30,bin_5,274,131,CHD8,1,1.34
CUL4A_HUMAN,Q13619,CUL4A,Cullin-4A ,3,22,5,30,bin_5,424,125,CUL4A,1,0.48
GLRB_HUMAN,P48167,GLRB,Glycine receptor subunit beta,7,12,11,30,bin_5,140,622,GLRB,1,2.81
GLYM_HUMAN,P34897,SHMT2,"Serine hydroxymethyltransferase, mitochondrial",6,15,9,30,bin_5,242,240,SHMT2,1,2.12
ELAV4_HUMAN,P26378,ELAVL4,ELAV-like protein 4,4,15,11,30,bin_5,228,188,ELAVL4,1,4.52
ARF4_HUMAN,P18085,ARF4,ADP-ribosylation factor 4,6,16,8,30,bin_5,193,1361,ARF4,1,0.34
DUOX2_HUMAN,Q9NRD8,DUOX2,Dual oxidase 2,7,13,10,30,bin_5,1050,874,DUOX2,1,2.94
ASCL2_HUMAN,Q99929,ASCL2,Achaete-scute homolog 2,9,17,4,30,bin_5,263,140,ASCL2,1,5.4
HXA13_HUMAN,P31271,HOXA13,Homeobox protein Hox-A13,6,20,4,30,bin_5,383,9,HOXA13,1,1.73
HTF4_HUMAN,Q99081,TCF12,Transcription factor 12,13,10,7,30,bin_5,328,122806,TCF12,1,1.28
DYHC2_HUMAN,Q92815,DYNC2H1,Cytoplasmic dynein 2 heavy chain 1,6,14,10,30,bin_5,126,102,DNH2,0,1.51
PPP5_HUMAN,P53041,PPP5C,Serine/threonine-protein phosphatase 5,12,11,7,30,bin_5,35,445,PPP5C,1,3.99
1433F_HUMAN,Q04917,YWHAH,14-3-3 protein eta,9,14,7,30,bin_5,112,178,YWHAH,1,1.57
PRDX3_HUMAN,P30048,PRDX3,"Thioredoxin-dependent peroxide reductase, mitochondrial",5,16,9,30,bin_5,384,29,TXNDC5,0,2.06
HIPK1_HUMAN,Q8TBZ1,HIPK1,Homeodomain-interacting protein kinase 1,4,19,7,30,bin_5,85,200,HIPK1,1,3.16
VGLU3_HUMAN,Q8NDX2,SLC17A8,Vesicular glutamate transporter 3 ,5,14,11,30,bin_5,142,1404,SLC17A8,1,0.85
ARP2_HUMAN,P61160,ACTR2,Actin-related protein 2,3,12,15,30,bin_5,265,1721,ACTR2,1,0.52
RAGP1_HUMAN,P46060,RANGAP1,Ran GTPase-activating protein 1,5,8,17,30,bin_5,251,176,RANBP1,0,1.69
UBR5_HUMAN,O95071,UBR5,E3 ubiquitin-protein ligase UBR5 ,5,17,8,30,bin_5,242,183,UBR5,1,0.3
HCN4_HUMAN,Q9Y3Q4,HCN4,Potassium/sodium hyperpolarization-activated cyclic nucleotide-gated channel 4,6,19,5,30,bin_5,822,7,HCN4,1,0.4
UN13B_HUMAN,O14795,UNC13B,Protein unc-13 homolog B ,7,13,10,30,bin_5,159,8,UNC13B,1,4.82
RAB17_HUMAN,Q9H0T7,RAB17,Ras-related protein Rab-17,3,13,14,30,bin_5,86,0,RAB17,1,2.2
RAB1A_HUMAN,P62820,RAB1A,Ras-related protein Rab-1A,4,17,9,30,bin_5,227,10,RAB1A,1,2.13
IF2A_HUMAN,P05198,EIF2S1,Eukaryotic translation initiation factor 2 subunit 1,3,16,11,30,bin_5,121,1179,EIF2S1,1,0.54
TRI22_HUMAN,Q8IYM9,TRIM22,E3 ubiquitin-protein ligase TRIM22,8,14,8,30,bin_5,186,34,TRIM22,1,0.74
ARL3_HUMAN,P36405,ARL3,ADP-ribosylation factor-like protein 3,5,12,13,30,bin_5,160,99,ARL3,1,0.64
TPPP_HUMAN,O94811,TPPP,Tubulin polymerization-promoting protein ,7,13,10,30,bin_5,236,127,TPPP,1,5.03
CP2E1_HUMAN,P05181,CYP2E1,Cytochrome P450 2E1 ,14,12,4,30,bin_5,6841,6752,CYP2E1,1,0.47
ATPA_HUMAN,Q9BTV8,ATP5F1A,"ATP synthase subunit alpha, mitochondrial ",8,10,12,30,bin_5,46,674,ATPSA1,0,0.34
GBRAP_HUMAN,O95166,GABARAP,Gamma-aminobutyric acid receptor-associated protein ,5,11,14,30,bin_5,630,196,GABARAP,1,0.91
CALC_HUMAN,P01258,CALCA,Katacalcin,3,21,6,30,bin_5,2574,101,CALC2,0,2.0
ITB4_HUMAN,P16144,ITGB4,Integrin beta-4,3,14,13,30,bin_5,419,1372,ITGB4,1,0.28
ROBO2_HUMAN,Q9HCK4,ROBO2,Roundabout homolog 2,2,24,4,30,bin_5,413,263,ROBO2,1,2.4
EPS8_HUMAN,Q12929,EPS8,Epidermal growth factor receptor kinase substrate 8,2,16,12,30,bin_5,298,301,EFS,0,0.24
APJ_HUMAN,P35414,APLNR,Apelin receptor,3,26,1,30,bin_5,994,1429,APLNR,1,0.7
IPSP_HUMAN,P05154,SERPINA5,Plasma serine protease inhibitor,7,4,19,30,bin_5,100,16032,SERPINA1,0,0.69
TNIK_HUMAN,Q9UKE1,TNIK,TRAF2 and NCK-interacting protein kinase,4,15,11,30,bin_5,159,74,TNIK,1,2.4
CARD8_HUMAN,Q96P82,CARD8,"Caspase recruitment domain-containing protein 8, N-terminus ",8,15,7,30,bin_5,269,1,CARD8,1,2.17
ATF5_HUMAN,Q9Y2D1,ATF5,Cyclic AMP-dependent transcription factor ATF-5,9,15,6,30,bin_5,268,0,ATF5,1,2.18
APOC1_HUMAN,P02654,APOC1,Truncated apolipoprotein C-I,5,20,5,30,bin_5,427,20,APOC1,1,3.17
EPHA7_HUMAN,Q15375,EPHA7,Ephrin type-A receptor 7,7,20,3,30,bin_5,271,539,EPHA7,1,0.7
GGYF2_HUMAN,Q6Y7W6,GIGYF2,GRB10-interacting GYF protein 2 ,4,16,10,30,bin_5,100,35,GIGYF2,1,0.45
RL11_HUMAN,P62913,RPL11,Large ribosomal subunit protein uL5 ,5,16,9,30,bin_5,276,13,RPL5,0,0.51
PI3R4_HUMAN,Q99570,PIK3R4,Phosphoinositide 3-kinase regulatory subunit 4,4,14,12,30,bin_5,78,89,PIK3R4,1,5.51
PI51A_HUMAN,Q99755,PIP5K1A,Phosphatidylinositol 4-phosphate 5-kinase type-1 alpha ,6,16,8,30,bin_5,53,13,PIK3C2A,0,0.48
TOLIP_HUMAN,Q9H0E2,TOLLIP,Toll-interacting protein,8,11,11,30,bin_5,417,193,TOLLIP,1,1.76
TP53B_HUMAN,Q12888,TP53BP1,TP53-binding protein 1 ,9,12,9,30,bin_5,934,32,TP53BP1,1,1.76
GIPC1_HUMAN,O14908,GIPC1,PDZ domain-containing protein GIPC1,5,13,12,30,bin_5,188,29,GIPC1,1,0.47
ADA15_HUMAN,Q71S69,ADAM15,Disintegrin and metalloproteinase domain-containing protein 15,6,17,7,30,bin_5,248,25,ADAMTS15,0,1.99
MTA1_HUMAN,Q13330,MTA1,Metastasis-associated protein MTA1,7,15,8,30,bin_5,692,382,MTA1,1,2.86
NDC80_HUMAN,O14777,NDC80,Kinetochore protein NDC80 homolog,4,17,9,30,bin_5,636,28,NDC80,1,0.57
BC11B_HUMAN,Q9C0K0,BCL11B,B-cell lymphoma/leukemia 11B,5,22,3,30,bin_5,530,49,BCL11B,1,0.27
CTND1_HUMAN,Q9UP71,CTNND1,Catenin delta-1,5,7,18,30,bin_5,470,1175,CTNND1,1,1.7
MP2K5_HUMAN,Q13163,MAP2K5,Dual specificity mitogen-activated protein kinase kinase 5,7,22,1,30,bin_5,222,2,MAP2K5,1,1.08
FEN1_HUMAN,P39748,FEN1,Flap endonuclease 1 ,12,11,7,30,bin_5,937,904,FEN1,1,0.43
BDNF_HUMAN,Q9UC24,BDNF,BDNF precursor form ,2,20,8,30,bin_5,34343,132,BDNF,1,0.85
SHLB1_HUMAN,Q9Y371,SH3GLB1,Endophilin-B1,4,17,9,30,bin_5,79,48,SH3GL2,0,2.88
CXCR2_HUMAN,P25025,CXCR2,C-X-C chemokine receptor type 2,6,15,9,30,bin_5,3296,2216,CXCR2,1,0.85
SOX18_HUMAN,P35713,SOX18,Transcription factor SOX-18,5,22,3,30,bin_5,270,710,SOX18,1,1.61
BRCC3_HUMAN,Q16107,BRCC3,Lys-63-specific deubiquitinase BRCC36,7,14,9,30,bin_5,116,2,BRCC3,1,1.53
MBP_HUMAN,Q15338,MBP,Myelin basic protein,4,15,11,30,bin_5,16649,12876,MBP,1,0.23
YES_HUMAN,P07947,YES1,Tyrosine-protein kinase Yes,7,16,7,30,bin_5,393,1009,YES1,1,1.91
BST2_HUMAN,Q10589,BST2,Bone marrow stromal antigen 2,4,17,9,30,bin_5,758,125,BST2,1,3.16
CSN5_HUMAN,Q92905,COPS5,COP9 signalosome complex subunit 5,8,13,9,30,bin_5,382,149,CSN5,0,0.57
BIRC3_HUMAN,Q13489,BIRC3,Baculoviral IAP repeat-containing protein 3,6,19,5,30,bin_5,736,395,NAIP,0,1.95
SPTN2_HUMAN,O15020,SPTBN2,"Spectrin beta chain, non-erythrocytic 2",7,8,15,30,bin_5,108,16,SPTBN2,1,0.55
BID_HUMAN,P55957,BID,BH3-interacting domain death agonist p11,3,23,4,30,bin_5,20158,3,BCL2L2,0,7.18
FKBP8_HUMAN,Q14318,FKBP8,Peptidyl-prolyl cis-trans isomerase FKBP8,6,16,8,30,bin_5,141,98,FKBP8,1,1.17
CAMP3_HUMAN,Q9P1Y5,CAMSAP3,Calmodulin-regulated spectrin-associated protein 3 ,5,19,7,31,bin_5,51,26,RSF1,0,0.27
SRPK2_HUMAN,P78362,SRPK2,SRSF protein kinase 2 C-terminal,6,18,7,31,bin_5,100,0,SRPK2,1,1.26
VAPA_HUMAN,Q9P0L0,VAPA,Vesicle-associated membrane protein-associated protein A ,6,15,10,31,bin_5,514,33,VPS8,0,3.19
CATC_HUMAN,Q7Z5U7,CTSC,Dipeptidyl peptidase 1 light chain,9,9,13,31,bin_5,352,46,DPP1,0,2.34
ACM3_HUMAN,P20309,CHRM3,Muscarinic acetylcholine receptor M3,5,19,7,31,bin_5,223,4178,CHRM3,1,1.0
IF2B1_HUMAN,Q9NZI8,IGF2BP1,Insulin-like growth factor 2 mRNA-binding protein 1,6,11,14,31,bin_5,731,454,IGF2BP1,1,4.82
KDM2B_HUMAN,Q8NHM5,KDM2B,Lysine-specific demethylase 2B,9,17,5,31,bin_5,199,28,KDM2B,1,1.74
CD209_HUMAN,Q96QQ1,CD209,CD209 antigen,6,18,7,31,bin_5,565,1205,CD209,1,4.11
MAFB_HUMAN,Q9Y5Q3,MAFB,Transcription factor MafB,6,22,3,31,bin_5,756,556,MAFB,1,2.39
UBP8_HUMAN,P40818,USP8,Ubiquitin carboxyl-terminal hydrolase 8 ,6,15,10,31,bin_5,363,986,UTP20,0,2.07
TRBP2_HUMAN,Q15633,TARBP2,RISC-loading complex subunit TARBP2 ,9,14,8,31,bin_5,90,0,TARBP2,1,1.18
AKAP6_HUMAN,Q13023,AKAP6,A-kinase anchor protein 6,6,15,10,31,bin_5,68,296,AKAP6,1,2.89
IRAK4_HUMAN,Q9NWZ3,IRAK4,Interleukin-1 receptor-associated kinase 4,7,16,8,31,bin_5,974,1984,IRAK4,1,0.93
ACL6B_HUMAN,O94805,ACTL6B,Actin-like protein 6B ,3,17,11,31,bin_5,28,3,ACTL6B,1,2.93
INTU_HUMAN,Q9ULD6,INTU,Protein inturned,0,24,7,31,bin_5,55,35,ITPR2,0,0.22
IL23R_HUMAN,Q8IW84,IL23R,Interleukin-23 receptor,2,25,4,31,bin_5,1342,2232,IL23R,1,0.34
HXK2_HUMAN,P52789,HK2,Hexokinase-2 ,5,19,7,31,bin_5,6551,12453,HK2,1,0.28
ABCC9_HUMAN,O60706,ABCC9,ATP-binding cassette sub-family C member 9,10,16,5,31,bin_5,422,49,ABCC9,1,0.63
LTOR1_HUMAN,Q6IAA8,LAMTOR1,Ragulator complex protein LAMTOR1 ,2,18,11,31,bin_5,91,28,LAMTOR1,1,0.35
AFG32_HUMAN,Q9Y4W6,AFG3L2,Mitochondrial inner membrane m-AAA protease component AFG3L2 ,7,21,3,31,bin_5,125,5,AFG3L2,1,0.73
HNRPK_HUMAN,P61978,HNRNPK,Heterogeneous nuclear ribonucleoprotein K,6,13,12,31,bin_5,444,569,HNRNPK,1,2.85
KCC2B_HUMAN,Q9Y6F4,CAMK2B,Calcium/calmodulin-dependent protein kinase type II subunit beta,8,14,9,31,bin_5,150,184,CAMK2B,1,0.49
STAU2_HUMAN,Q6AHY7,STAU2,Double-stranded RNA-binding protein Staufen homolog 2,7,11,13,31,bin_5,83,11,STAU2,1,0.84
ACM1_HUMAN,P11229,CHRM1,Muscarinic acetylcholine receptor M1,3,18,10,31,bin_5,158,5366,CHRM1,1,1.42
ACACB_HUMAN,O00763,ACACB,Acetyl-CoA carboxylase 2 ,5,21,5,31,bin_5,263,3622,ACACB,1,4.87
BRSK2_HUMAN,Q8IWQ3,BRSK2,Serine/threonine-protein kinase BRSK2,9,17,5,31,bin_5,70,50,BRSK2,1,0.4
TENR_HUMAN,Q92752,TNR,Tenascin-R,0,22,9,31,bin_5,905,303,TNR,1,4.04
TULP3_HUMAN,O75386,TULP3,Tubby-related protein 3 ,6,16,9,31,bin_5,67,3,TUBGCP3,0,1.71
ABL2_HUMAN,Q7Z301,ABL2,Tyrosine-protein kinase ABL2,9,19,3,31,bin_5,249,129,ABL1,0,2.86
KAP0_HUMAN,P10644,PRKAR1A,cAMP-dependent protein kinase type I-alpha regulatory subunit,6,12,13,31,bin_5,815,49,PRKAR1A,1,1.42
STAU1_HUMAN,O95793,STAU1,Double-stranded RNA-binding protein Staufen homolog 1,4,10,17,31,bin_5,232,20,STAU1,1,0.21
AGRG1_HUMAN,Q9Y653,ADGRG1,ADGRG1 C-terminal fragment,4,22,5,31,bin_5,199,9,ADGRG1,1,0.55
TF2B_HUMAN,Q00403,GTF2B,Transcription initiation factor IIB ,10,10,11,31,bin_5,25,120,GTF2B,1,2.36
FZD7_HUMAN,O75084,FZD7,Frizzled-7,6,21,4,31,bin_5,413,171,FZD7,1,0.38
MED12_HUMAN,Q93074,MED12,Mediator of RNA polymerase II transcription subunit 12,9,16,6,31,bin_5,632,161,MED12,1,0.25
STA5A_HUMAN,P42229,STAT5A,Signal transducer and activator of transcription 5A,4,21,6,31,bin_5,1552,5578,STAT5A,1,0.63
UBC9_HUMAN,P63279,UBE2I,SUMO-conjugating enzyme UBC9,9,11,11,31,bin_5,95,215,UBE2I,1,0.81
GBRA5_HUMAN,P31644,GABRA5,Gamma-aminobutyric acid receptor subunit alpha-5 ,6,11,14,31,bin_5,296,255,GABRA5,1,0.57
TPC2_HUMAN,Q8NHX9,TPCN2,Two pore channel protein 2,8,15,8,31,bin_5,152,2817,TPCN2,1,1.26
PIAS4_HUMAN,Q8N2W9,PIAS4,E3 SUMO-protein ligase PIAS4 ,7,17,7,31,bin_5,178,73,PIAS4,1,0.85
FBN1_HUMAN,P35555,FBN1,Asprosin ,8,16,7,31,bin_5,2617,249,ASPRO,0,0.52
ZP3_HUMAN,P21754,ZP3,Processed zona pellucida sperm-binding protein 3,6,20,5,31,bin_5,869,4,ZP3,1,1.79
PLF4_HUMAN,P02776,PF4,"Platelet factor 4, short form",4,22,5,31,bin_5,2932,4,PF4,1,0.31
AT1A4_HUMAN,Q13733,ATP1A4,Sodium/potassium-transporting ATPase subunit alpha-4 ,6,18,7,31,bin_5,49,2,ATP1A4,1,0.28
NSSAQAFLGP,Q14683,SMC1A,Structural maintenance of chromosomes protein 1A,7,12,12,31,bin_5,287,59,SMC1A,1,2.88
VVAVTGDGTN,P20020,ATP2B1,Plasma membrane calcium-transporting ATPase 1 ,8,11,12,31,bin_5,249,2824,ATP2B1,1,0.48
S27A4_HUMAN,Q6P1M0,SLC27A4,Long-chain fatty acid transport protein 4 ,9,16,6,31,bin_5,201,506,SLC40A1,0,1.3
OPTN_HUMAN,Q8N562,OPTN,Optineurin,5,16,10,31,bin_5,1682,623,OPTN,1,0.49
PERM_HUMAN,P05164,MPO,Myeloperoxidase heavy chain,5,15,11,31,bin_5,17987,731,MPO,1,0.23
RYK_HUMAN,P34925,RYK,Tyrosine-protein kinase RYK ,7,19,5,31,bin_5,456,169,RYK,1,0.95
EXOS9_HUMAN,Q06265,EXOSC9,Exosome complex component RRP45,4,16,11,31,bin_5,29,3,EXOSC3,0,1.61
PER1_HUMAN,DPGHPDDPLF,PER1,Period circadian protein homolog 1,8,19,4,31,bin_5,2385,261,PER1,1,0.34
NCBP2_HUMAN,P52298,NCBP2,Nuclear cap-binding protein subunit 2,6,20,5,31,bin_5,61,72,NCBP2,1,3.91
ABCA4_HUMAN,P78363,ABCA4,Retinal-specific phospholipid-transporting ATPase ABCA4 ,14,9,8,31,bin_5,1145,1,ABCA4,1,2.39
P3C2A_HUMAN,O00443,PIK3C2A,Phosphatidylinositol 4-phosphate 3-kinase C2 domain-containing subunit alpha,6,14,11,31,bin_5,102,2,PIK3C2A,1,1.55
BIG2_HUMAN,Q9Y6D5,ARFGEF2,Brefeldin A-inhibited guanine nucleotide-exchange protein 2,4,9,18,31,bin_5,73,31,ARFGEF2,1,2.01
WASF2_HUMAN,Q9Y6W5,WASF2,Actin-binding protein WASF2 ,6,14,11,31,bin_5,145,126,WASF2,1,1.96
NCOA2_HUMAN,Q15596,NCOA2,Nuclear receptor coactivator 2,9,16,6,31,bin_5,600,668,NCOA2,1,1.64
PECA1_HUMAN,Q9NPB7,PECAM1,Platelet endothelial cell adhesion molecule,2,20,9,31,bin_5,2523,9545,PECAM1,1,0.72
USH1C_HUMAN,Q9Y6N9,USH1C,Harmonin,1,16,14,31,bin_5,209,111,USH2A,0,2.52
ANKR1_HUMAN,Q15327,ANKRD1,Ankyrin repeat domain-containing protein 1,8,16,7,31,bin_5,266,195,ANKRD1,1,1.24
BICD1_HUMAN,Q96G01,BICD1,Protein bicaudal D homolog 1,8,15,8,31,bin_5,50,20,BICD1,1,1.07
RUNX3_HUMAN,Q13761,RUNX3,Runt-related transcription factor 3,7,16,8,31,bin_5,1636,275,RUNX3,1,3.04
ROA1_HUMAN,P09651,HNRNPA1,"Heterogeneous nuclear ribonucleoprotein A1, N-terminally processed",11,11,9,31,bin_5,629,0,HNRNPA1,1,0.96
SHOX2_HUMAN,O60902,SHOX2,Short stature homeobox protein 2,2,27,2,31,bin_5,300,221,SHOX2,1,2.04
PCM1_HUMAN,Q9H4A2,PCM1,Pericentriolar material 1 protein ,2,16,13,31,bin_5,332,3131,PCM1,1,1.03
APBB1_HUMAN,Q96A93,APBB1,Amyloid beta precursor protein binding family B member 1 ,8,14,9,31,bin_5,204,42,APBB1,1,1.63
NEK6_HUMAN,Q9HC98,NEK6,Serine/threonine-protein kinase Nek6 ,9,13,9,31,bin_5,145,118,NEK6,1,2.09
DLX5_HUMAN,P56178,DLX5,Homeobox protein DLX-5,6,22,3,31,bin_5,834,21,DLX5,1,1.62
VEGFB_HUMAN,P49765,VEGFB,Vascular endothelial growth factor B,6,21,4,31,bin_5,828,444,VEGFB,1,0.37
RIMS1_HUMAN,Q9HBA1,RIMS1,Regulating synaptic membrane exocytosis protein 1,5,20,6,31,bin_5,149,519,RIMS1,1,0.95
SGRKLRRRTL,Q9NR48,ASH1L,Histone-lysine N-methyltransferase ASH1L,10,16,5,31,bin_5,152,84,ASH1L,1,1.26
SAP_HUMAN,GTEKCIWGPS,PSAP,Saposin-D,11,9,11,31,bin_5,954,819,SAPBDN,0,0.53
E41L5_HUMAN,Q9HCM4,EPB41L5,Band 4.1-like protein 5,2,21,8,31,bin_5,46,152,BSN,0,1.78
BBS7_HUMAN,Q8IWZ6,BBS7,Bardet-Biedl syndrome 7 protein,1,19,11,31,bin_5,89,4,BBS7,1,0.49
ALKB1_HUMAN,Q13686,ALKBH1,Nucleic acid dioxygenase ALKBH1 ,9,16,6,31,bin_5,141,68,ALKBH1,1,0.49
RABX5_HUMAN,Q9UJ41,RABGEF1,Rab5 GDP/GTP exchange factor,5,20,6,31,bin_5,84,219,RABGEF1,1,2.17
ARI5A_HUMAN,Q03989,ARID5A,AT-rich interactive domain-containing protein 5A,12,15,4,31,bin_5,78,17,ARID5A,1,1.24
DDX17_HUMAN,Q92841,DDX17,Probable ATP-dependent RNA helicase DDX17,8,15,8,31,bin_5,193,1,DDX17,1,0.22
NOTC4_HUMAN,Q9UIJ0,NOTCH4,Notch 4 intracellular domain,5,18,8,31,bin_5,846,489,NOTCH4,1,0.78
EDA_HUMAN,Q9Y6L0,EDA,"Ectodysplasin-A, secreted form",5,17,9,31,bin_5,7013,50,EDARADD,0,1.91
EDN2_HUMAN,P20800,EDN2,Endothelin-2,2,27,2,31,bin_5,102,451,EDN2,1,0.55
RAMP3_HUMAN,O60896,RAMP3,Receptor activity-modifying protein 3,4,21,6,31,bin_5,315,194,RAMP3,1,0.85
EF1A1_HUMAN,P68104,EEF1A1,Elongation factor 1-alpha 1,8,6,17,31,bin_5,457,2736,EFL1,0,2.05
PRLR_HUMAN,Q9UHJ5,PRLR,Prolactin receptor,6,19,6,31,bin_5,1306,11766,PRLR,1,1.48
EFNB2_HUMAN,P52799,EFNB2,Ephrin-B2,2,22,7,31,bin_5,300,1058,EFNB2,1,0.25
GMIKMDVVDG,Q96RD7,PANX1,Caspase-activated pannexin-1 ,13,11,7,31,bin_5,846,3,PANX1,1,1.14
SAC2_HUMAN,Q9NT51,INPP5F,Phosphatidylinositide phosphatase SAC2 ,7,15,9,31,bin_5,53,1,INPP5F,1,6.05
NKX22_HUMAN,O95096,NKX2-2,Homeobox protein Nkx-2.2,4,24,3,31,bin_5,634,563,NKX2-2,1,2.23
PO3F2_HUMAN,P20265,POU3F2,"POU domain, class 3, transcription factor 2",7,21,3,31,bin_5,183,105,POU3F2,1,1.17
HEMH_HUMAN,P22830,FECH,"Ferrochelatase, mitochondrial",7,22,3,32,bin_5,367,309,ALAS2,0,0.59
AREG_HUMAN,P15514,AREG,Amphiregulin ,5,19,8,32,bin_5,1399,1786,AREG,1,0.24
BMI1_HUMAN,P35226,BMI1,Polycomb complex protein BMI-1,5,19,8,32,bin_5,2676,583,BMI1,1,1.25
NDKB_HUMAN,P22392,NME2,Nucleoside diphosphate kinase B,8,13,11,32,bin_5,1011,1457,NME2,1,3.38
MTMR2_HUMAN,Q13614,MTMR2,Myotubularin-related protein 2 ,4,13,15,32,bin_5,136,99,MTMR2,1,1.78
MMP12_HUMAN,P39900,MMP12,Macrophage metalloelastase,8,21,3,32,bin_5,1759,1059,MMP12,1,1.34
CXL13_HUMAN,O43927,CXCL13,C-X-C motif chemokine 13,8,22,2,32,bin_5,2393,608,CXCL13,1,1.64
MYO1D_HUMAN,O94832,MYO1D,Unconventional myosin-Id,6,6,20,32,bin_5,63,11,MYO5B,0,3.11
MBD2_HUMAN,Q9UBB5,MBD2,Methyl-CpG-binding domain protein 2 ,9,16,7,32,bin_5,602,663,MCBP2,0,0.49
PLEK_HUMAN,P08567,PLEK,Pleckstrin,3,23,6,32,bin_5,110,3355,PLEKHA7,0,0.57
MRP5_HUMAN,Q9UQC3,ABCC5,ATP-binding cassette sub-family C member 5,13,13,6,32,bin_5,366,95,ABCC5,1,0.98
ALDOA_HUMAN,P04075,ALDOA,Fructose-bisphosphate aldolase A ,8,10,14,32,bin_5,330,7315,ALDOA,1,1.24
NCK2_HUMAN,O43639,NCK2,Cytoplasmic protein NCK2,7,20,5,32,bin_5,143,37,NCK2,1,0.86
MK07_HUMAN,Q13164,MAPK7,Mitogen-activated protein kinase 7,6,21,5,32,bin_5,271,795,MAPK7,1,0.44
FLRT3_HUMAN,Q9NZU0,FLRT3,Leucine-rich repeat transmembrane protein FLRT3,4,13,15,32,bin_5,92,17,FLRT3,1,1.38
FGFR3_HUMAN,P22607,FGFR3,Fibroblast growth factor receptor 3,5,20,7,32,bin_5,3686,2290,FGFR3,1,0.74
CCAR2_HUMAN,Q9HD12,CCAR2,Cell cycle and apoptosis regulator protein 2,6,19,7,32,bin_5,125,16247,CCAR2,1,3.24
MCRS1_HUMAN,Q96EZ8,MCRS1,Microspherule protein 1,4,18,10,32,bin_5,73,31,MSP1,0,0.72
UCHL5_HUMAN,Q9Y5K5,UCHL5,Ubiquitin carboxyl-terminal hydrolase isozyme L5,4,21,7,32,bin_5,202,8,UTP20,0,0.96
MK09_HUMAN,Q8N5C5,MAPK9,Mitogen-activated protein kinase 9,5,19,8,32,bin_5,149,858,MAPK9,1,0.33
SMC5_HUMAN,Q8IY18,SMC5,Structural maintenance of chromosomes protein 5,4,16,12,32,bin_5,387,904,SMC5,1,0.49
NCF1_HUMAN,Q9UDV9,NCF1,Neutrophil cytosol factor 1,6,17,9,32,bin_5,399,2298,NCF1,1,0.41
HCLS1_HUMAN,P14317,HCLS1,Hematopoietic lineage cell-specific protein,5,20,7,32,bin_5,156,363,SHP-1,0,2.17
FGF21_HUMAN,Q9NSA1,FGF21,Fibroblast growth factor 21,2,27,3,32,bin_5,3757,2979,FGF21,1,0.34
CD47_HUMAN,Q08722,CD47,Leukocyte surface antigen CD47,3,24,5,32,bin_5,2884,337,CD47,1,0.15
SMC3_HUMAN,Q9UQE7,SMC3,Structural maintenance of chromosomes protein 3,9,11,12,32,bin_5,624,1033,SMC3,1,1.45
RL5_HUMAN,P46777,RPL5,Large ribosomal subunit protein uL18 ,7,12,13,32,bin_5,313,9,RPL23A,0,2.11
NOX1_HUMAN,Q9Y5S8,NOX1,NADPH oxidase 1,5,22,5,32,bin_5,1995,1011,NOX1,1,4.28
UBP7_HUMAN,Q93009,USP7,Ubiquitin carboxyl-terminal hydrolase 7,5,20,7,32,bin_5,888,1166,UCHL7,0,1.66
RIT2_HUMAN,Q99578,RIT2,GTP-binding protein Rit2,7,14,11,32,bin_5,59,28,RIT2,1,2.44
CCN2_HUMAN,P29279,CCN2,CCN family member 2 ,3,23,6,32,bin_5,2995,384,CNN2,0,0.36
DPEP1_HUMAN,P16444,DPEP1,Dipeptidase 1,8,15,9,32,bin_5,79,75,DPYD,0,0.54
GBP5_HUMAN,Q96PP8,GBP5,Guanylate-binding protein 5,6,17,9,32,bin_5,192,201,GBP5,1,2.76
ABCG2_HUMAN,Q8IX16,ABCG2,Broad substrate specificity ATP-binding cassette transporter ABCG2 ,13,12,7,32,bin_5,6255,22,ABCG2,1,0.27
HPRT_HUMAN,P00492,HPRT1,Hypoxanthine-guanine phosphoribosyltransferase,5,24,3,32,bin_5,653,5452,HPRT1,1,2.93
XPC_HUMAN,Q01831,XPC,DNA repair protein complementing XP-C cells,8,11,13,32,bin_5,1575,12,ERCC2,0,1.64
CLIC4_HUMAN,Q9Y696,CLIC4,Chloride intracellular channel protein 4,1,14,17,32,bin_5,183,3007,CLIC4,1,0.83
TOP1_HUMAN,P11387,TOP1,DNA topoisomerase 1,12,12,8,32,bin_5,1737,8542,TOP1,1,0.86
RECQ5_HUMAN,O94762,RECQL5,ATP-dependent DNA helicase Q5,11,14,7,32,bin_5,145,2352,MCM9,0,1.15
FFAR4_HUMAN,Q5NUL3,FFAR4,Free fatty acid receptor 4,5,21,6,32,bin_5,504,2422,FFAR4,1,0.31
PIM1_HUMAN,P11309,PIM1,Serine/threonine-protein kinase pim-1,7,19,6,32,bin_5,1789,1035,PIM1,1,0.26
TYSY_HUMAN,P04818,TYMS,Thymidylate synthase ,5,21,6,32,bin_5,884,6123,TYMS,1,1.24
IL2RG_HUMAN,P31785,IL2RG,Cytokine receptor common subunit gamma,5,18,9,32,bin_5,1210,1257,CSF2RA,0,0.33
B3AT_HUMAN,P02730,SLC4A1,Band 3 anion transport protein ,9,14,9,32,bin_5,456,2197,SLC4A1,1,2.46
KLF2_HUMAN,Q9Y5W3,KLF2,Krueppel-like factor 2,6,25,1,32,bin_5,1245,47,KLF2,1,1.14
EFNA5_HUMAN,P52803,EFNA5,Ephrin-A5,6,20,6,32,bin_5,431,417,EFNA5,1,3.87
CCR5_HUMAN,Q9UPA4,CCR5,C-C chemokine receptor type 5 ,9,18,5,32,bin_5,11154,1300,CCRS,0,2.48
DLX2_HUMAN,Q07687,DLX2,Homeobox protein DLX-2,8,22,2,32,bin_5,422,37,DLX2,1,0.28
CASP4_HUMAN,Q9UG96,CASP4,Caspase-4 subunit p20,4,18,10,32,bin_5,727,2,CASP4,1,0.31
RBBP4_HUMAN,Q09028,RBBP4,Histone-binding protein RBBP4,3,16,13,32,bin_5,205,16,RBBP4,1,0.82
INSM1_HUMAN,Q01101,INSM1,Insulinoma-associated protein 1,8,21,3,32,bin_5,354,363,INSM1,1,1.36
TLR8_HUMAN,Q9NR97,TLR8,Toll-like receptor 8 ,7,19,6,32,bin_5,1660,1051,TLR8,1,1.04
GOGA2_HUMAN,Q08379,GOLGA2,Golgin subfamily A member 2,6,17,9,32,bin_5,50,185,GNA12,0,3.7
CANB1_HUMAN,P63098,PPP3R1,Calcineurin subunit B type 1,7,15,10,32,bin_5,86,44,CALB1,0,1.67
INHA_HUMAN,P05111,INHA,Inhibin alpha chain,6,18,8,32,bin_5,11861,859,INHBA,0,5.07
ING2_HUMAN,Q9H160,ING2,Inhibitor of growth protein 2,8,20,4,32,bin_5,147,151844,ING2,1,1.32
ROA2_HUMAN,P22626,HNRNPA2B1,Heterogeneous nuclear ribonucleoproteins A2/B1,9,12,11,32,bin_5,469,233,HNRNPA2B1,1,1.2
TIF1A_HUMAN,O15164,TRIM24,Transcription intermediary factor 1-alpha,10,14,8,32,bin_5,208,42,TIF1A,0,0.46
THB_HUMAN,P10828,THRB,Thyroid hormone receptor beta,11,16,5,32,bin_5,507,3631,THRB,1,0.8
ERCC3_HUMAN,P19447,ERCC3,General transcription and DNA repair factor IIH helicase/translocase subunit XPB ,7,18,7,32,bin_5,221,1,ERCC5,0,3.86
DMRT1_HUMAN,Q9Y5R6,DMRT1,Doublesex- and mab-3-related transcription factor 1,8,20,4,32,bin_5,1009,487,DMRT1,1,2.61
CP2C9_HUMAN,P11712,CYP2C9,Cytochrome P450 2C9 ,14,14,4,32,bin_5,6131,1969,CYP2C9,1,2.85
DUS10_HUMAN,Q9Y6W6,DUSP10,Dual specificity protein phosphatase 10,8,20,4,32,bin_5,144,745,DUSP10,1,1.59
DYHC1_HUMAN,Q14204,DYNC1H1,Cytoplasmic dynein 1 heavy chain 1,6,13,13,32,bin_5,189,232,DYNC1H1,1,4.1
RL23_HUMAN,P62829,RPL23,Large ribosomal subunit protein uL14 ,6,14,12,32,bin_5,180,4,RPLP1,0,1.29
KPYM_HUMAN,Q9BWB5,PKM,Pyruvate kinase PKM,12,7,13,32,bin_5,1193,421,PKM,1,2.0
OPRD_HUMAN,P41143,OPRD1,Delta-type opioid receptor,4,19,9,32,bin_5,184,72,OPRD1,1,0.62
VMAT2_HUMAN,Q05940,SLC18A2,Synaptic vesicular amine transporter,3,17,12,32,bin_5,765,643,SLC18A2,1,2.08
SCN1B_HUMAN,Q07699,SCN1B,Sodium channel subunit beta-1,6,19,7,32,bin_5,337,349,SCN1B,1,0.36
MARK4_HUMAN,Q96L34,MARK4,MAP/microtubule affinity-regulating kinase 4 ,9,14,9,32,bin_5,152,24,MARK4,1,4.34
TRI25_HUMAN,Q14258,TRIM25,E3 ubiquitin/ISG15 ligase TRIM25,8,19,5,32,bin_5,440,0,TRIM25,1,0.8
SEM5A_HUMAN,Q13591,SEMA5A,Semaphorin-5A,5,24,3,32,bin_5,142,64,SEMA5A,1,1.89
GNA12_HUMAN,Q03113,GNA12,Guanine nucleotide-binding protein subunit alpha-12,8,16,8,32,bin_5,65,90,GNA12,1,1.7
FBX5_HUMAN,Q9UKT4,FBXO5,F-box only protein 5 ,5,21,6,32,bin_5,128,198,FBXO5,1,1.23
ELAV1_HUMAN,Q15717,ELAVL1,ELAV-like protein 1,9,10,13,32,bin_5,1113,1038,ELAVL1,1,1.71
LYAG_HUMAN,P10253,GAA,70 kDa lysosomal alpha-glucosidase,4,17,11,32,bin_5,4452,49,GAA,1,3.13
RGS2_HUMAN,P41220,RGS2,Regulator of G-protein signaling 2,6,19,7,32,bin_5,693,22892,RGS2,1,6.32
NMDE4_HUMAN,O15399,GRIN2D,"Glutamate receptor ionotropic, NMDA 2D",7,17,8,32,bin_5,106,30,GRIN2D,1,0.76
VGFR1_HUMAN,B5A923,FLT1,Vascular endothelial growth factor receptor 1,5,21,6,32,bin_5,3895,6566,KDR,0,0.44
VATA_HUMAN,P38606,ATP6V1A,V-type proton ATPase catalytic subunit A,4,10,18,32,bin_5,100,42,ATP6V1A,1,43.88
FUT7_HUMAN,Q11130,FUT7,"Alpha-(1,3)-fucosyltransferase 7 ",3,24,5,32,bin_5,108,66,FUT7,1,0.94
AT1A3_HUMAN,P13637,ATP1A3,Sodium/potassium-transporting ATPase subunit alpha-3,7,11,14,32,bin_5,467,6,ATP1A3,1,4.17
1433S_HUMAN,P31947,SFN,14-3-3 protein sigma ,6,21,5,32,bin_5,2718,275,YWHAQ,0,4.12
S39AE_HUMAN,Q15043,SLC39A14,Metal cation symporter ZIP14 ,7,18,7,32,bin_5,224,44,SLC39A14,1,3.77
LAPM5_HUMAN,Q13571,LAPTM5,Lysosomal-associated transmembrane protein 5,2,23,7,32,bin_5,125,541,LAPTM5,1,0.57
LONM_HUMAN,P36776,LONP1,"Lon protease homolog, mitochondrial ",13,14,5,32,bin_5,204,39,PPN1,0,1.59
PRKRA_HUMAN,O75569,PRKRA,Interferon-inducible double-stranded RNA-dependent protein kinase activator A,9,15,8,32,bin_5,200,103,MLXIP,0,2.17
FOXL2_HUMAN,P58012,FOXL2,Forkhead box protein L2,9,19,4,32,bin_5,1143,531,FOXL2,1,4.17
LN28A_HUMAN,Q9H9Z2,LIN28A,Protein lin-28 homolog A,9,16,7,32,bin_5,713,79,LIN28A,1,2.59
HLAF_HUMAN,P30511,HLA-F,"HLA class I histocompatibility antigen, alpha chain F",6,11,15,32,bin_5,330,0,HLA-A,0,2.49
JAM1_HUMAN,Q9Y624,F11R,Junctional adhesion molecule A,5,22,6,33,bin_5,367,339,JAM1,0,1.47
DLX1_HUMAN,P56177,DLX1,Homeobox protein DLX-1,4,24,5,33,bin_5,293,18,DLX1,1,2.84
WASL_HUMAN,O00401,WASL,Actin nucleation-promoting factor WASL ,3,18,12,33,bin_5,431,14,WASL,1,1.82
FGF4_HUMAN,P08620,FGF4,Fibroblast growth factor 4 ,3,27,3,33,bin_5,1275,777,FGF4,1,1.6
RHOB_HUMAN,P62745,RHOB,Rho-related GTP-binding protein RhoB,3,20,10,33,bin_5,1108,9,RHOB,1,0.76
HDAC9_HUMAN,O94845,HDAC9,Histone deacetylase 9,11,16,6,33,bin_5,499,6361,HDAC9,1,2.96
RHG35_HUMAN,Q9NRY4,ARHGAP35,Rho GTPase-activating protein 35 ,5,23,5,33,bin_5,234,18,ARHGAP35,1,1.18
RALA_HUMAN,P11233,RALA,Ras-related protein Ral-A,8,15,10,33,bin_5,660,9,RALA,1,5.28
SCRB2_HUMAN,Q14108,SCARB2,Lysosome membrane protein 2,10,10,13,33,bin_5,330,13228,LAPTM4B,0,0.81
UBE2N_HUMAN,P61088,UBE2N,Ubiquitin-conjugating enzyme E2 N,7,16,10,33,bin_5,285,1440,UBE2N,1,1.63
PRDX5_HUMAN,Q9UKX4,PRDX5,"Peroxiredoxin-5, mitochondrial",8,13,12,33,bin_5,240,692,PRDX5,1,1.45
VPS18_HUMAN,Q9P253,VPS18,Vacuolar protein sorting-associated protein 18 homolog,5,13,15,33,bin_5,72,0,VPS18,1,2.08
SRBP2_HUMAN,Q12772,SREBF2,Processed sterol regulatory element-binding protein 2 ,6,16,11,33,bin_5,918,224,SREBF2,1,0.94
WNT9B_HUMAN,O14905,WNT9B,Protein Wnt-9b,4,27,2,33,bin_5,195,3,WNT9B,1,2.64
MTM1_HUMAN,Q13496,MTM1,Myotubularin ,5,20,8,33,bin_5,1908,512,MTM1,1,2.52
HXA5_HUMAN,P20719,HOXA5,Homeobox protein Hox-A5,6,25,2,33,bin_5,471,14,HOXA5,1,0.28
GDF8_HUMAN,O14793,MSTN,Growth/differentiation factor 8,6,26,1,33,bin_5,1909,3956,GDF8,0,2.17
FGF18_HUMAN,O76093,FGF18,Fibroblast growth factor 18,3,26,4,33,bin_5,436,278,FGF18,1,1.71
IRF1_HUMAN,P10914,IRF1,Interferon regulatory factor 1,6,22,5,33,bin_5,3235,2648,IRF1,1,1.74
IF172_HUMAN,Q9UG01,IFT172,Intraflagellar transport protein 172 homolog,0,24,9,33,bin_5,80,7,IFT172,1,1.11
SHAN2_HUMAN,Q9UPX8,SHANK2,SH3 and multiple ankyrin repeat domains protein 2,4,14,15,33,bin_5,322,38,SH3DHC2,0,0.28
PLAT3_HUMAN,P53816,PLAAT3,Phospholipase A and acyltransferase 3 ,7,13,13,33,bin_5,65,298,PLAAT3,1,1.85
ARNT_HUMAN,P27540,ARNT,Aryl hydrocarbon receptor nuclear translocator ,11,14,8,33,bin_5,2877,1748,ARNT,1,0.89
FKBP4_HUMAN,Q02790,FKBP4,"Peptidyl-prolyl cis-trans isomerase FKBP4, N-terminally processed",11,12,10,33,bin_5,299,0,FKBP4,1,3.09
AKAP5_HUMAN,P24588,AKAP5,A-kinase anchor protein 5,11,12,10,33,bin_5,262,468,AKAP5,1,1.45
PDE4B_HUMAN,Q07343,PDE4B,"3',5'-cyclic-AMP phosphodiesterase 4B ",7,15,11,33,bin_5,663,221,PDE4B,1,2.53
BCAR1_HUMAN,F5GXV6,BCAR1,Breast cancer anti-estrogen resistance protein 1,2,23,8,33,bin_5,548,168,BCAR1,1,0.29
IMB1_HUMAN,Q14974,KPNB1,Importin subunit beta-1,9,9,15,33,bin_5,212,13,Importin beta 1,0,2.52
SNX9_HUMAN,Q9Y5X1,SNX9,Sorting nexin-9,7,14,12,33,bin_5,130,74,SNX9,1,2.62
ENOA_HUMAN,Q71V37,ENO1,Alpha-enolase,10,11,12,33,bin_5,977,10110,ENO1,1,0.2
COT2_HUMAN,P24468,NR2F2,COUP transcription factor 2,7,23,3,33,bin_5,489,468,NR2E3,0,1.15
PDC10_HUMAN,Q9BUL8,PDCD10,Programmed cell death protein 10,2,24,7,33,bin_5,344,29833,PDCD10,1,2.0
MYB_HUMAN,P78526,MYB,Transcriptional activator Myb,3,26,4,33,bin_5,9949,3872,MYB,1,0.5
NKX61_HUMAN,P78426,NKX6-1,Homeobox protein Nkx-6.1,4,26,3,33,bin_5,617,13,NKX6-1,1,6.29
ITA8_HUMAN,P53708,ITGA8,Integrin alpha-8 light chain,2,19,12,33,bin_5,142,0,ITGAX,0,1.79
NEC1_HUMAN,P29120,PCSK1,Neuroendocrine convertase 1,2,21,10,33,bin_5,384,303,NHC1,0,0.33
CP26B_HUMAN,Q9NR63,CYP26B1,Cytochrome P450 26B1,7,24,2,33,bin_5,686,17,CYP26B1,1,3.92
PLTP_HUMAN,P55058,PLTP,Phospholipid transfer protein,20,9,4,33,bin_5,610,4102,PLTP,1,5.28
CENPJ_HUMAN,Q9HC77,CENPJ,Centromere protein J,6,19,8,33,bin_5,123,0,CENPJ,1,0.33
HLAB_HUMAN,Q9TQH6,HLA-B,"HLA class I histocompatibility antigen, B alpha chain",4,13,16,33,bin_5,15645,369,HLA-B,1,1.34
GHRHR_HUMAN,Q02643,GHRHR,Growth hormone-releasing hormone receptor,5,20,8,33,bin_5,388,494,GHRHR,1,3.09
KCNJ2_HUMAN,AAFLFSIETQ,KCNJ2,Inward rectifier potassium channel 2,4,20,9,33,bin_5,597,33,KCNJ2,1,1.05
P2RX1_HUMAN,P51575,P2RX1,P2X purinoceptor 1,8,16,9,33,bin_5,46,4176,P2RX1,1,0.33
FLOT2_HUMAN,Q14254,FLOT2,Flotillin-2,1,12,20,33,bin_5,101,744,FLOT2,1,0.97
OVOL2_HUMAN,Q9BRP0,OVOL2,Transcription factor Ovo-like 2 ,8,24,1,33,bin_5,98,17,FOXO1,0,1.24
YTHD2_HUMAN,Q9Y5A9,YTHDF2,YTH domain-containing family protein 2 ,4,22,7,33,bin_5,796,39,YTHDC2,0,2.37
GABT_HUMAN,P80404,ABAT,"4-aminobutyrate aminotransferase, mitochondrial",7,23,3,33,bin_5,374,93,ABAT,1,0.86
G6PI_HUMAN,P06744,GPI,Glucose-6-phosphate isomerase ,6,20,7,33,bin_5,21584,3598,PFKL,0,0.77
SIX2_HUMAN,Q9NPC8,SIX2,Homeobox protein SIX2,6,24,3,33,bin_5,382,206,SIX2,1,0.48
EXT2_HUMAN,Q93063,EXT2,Exostosin-2 ,7,19,7,33,bin_5,435,248,EXT2,1,0.8
S39A8_HUMAN,Q9C0K1,SLC39A8,Metal cation symporter ZIP8 ,3,25,5,33,bin_5,258,38,SLC39A8,1,0.7
GNA13_HUMAN,Q14344,GNA13,Guanine nucleotide-binding protein subunit alpha-13,7,16,10,33,bin_5,132,65,GNA13,1,0.47
2AAA_HUMAN,P30153,PPP2R1A,Serine/threonine-protein phosphatase 2A 65 kDa regulatory subunit A alpha isoform,4,14,15,33,bin_5,207,4,PPP2R1A,1,1.57
HMCS2_HUMAN,P54868,HMGCS2,"Hydroxymethylglutaryl-CoA synthase, mitochondrial",2,29,2,33,bin_5,345,255,HMGCS1,0,0.65
MITF_HUMAN,O75030,MITF,Microphthalmia-associated transcription factor,7,20,6,33,bin_5,3586,2689,MITF,1,3.16
C5AR1_HUMAN,P21730,C5AR1,C5a anaphylatoxin chemotactic receptor 1,2,27,4,33,bin_5,711,160,C5AR1,1,1.89
TRIM6_HUMAN,Q9C030,TRIM6,Tripartite motif-containing protein 6,8,22,3,33,bin_5,50,277,TRIM6,1,1.26
GRP75_HUMAN,P38646,HSPA9,"Stress-70 protein, mitochondrial ",8,13,12,33,bin_5,349,27,HSPD1,0,0.36
CY24A_HUMAN,P13498,CYBA,Cytochrome b-245 light chain,6,18,9,33,bin_5,1068,21,NCF2,0,2.96
S29A2_HUMAN,Q14542,SLC29A2,Equilibrative nucleoside transporter 2 ,9,20,4,33,bin_5,138,168,SLC29A2,1,0.61
OCRL_HUMAN,Q5JQF1,OCRL,Inositol polyphosphate 5-phosphatase OCRL ,10,8,15,33,bin_5,374,83,OCRL,1,0.28
KIFA3_HUMAN,Q92845,KIFAP3,Kinesin-associated protein 3,3,14,16,33,bin_5,56,21,KAP3,0,0.23
SLAF1_HUMAN,Q13291,SLAMF1,Signaling lymphocytic activation molecule,7,22,4,33,bin_5,283,17726,SLO,0,1.83
CD24_HUMAN,P25063,CD24,Signal transducer CD24,2,26,5,33,bin_5,4290,94,CD24,1,1.97
EFNA1_HUMAN,P20827,EFNA1,"Ephrin-A1, secreted form",2,28,3,33,bin_5,477,27,EFNA1,1,2.2
CPEB3_HUMAN,Q8NE35,CPEB3,Cytoplasmic polyadenylation element-binding protein 3,7,13,13,33,bin_5,133,184,CPEB3,1,0.34
TAOK1_HUMAN,Q7L7X3,TAOK1,Serine/threonine-protein kinase TAO1,11,19,3,33,bin_5,79,36,TAO1,0,0.57
SNW1_HUMAN,Q13573,SNW1,SNW domain-containing protein 1,10,15,8,33,bin_5,99,7,SND1,0,0.72
SC5A1_HUMAN,P13866,SLC5A1,Sodium/glucose cotransporter 1,10,15,8,33,bin_5,855,1405,SLC5A1,1,4.51
AT8B1_HUMAN,O43520,ATP8B1,Phospholipid-transporting ATPase IC ,9,14,10,33,bin_5,320,2,ATP10C,0,0.52
PLSL_HUMAN,P13796,LCP1,Plastin-2,5,16,12,33,bin_5,226,32,LCP1,1,1.64
GNA11_HUMAN,P29992,GNA11,Guanine nucleotide-binding protein subunit alpha-11,7,19,7,33,bin_5,592,124,GNAS,0,0.28
RS7_HUMAN,P62081,RPS7,Small ribosomal subunit protein eS7 ,6,11,16,33,bin_5,242,5,RPS20,0,0.6
AP2M1_HUMAN,Q96CW1,AP2M1,AP-2 complex subunit mu ,6,12,15,33,bin_5,60,104,AP2M1,1,0.87
ACHA4_HUMAN,P43681,CHRNA4,Neuronal acetylcholine receptor subunit alpha-4,4,20,9,33,bin_5,341,198,CHRNA4,1,0.56
NRATCYTDLS,Q9NR61,DLL4,Delta-like protein 4,3,29,1,33,bin_5,1315,361,DLL4,1,0.28
BAG3_HUMAN,O95817,BAG3,BAG family molecular chaperone regulator 3,6,18,9,33,bin_5,809,53,BAG3,1,0.48
UBB_HUMAN,Q91887,UBB,Ubiquitin,2,17,14,33,bin_5,459,106601,UBB,1,0.28
DDX21_HUMAN,Q9NR30,DDX21,Nucleolar RNA helicase 2 ,12,14,7,33,bin_5,141,93,BRR2,0,0.29
ZEB2_HUMAN,O60315,ZEB2,Zinc finger E-box-binding homeobox 2,5,23,5,33,bin_5,1642,807,ZEB2,1,2.14
TBP_HUMAN,P20226,TBP,TATA-box-binding protein,12,9,12,33,bin_5,5492,5586,TBP,1,2.54
SMCE1_HUMAN,Q969G3,SMARCE1,SWI/SNF-related matrix-associated actin-dependent regulator of chromatin subfamily E member 1,6,14,13,33,bin_5,167,16,SMARCE1,1,0.96
KCNC1_HUMAN,P48547,KCNC1,Voltage-gated potassium channel KCNC1 ,5,18,10,33,bin_5,154,122,KCNC1,1,2.08
AHI1_HUMAN,Q8N157,AHI1,Jouberin,1,23,9,33,bin_5,211,18,C2ORF42,0,1.08
CRY2_HUMAN,Q49AN0,CRY2,Cryptochrome-2,9,18,7,34,bin_5,1421,249,CRY2,1,3.62
DESP_HUMAN,P15924,DSP,Desmoplakin,6,16,12,34,bin_5,5888,2122,DSP,1,1.79
SHC1_HUMAN,Q8N4K5,SHC1,SHC-transforming protein 1,10,19,5,34,bin_5,1395,1252,SHC1,1,0.71
MARE1_HUMAN,Q15691,MAPRE1,Microtubule-associated protein RP/EB family member 1,5,15,14,34,bin_5,218,25,MAPRE1,1,4.92
SKIL_HUMAN,P12757,SKIL,Ski-like protein,8,19,7,34,bin_5,246,14,SKI,0,2.87
CATK_HUMAN,P43235,CTSK,Cathepsin K,7,18,9,34,bin_5,1711,3470,CTSK,1,1.25
CSK2B_HUMAN,P67870,CSNK2B,Casein kinase II subunit beta,9,14,11,34,bin_5,81,632,CSNK2B,1,1.88
FGF23_HUMAN,Q9GZV9,FGF23,Fibroblast growth factor 23 C-terminal peptide,2,27,5,34,bin_5,4907,347,FGF23,1,0.56
SCNNB_HUMAN,P51168,SCNN1B,Amiloride-sensitive sodium channel subunit beta,2,26,6,34,bin_5,332,326,SCNN1B,1,2.68
VIME_HUMAN,Q96ML2,VIM,Vimentin,8,12,14,34,bin_5,6615,34780,VIM,1,1.34
NRX1A_HUMAN,Q9H3M2,NRXN1,Neurexin-1,6,19,9,34,bin_5,498,173,NRXN1,1,1.08
NR5A2_HUMAN,O00482,NR5A2,Nuclear receptor subfamily 5 group A member 2,13,16,5,34,bin_5,599,0,NR5A2,1,2.63
FES_HUMAN,P07332,FES,Tyrosine-protein kinase Fes/Fps,6,20,8,34,bin_5,14163,164,FES,1,1.18
CY24B_HUMAN,P04839,CYBB,Cytochrome b-245 heavy chain,5,18,11,34,bin_5,2793,13,CYBB,1,1.29
S29A4_HUMAN,Q7RTT9,SLC29A4,Equilibrative nucleoside transporter 4 ,9,21,4,34,bin_5,69,516,SLC29A4,1,2.59
SIX3_HUMAN,ILRARAVVAF,SIX3,Homeobox protein SIX3,6,25,3,34,bin_5,498,254,SIX3,1,3.85
PPLSRGLEYN,O15230,LAMA5,Laminin subunit alpha-5,1,20,13,34,bin_5,171,213,LAMA5,1,2.7
LAMP1_HUMAN,P11279,LAMP1,Lysosome-associated membrane glycoprotein 1 ,4,9,21,34,bin_5,2753,6106,LAMP1,1,3.32
VP33B_HUMAN,Q9H267,VPS33B,Vacuolar protein sorting-associated protein 33B,1,16,17,34,bin_5,121,2,VPS33B,1,1.57
FOLR1_HUMAN,P15328,FOLR1,Folate receptor alpha,3,15,16,34,bin_5,395,1304,FOLR1,1,2.73
DDX1_HUMAN,Q92499,DDX1,ATP-dependent RNA helicase DDX1,12,12,10,34,bin_5,183,9,DDX1,1,2.44
FBX7_HUMAN,Q9Y3I1,FBXO7,F-box only protein 7,6,15,13,34,bin_5,163,210,FBXO7,1,1.92
ANGL3_HUMAN,Q9Y5C1,ANGPTL3,ANGPTL3(17-224),5,22,7,34,bin_5,736,0,ANGPTL3,1,1.28
CHD4_HUMAN,Q14839,CHD4,Chromodomain-helicase-DNA-binding protein 4,12,10,12,34,bin_5,405,196,CHD4,1,3.25
MEFV_HUMAN,O15553,MEFV,Pyrin ,4,19,11,34,bin_5,1960,15757,MARE1,0,9.14
FOXO4_HUMAN,P98177,FOXO4,Forkhead box protein O4,13,15,6,34,bin_5,589,94,FOXO4,1,2.06
BRSK1_HUMAN,Q8TDC3,BRSK1,Serine/threonine-protein kinase BRSK1,8,18,8,34,bin_5,63,46,BRSK1,1,1.72
SATT_HUMAN,P43007,SLC1A4,Neutral amino acid transporter A ,11,16,7,34,bin_5,126,20559,SLC1A5,0,2.28
NR0B1_HUMAN,P51843,NR0B1,Nuclear receptor subfamily 0 group B member 1,8,17,9,34,bin_5,657,585,NR0B1,1,0.27
CATS_HUMAN,P25774,CTSS,Cathepsin S,7,16,11,34,bin_5,646,1190,CTSS,1,3.77
AGTR1_HUMAN,P30556,AGTR1,Type-1 angiotensin II receptor ,4,28,2,34,bin_5,870,20278,AGTR1,1,0.54
LEPR_HUMAN,P48357,LEPR,Leptin receptor,5,25,4,34,bin_5,11834,13736,LEPR,1,0.18
VFLMNFKDPK,RRTRRQDIRN,SEMA3A,Semaphorin-3A,3,25,6,34,bin_5,1581,1340,SEMA3A,1,0.24
CSKP_HUMAN,Q5VT19,CASK,Peripheral plasma membrane protein CASK ,7,12,15,34,bin_5,548,11,LIS1,0,3.37
ANF_HUMAN,P01160,NPPA,Atriopeptin-3 ,5,22,7,34,bin_5,811,58,ATP2B2,0,0.68
SALL1_HUMAN,Q9NSC2,SALL1,Sal-like protein 1,5,24,5,34,bin_5,330,81,SALL1,1,3.77
VDAC1_HUMAN,P21796,VDAC1,Non-selective voltage-gated ion channel VDAC1 ,9,13,12,34,bin_5,1238,0,VDAC1,1,1.47
HGS_HUMAN,O14964,HGS,Hepatocyte growth factor-regulated tyrosine kinase substrate,5,20,9,34,bin_5,4106,270,HRS,0,0.58
DYN3_HUMAN,Q9NQ68,DNM3,Dynamin-3,9,9,16,34,bin_5,101,276,DNM3,1,2.94
EDN3_HUMAN,P14138,EDN3,Endothelin-3,3,29,2,34,bin_5,257,1155,EDN3,1,3.6
ZAP70_HUMAN,P43403,ZAP70,Tyrosine-protein kinase ZAP-70,5,22,7,34,bin_5,2727,1777,ZAP70,1,1.79
FOG1_HUMAN,Q8IX07,ZFPM1,Zinc finger protein ZFPM1,4,25,5,34,bin_5,168,44,ZFPM1,1,1.14
ITA6_HUMAN,Q16508,ITGA6,Processed integrin alpha-6,6,19,9,34,bin_5,459,221,ITGA6,1,3.61
TAF7_HUMAN,Q15545,TAF7,Transcription initiation factor TFIID subunit 7,9,17,8,34,bin_5,84,23,TAF7,1,3.92
ERR2_HUMAN,O95718,ESRRB,Steroid hormone receptor ERR2 ,14,14,6,34,bin_5,321,2,ESR2,0,1.76
RSMB_HUMAN,P14678,SNRPB,Small nuclear ribonucleoprotein-associated proteins B and B',6,6,22,34,bin_5,112,0,SNU13,0,3.2
ADNP_HUMAN,Q9H2P0,ADNP,Activity-dependent neuroprotector homeobox protein,7,20,7,34,bin_5,382,15,ADNP,1,0.58
VPS11_HUMAN,Q9H270,VPS11,Vacuolar protein sorting-associated protein 11 homolog,6,16,12,34,bin_5,78,1,VPS11,1,2.9
MOT1_HUMAN,P53985,SLC16A1,Monocarboxylate transporter 1 ,8,15,11,34,bin_5,278,2696,SLC16A1,1,2.75
IFIH1_HUMAN,Q9BYX4,IFIH1,Interferon-induced helicase C domain-containing protein 1 ,11,19,4,34,bin_5,1703,1424,IFIH1,1,2.96
IF4E_HUMAN,P06730,EIF4E,Eukaryotic translation initiation factor 4E ,8,12,14,34,bin_5,4823,3525,EIF4E,1,1.37
HYAS2_HUMAN,Q92819,HAS2,Hyaluronan synthase 2,2,24,8,34,bin_5,1178,1381,HAS2,1,2.1
ACHA3_HUMAN,P32297,CHRNA3,Neuronal acetylcholine receptor subunit alpha-3,4,17,13,34,bin_5,378,337,CHRNA3,1,1.22
RNF8_HUMAN,O76064,RNF8,E3 ubiquitin-protein ligase RNF8 ,8,19,7,34,bin_5,333,246,RNF8,1,1.72
CENPE_HUMAN,Q02224,CENPE,Centromere-associated protein E,4,15,15,34,bin_5,466,95,CENPE,1,1.71
PLK2_HUMAN,Q9NYY3,PLK2,Serine/threonine-protein kinase PLK2,4,21,9,34,bin_5,362,236,PLK2,1,1.12
RRAGC_HUMAN,Q9HB90,RRAGC,Ras-related GTP-binding protein C,9,16,9,34,bin_5,54,16183,RAC1,0,1.12
P2Y12_HUMAN,Q9H244,P2RY12,P2Y purinoceptor 12,4,25,5,34,bin_5,1307,1494,P2RY12,1,0.3
HCD2_HUMAN,Q99714,HSD17B10,3-hydroxyacyl-CoA dehydrogenase type-2,13,14,7,34,bin_5,175,41,HADH2,0,0.71
RAB13_HUMAN,P51153,RAB13,Ras-related protein Rab-13,2,15,17,34,bin_5,139,5,RAB13,1,0.98
TNR6_HUMAN,Q5T9P2,FAS,Tumor necrosis factor receptor superfamily member 6,5,20,9,34,bin_5,45426,18905,TNFRSF6,0,2.3
SMRD1_HUMAN,Q96GM5,SMARCD1,SWI/SNF-related matrix-associated actin-dependent regulator of chromatin subfamily D member 1,5,17,12,34,bin_5,95,19,SMARCD1,1,5.44
APFDLSVVYR,Q6SV45,IL7R,Interleukin-7 receptor subunit alpha,3,25,6,34,bin_5,1349,949,IL7RA,0,3.25
APAF_HUMAN,Q9UJ67,APAF1,Apoptotic protease-activating factor 1 ,6,20,8,34,bin_5,2191,1175,APAF1,1,1.84
OPSD_HUMAN,P08100,RHO,Rhodopsin,4,15,15,34,bin_5,73764,12709,RHO,1,1.04
UVRAG_HUMAN,Q9P2Y5,UVRAG,UV radiation resistance-associated gene protein,2,18,14,34,bin_5,300,92,UVRAG,1,0.19
UPAR_HUMAN,Q9UEA6,PLAUR,Urokinase plasminogen activator surface receptor,5,16,13,34,bin_5,2291,2621,PLAUR,1,0.59
UROK_HUMAN,P00749,PLAU,Urokinase-type plasminogen activator chain B,1,21,12,34,bin_5,639,0,PLA2G4B,0,1.25
CXCR3_HUMAN,P49682,CXCR3,C-X-C chemokine receptor type 3,7,23,4,34,bin_5,4554,1613,CXCR3,1,0.57
EPAS1_HUMAN,Q99814,EPAS1,Endothelial PAS domain-containing protein 1,7,22,5,34,bin_5,641,2424,EPAS1,1,4.81
AP3D1_HUMAN,O14617,AP3D1,AP-3 complex subunit delta-1,0,22,12,34,bin_5,55,3,AP3D1,1,0.95
EHD1_HUMAN,Q9H4M9,EHD1,EH domain-containing protein 1 ,6,15,13,34,bin_5,348,159,EHD1,1,1.84
GBF1_HUMAN,Q92538,GBF1,Golgi-specific brefeldin A-resistance guanine nucleotide exchange factor 1,3,22,9,34,bin_5,244,9,GBRASP1,0,3.18
GOLP3_HUMAN,Q9H4A6,GOLPH3,Golgi phosphoprotein 3,3,20,11,34,bin_5,256,420,GOLPH3,1,2.9
CCR1_HUMAN,P32246,CCR1,C-C chemokine receptor type 1,6,25,3,34,bin_5,1913,2931,CCR1,1,2.45
MLH1_HUMAN,P40692,MLH1,DNA mismatch repair protein Mlh1,6,19,9,34,bin_5,6817,4512,MLH1,1,3.58
PER2_HUMAN,SAMGRASPPL,PER2,Period circadian protein homolog 2,3,24,7,34,bin_5,2878,207,PER2,1,0.29
VAMP3_HUMAN,Q15836,VAMP3,Vesicle-associated membrane protein 3,2,14,18,34,bin_5,330,209,VAMP3,1,1.28
CSRP3_HUMAN,P50461,CSRP3,Cysteine and glycine-rich protein 3,6,23,6,35,bin_5,120,166,CGRP3,0,0.98
ACV1B_HUMAN,P36896,ACVR1B,Activin receptor type-1B,11,19,5,35,bin_5,234,20,ACVR1B,1,1.59
CLN8_HUMAN,Q9UBY8,CLN8,Protein CLN8,1,27,7,35,bin_5,166,129,CLN8,1,2.07
LOX15_HUMAN,P16050,ALOX15,Polyunsaturated fatty acid lipoxygenase ALOX15 ,5,25,5,35,bin_5,559,138,ALOX15,1,0.21
RAC2_HUMAN,P15153,RAC2,Ras-related C3 botulinum toxin substrate 2,3,22,10,35,bin_5,970,283,RAC2,1,2.08
AIM2_HUMAN,O14862,AIM2,Interferon-inducible protein AIM2 ,5,24,6,35,bin_5,1613,53,AIM2,1,1.0
ZEB1_HUMAN,Q5VZ84,ZEB1,Zinc finger E-box-binding homeobox 1 ,7,24,4,35,bin_5,3894,1955,ZEB1,1,4.58
GIT1_HUMAN,Q9Y2X7,GIT1,ARF GTPase-activating protein GIT1,5,18,12,35,bin_5,327,39,GIT1,1,2.01
ETS1_HUMAN,P14921,ETS1,Protein C-ets-1,11,20,4,35,bin_5,2437,1522,ETS1,1,0.73
PROF1_HUMAN,P07737,PFN1,Profilin-1,9,16,10,35,bin_5,579,1874,PFN1,1,1.9
FOXH1_HUMAN,O75593,FOXH1,Forkhead box protein H1,12,19,4,35,bin_5,187,434,FOXH1,1,2.26
5HT1B_HUMAN,P28222,HTR1B,5-hydroxytryptamine receptor 1B,4,24,7,35,bin_5,496,1764,HTR1B,1,0.47
PARD3_HUMAN,Q9BY57,PARD3,Partitioning defective 3 homolog,4,17,14,35,bin_5,393,36,PDCD3,0,1.18
MD2L2_HUMAN,Q9UI95,MAD2L2,Mitotic spindle assembly checkpoint protein MAD2B,2,25,8,35,bin_5,197,7,MAD2L2,1,0.59
PLLIVFSDDQ,O95393,BMP10,Bone morphogenetic protein 10,5,25,5,35,bin_5,217,5721,BMP10,1,1.37
AIFM1_HUMAN,Q5JUZ7,AIFM1,"Apoptosis-inducing factor 1, mitochondrial ",7,21,7,35,bin_5,814,2388,AIFM1,1,2.96
TBB5_HUMAN,P07437,TUBB,Tubulin beta chain,10,9,16,35,bin_5,404,3539,TUBB,1,2.94
SC6A1_HUMAN,P30531,SLC6A1,Sodium- and chloride-dependent GABA transporter 1,5,22,8,35,bin_5,508,29,SLC6A1,1,0.89
PTPRO_HUMAN,Q16827,PTPRO,Receptor-type tyrosine-protein phosphatase O,6,16,13,35,bin_5,180,9,PTPRO,1,3.15
ECE1_HUMAN,Q5THM8,ECE1,Endothelin-converting enzyme 1,5,19,11,35,bin_5,800,1107,ECE1,1,4.51
CR1_HUMAN,P17927,CR1,Complement receptor type 1,5,22,8,35,bin_5,4435,31718,CR1,1,4.31
SUV91_HUMAN,O43463,SUV39H1,Histone-lysine N-methyltransferase SUV39H1,8,15,12,35,bin_5,667,206,SUV39H1,1,1.61
KPCT_HUMAN,Q04759,PRKCQ,Protein kinase C theta type,6,24,5,35,bin_5,741,147,PRKCQ,1,2.85
FZD3_HUMAN,Q9NPG1,FZD3,Frizzled-3,4,21,10,35,bin_5,240,65,FZD3,1,0.63
TAF9_HUMAN,Q16594,TAF9,Transcription initiation factor TFIID subunit 9,9,19,7,35,bin_5,111,13,TAF9,1,2.46
G6PD_HUMAN,P11413,G6PD,Glucose-6-phosphate 1-dehydrogenase,5,23,7,35,bin_5,7053,78,G6PD,1,5.37
GABR1_HUMAN,Q71SG6,GABBR1,Gamma-aminobutyric acid type B receptor subunit 1,5,14,16,35,bin_5,144,174,GABRB1,0,2.65
LBP_HUMAN,P18428,LBP,Lipopolysaccharide-binding protein,5,25,5,35,bin_5,12573,1962,LBP,1,3.91
ICAM1_HUMAN,P05362,ICAM1,Intercellular adhesion molecule 1,4,21,10,35,bin_5,31980,24894,ICAM1,1,1.76
PIAS1_HUMAN,O75925,PIAS1,E3 SUMO-protein ligase PIAS1,10,17,8,35,bin_5,457,145,PIAS1,1,3.79
KCNQ3_HUMAN,O43525,KCNQ3,Potassium voltage-gated channel subfamily KQT member 3 ,2,26,7,35,bin_5,556,26,KCNQ3,1,1.22
WNT2_HUMAN,P09544,WNT2,Protein Wnt-2,3,27,5,35,bin_5,647,70,WNT2,1,1.73
DLG5_HUMAN,Q9Y4E3,DLG5,Disks large homolog 5,3,25,7,35,bin_5,153,558,DLG5,1,2.74
FA7_HUMAN,P08709,F7,Factor VII heavy chain,4,23,8,35,bin_5,5023,75,F7,1,1.09
GIP_HUMAN,P09681,GIP,Gastric inhibitory polypeptide,3,27,5,35,bin_5,6300,4040,GIP,1,3.98
AP1G1_HUMAN,O43747,AP1G1,AP-1 complex subunit gamma-1,5,13,17,35,bin_5,20,4,AP1G1,1,1.99
BBS2_HUMAN,Q9BXC9,BBS2,Bardet-Biedl syndrome 2 protein ,1,24,10,35,bin_5,182,8,BBS2,1,1.84
MK15_HUMAN,Q8TD08,MAPK15,Mitogen-activated protein kinase 15 ,8,16,11,35,bin_5,74,8893,MAPK15,1,1.74
STX1A_HUMAN,Q16623,STX1A,Syntaxin-1A,6,17,12,35,bin_5,693,1549,STX1A,1,2.69
IL13_HUMAN,P35225,IL13,Interleukin-13,2,29,4,35,bin_5,18198,7615,IL13,1,1.7
STAT6_HUMAN,P42226,STAT6,Signal transducer and activator of transcription 6,8,21,6,35,bin_5,4552,3081,STAT6,1,3.51
MP2K6_HUMAN,P52564,MAP2K6,Dual specificity mitogen-activated protein kinase kinase 6,7,24,4,35,bin_5,428,23,MAP2K6,1,2.73
SMUF1_HUMAN,Q9HCE7,SMURF1,E3 ubiquitin-protein ligase SMURF1,8,20,7,35,bin_5,501,364,SMURF1,1,3.3
DNJA1_HUMAN,P31689,DNAJA1,DnaJ homolog subfamily A member 1,11,15,9,35,bin_5,192,71,DNAJA1,1,2.97
NECT2_HUMAN,Q92692,NECTIN2,Nectin-2,5,21,9,35,bin_5,289,886,NECTIN2,1,2.02
DAPK1_HUMAN,P53355,DAPK1,Death-associated protein kinase 1,9,19,7,35,bin_5,717,1283,DAPK1,1,2.67
DRD5_HUMAN,P21918,DRD5,D(1B) dopamine receptor,4,25,6,35,bin_5,407,7,DRD1,0,1.58
GRM5_HUMAN,P41594,GRM5,Metabotropic glutamate receptor 5,9,18,8,35,bin_5,1224,2386,GRM5,1,6.17
VHL_HUMAN,P40337,VHL,von Hippel-Lindau disease tumor suppressor,7,22,6,35,bin_5,6420,1559,VHL,1,4.74
IRS1_HUMAN,P35568,IRS1,Insulin receptor substrate 1,9,18,8,35,bin_5,6809,7605,IRS1,1,2.61
NEK2_HUMAN,P51955,NEK2,Serine/threonine-protein kinase Nek2,6,18,11,35,bin_5,541,364,NEK2,1,1.97
SGK1_HUMAN,Q5VY65,SGK1,Serine/threonine-protein kinase Sgk1,8,19,8,35,bin_5,1607,1042,SGK1,1,3.6
IRF7_HUMAN,Q92985,IRF7,Interferon regulatory factor 7,4,25,6,35,bin_5,2123,1096,IRF7,1,2.13
ZNT1_HUMAN,Q9Y6M5,SLC30A1,Proton-coupled zinc antiporter SLC30A1 ,4,17,14,35,bin_5,212,4,SLC30A1,1,1.76
AKAP9_HUMAN,Q9UQQ4,AKAP9,A-kinase anchor protein 9,6,15,14,35,bin_5,221,196,AKAP9,1,1.47
TNR1B_HUMAN,P20333,TNFRSF1B,Tumor necrosis factor-binding protein 2,3,23,9,35,bin_5,507,428,TNFRSF13B,0,1.9
ARH_HUMAN,Q5SW96,LDLRAP1,Low density lipoprotein receptor adapter protein 1 ,10,16,9,35,bin_5,214,897,LDLRAP1,1,0.61
RAMP2_HUMAN,O60895,RAMP2,Receptor activity-modifying protein 2,3,25,7,35,bin_5,419,288,RAMP2,1,0.35
NFAC2_HUMAN,Q9NPX6,NFATC2,"Nuclear factor of activated T-cells, cytoplasmic 2",11,16,8,35,bin_5,799,1146,NFATC2,1,3.05
NFAC1_HUMAN,Q15793,NFATC1,"Nuclear factor of activated T-cells, cytoplasmic 1",10,16,9,35,bin_5,3246,1532,NFATC1,1,4.22
SHIP2_HUMAN,O15357,INPPL1,"Phosphatidylinositol 3,4,5-trisphosphate 5-phosphatase 2 ",5,22,8,35,bin_5,527,21,INPP5B,0,1.47
RAB38_HUMAN,P57729,RAB38,Ras-related protein Rab-38,6,14,15,35,bin_5,124,4,RAB38,1,1.85
CCL11_HUMAN,P51671,CCL11,Eotaxin,5,28,2,35,bin_5,2527,4751,CCL11,1,8.67
ATF6A_HUMAN,P18850,ATF6,Processed cyclic AMP-dependent transcription factor ATF-6 alpha,11,13,11,35,bin_5,2948,0,ATF6,1,2.13
VEGFC_HUMAN,P49767,VEGFC,Vascular endothelial growth factor C,3,28,4,35,bin_5,3446,2576,FLT4,0,0.69
APOC2_HUMAN,P02655,APOC2,Proapolipoprotein C-II,6,21,8,35,bin_5,1388,2,APOC2,1,0.93
DPOLB_HUMAN,P06746,POLB,DNA polymerase beta,9,20,6,35,bin_5,354,30865,POLB,1,4.45
BC11A_HUMAN,Q9NWA7,BCL11A,B-cell lymphoma/leukemia 11A ,10,17,8,35,bin_5,777,49,BCL11A,1,1.7
FKB1B_HUMAN,P68106,FKBP1B,Peptidyl-prolyl cis-trans isomerase FKBP1B ,7,22,6,35,bin_5,44,18,FKBP1B,1,1.65
MP2K7_HUMAN,O14733,MAP2K7,Dual specificity mitogen-activated protein kinase kinase 7,11,21,3,35,bin_5,314,33,MAP2K7,1,2.69
FOXA2_HUMAN,Q9Y261,FOXA2,Hepatocyte nuclear factor 3-beta,8,22,5,35,bin_5,1644,993,FOXA2,1,0.34
DAPK3_HUMAN,O43293,DAPK3,Death-associated protein kinase 3,8,22,5,35,bin_5,105,1216,DAPK3,1,0.83
CK5P2_HUMAN,Q9UIW9,CDK5RAP2,CDK5 regulatory subunit-associated protein 2,7,15,13,35,bin_5,179,53,CDK5RAP2,1,2.57
SEM4D_HUMAN,Q92854,SEMA4D,Semaphorin-4D,7,25,3,35,bin_5,491,389,SEMA4D,1,1.24
RGCC_HUMAN,Q9H4X1,RGCC,Regulator of cell cycle RGCC,3,26,6,35,bin_5,142,54,RGCC,1,1.15
CLD5_HUMAN,O00501,CLDN5,Claudin-5,2,23,10,35,bin_5,702,2359,CLDN5,1,0.67
SEPR_HUMAN,Q12884,FAP,"Antiplasmin-cleaving enzyme FAP, soluble form ",9,15,11,35,bin_5,7431,1,MMP14,0,0.96
DNA2_HUMAN,P51530,DNA2,DNA replication ATP-dependent helicase DNA2,13,16,6,35,bin_5,659,7,DNA2,1,2.55
CALB1_HUMAN,P05937,CALB1,Calbindin,5,13,17,35,bin_5,878,7783,CALB1,1,3.2
CD38_HUMAN,P28907,CD38,ADP-ribosyl cyclase/cyclic ADP-ribose hydrolase 1,5,25,6,36,bin_5,10349,3533,ADPRHL1,0,1.92
DYN1_HUMAN,Q05193,DNM1,Dynamin-1 ,10,11,15,36,bin_5,284,770,DNM1,1,1.46
PA2G3_HUMAN,Q9NZ20,PLA2G3,Group 3 secretory phospholipase A2,2,29,5,36,bin_5,53,638,PLA2G3,1,0.53
SMRD3_HUMAN,Q6STE5,SMARCD3,SWI/SNF-related matrix-associated actin-dependent regulator of chromatin subfamily D member 3,8,20,8,36,bin_5,88,16,SMARCD3,1,3.81
KCNE1_HUMAN,P15382,KCNE1,Potassium voltage-gated channel subfamily E member 1,5,24,7,36,bin_5,976,39,KCNH2,0,3.95
ACES_HUMAN,Q86TM9,ACHE,Acetylcholinesterase ,9,14,13,36,bin_5,1112993,40862,BCHE,0,1.08
KI20B_HUMAN,Q9H6Q9,KIF20B,Kinesin-like protein KIF20B ,7,13,16,36,bin_5,67,1,KIF20B,1,0.24
OPRM_HUMAN,Q6UQ80,OPRM1,Mu-type opioid receptor,7,20,9,36,bin_5,1406,123,OPRM1,1,0.63
KIF3B_HUMAN,O15066,KIF3B,"Kinesin-like protein KIF3B, N-terminally processed",7,13,16,36,bin_5,125,0,KIF3B,1,0.54
IATQGPLAET,Q13332,PTPRS,Receptor-type tyrosine-protein phosphatase S,5,20,11,36,bin_5,127,172,PTPRS,1,1.9
SMD3_HUMAN,P62318,SNRPD3,Small nuclear ribonucleoprotein Sm D3,6,6,24,36,bin_5,38,46,SMD3,0,0.56
TADBP_HUMAN,Q96DJ0,TARDBP,TAR DNA-binding protein 43 ,9,18,9,36,bin_5,1857,1517,TARDBP,1,4.44
HMGA1_HUMAN,P17096,HMGA1,High mobility group protein HMG-I/HMG-Y,20,9,7,36,bin_5,1348,37,HMGA1,1,2.05
KAT6A_HUMAN,Q92794,KAT6A,Histone acetyltransferase KAT6A,14,13,9,36,bin_5,287,217,KAT6A,1,2.06
TENA_HUMAN,P24821,TNC,Tenascin,3,23,10,36,bin_5,3612,5347,TNSC,0,3.21
CCNA2_HUMAN,P20248,CCNA2,Cyclin-A2 ,3,23,10,36,bin_5,883,1511,CCNA2,1,1.08
ARL8B_HUMAN,Q9NVJ2,ARL8B,ADP-ribosylation factor-like protein 8B ,6,17,13,36,bin_5,77,12,ARL8B,1,4.31
GDF2_HUMAN,Q9UK05,GDF2,Growth/differentiation factor 2,3,30,3,36,bin_5,343,541,GDF2,1,0.92
IRAK3_HUMAN,Q9Y616,IRAK3,Interleukin-1 receptor-associated kinase 3,6,27,3,36,bin_5,309,1925,IRAK3,1,0.17
TMEDA_HUMAN,P49755,TMED10,Transmembrane emp24 domain-containing protein 10,3,15,18,36,bin_5,77,7,TMED10,1,2.22
HXA11_HUMAN,P31270,HOXA11,Homeobox protein Hox-A11,3,28,5,36,bin_5,501,18,HOXA11,1,3.32
VAMP7_HUMAN,P51809,VAMP7,Vesicle-associated membrane protein 7,2,12,22,36,bin_5,307,902,VAMP7,1,2.61
IRS2_HUMAN,Q9Y4H2,IRS2,Insulin receptor substrate 2,7,27,2,36,bin_5,2279,6818,IRS2,1,1.9
ROBO1_HUMAN,Q9Y6N7,ROBO1,Roundabout homolog 1,3,27,6,36,bin_5,689,155,ROBO1,1,4.25
PDC6I_HUMAN,Q8WUM4,PDCD6IP,Programmed cell death 6-interacting protein ,3,21,12,36,bin_5,300,36,PDCD6IP,1,0.72
RBM4_HUMAN,Q9BWF3,RBM4,RNA-binding protein 4,8,20,8,36,bin_5,95,60184,RBM4,1,0.87
VAMP8_HUMAN,Q9BV40,VAMP8,Vesicle-associated membrane protein 8 ,3,11,22,36,bin_5,338,849,VAMP8,1,1.32
ITB6_HUMAN,P18564,ITGB6,Integrin beta-6,4,22,10,36,bin_5,191,265,ITGB6,1,5.37
HSP72_HUMAN,P54652,HSPA2,Heat shock-related 70 kDa protein 2,11,13,12,36,bin_5,308,25,HSP70-2,0,0.27
ITPR3_HUMAN,Q14573,ITPR3,"Inositol 1,4,5-trisphosphate-gated calcium channel ITPR3 ",7,12,17,36,bin_5,249,0,ITPR3,1,1.81
RS6_HUMAN,P62753,RPS6,Small ribosomal subunit protein eS6 ,3,17,16,36,bin_5,938,8,RPS6,1,1.85
MTP_HUMAN,P55157,MTTP,Microsomal triglyceride transfer protein large subunit,12,15,9,36,bin_5,474,47,MTTP,1,2.29
CDK4_HUMAN,P11802,CDK4,Cyclin-dependent kinase 4,5,18,13,36,bin_5,11618,5774,CDK4,1,3.25
LATS1_HUMAN,O95835,LATS1,Serine/threonine-protein kinase LATS1,6,23,7,36,bin_5,1033,700,LATS1,1,1.9
FSCN1_HUMAN,Q16658,FSCN1,Fascin,5,15,16,36,bin_5,384,1144,FSCN1,1,2.64
BBS1_HUMAN,Q8NFJ9,BBS1,Bardet-Biedl syndrome 1 protein,4,25,7,36,bin_5,269,25,BBS1,1,2.29
FBW1B_HUMAN,Q9UKB1,FBXW11,F-box/WD repeat-containing protein 11,4,20,12,36,bin_5,80,120,FBXW11,1,2.1
UBE3A_HUMAN,Q9UEP9,UBE3A,Ubiquitin-protein ligase E3A,4,28,4,36,bin_5,1062,121,UBE3A,1,1.57
UHRF1_HUMAN,Q96T88,UHRF1,E3 ubiquitin-protein ligase UHRF1,13,15,8,36,bin_5,762,498,UHRF1,1,1.38
CSF2_HUMAN,P04141,CSF2,Granulocyte-macrophage colony-stimulating factor,3,28,5,36,bin_5,713,25486,CSF2,1,2.74
SRC8_HUMAN,Q14247,CTTN,Src substrate cortactin,2,16,18,36,bin_5,563,148,CTTN,1,0.23
RIQRATTVSQ,Q6AZD7,SETX,Probable helicase senataxin ,7,19,10,36,bin_5,284,6,SEN1,0,1.43
HGF_HUMAN,Q9UDU6,HGF,Hepatocyte growth factor beta chain,4,28,4,36,bin_5,12895,552,HGF,1,1.11
UD11_HUMAN,P22309,UGT1A1,UDP-glucuronosyltransferase 1A1 ,7,23,6,36,bin_5,3401,1742,UGT1A1,1,2.55
AMFR_HUMAN,Q9UKV5,AMFR,E3 ubiquitin-protein ligase AMFR,11,13,12,36,bin_5,340,222,AMFR,1,2.68
ZBT7A_HUMAN,O95365,ZBTB7A,Zinc finger and BTB domain-containing protein 7A ,12,20,4,36,bin_5,292,22,ZBTB7A,1,0.45
NDEL1_HUMAN,Q9GZM8,NDEL1,Nuclear distribution protein nudE-like 1,4,21,11,36,bin_5,224,9,NUDEL,0,3.15
VRFKAYPQIR,P36888,FLT3,Receptor-type tyrosine-protein kinase FLT3,9,22,5,36,bin_5,8476,60,FLT3,1,0.19
HDAC5_HUMAN,Q9UQL6,HDAC5,Histone deacetylase 5,11,18,7,36,bin_5,982,11539,HDAC5,1,2.15
NCKX4_HUMAN,Q8NFF2,SLC24A4,Sodium/potassium/calcium exchanger 4,5,25,6,36,bin_5,120,18,NCKX4,0,1.84
MLXPL_HUMAN,Q9Y2P3,MLXIPL,Carbohydrate-responsive element-binding protein,11,19,6,36,bin_5,521,215,CHREBP,0,0.52
ALS2_HUMAN,Q96Q42,ALS2,Alsin,6,16,14,36,bin_5,442,106,ALS2,1,2.62
S4A8_HUMAN,Q8N3U2,SLC4A8,Electroneutral sodium bicarbonate exchanger 1,8,10,18,36,bin_5,38,923,SLC4A4,0,4.38
LX15B_HUMAN,O15296,ALOX15B,Polyunsaturated fatty acid lipoxygenase ALOX15B ,7,21,8,36,bin_5,151,59,ALOX15B,1,0.25
CRHBP_HUMAN,P24387,CRHBP,Corticotropin-releasing factor-binding protein,2,22,12,36,bin_5,218,249,CRHBP,1,0.37
STX1B_HUMAN,P61266,STX1B,Syntaxin-1B,4,18,14,36,bin_5,142,1357,STX1B,1,0.94
RARB_HUMAN,P10826,RARB,Retinoic acid receptor beta,9,23,4,36,bin_5,421,1327,RARB,1,0.87
FPR2_HUMAN,P25090,FPR2,N-formyl peptide receptor 2,7,23,6,36,bin_5,1072,403,FPR2,1,0.53
TNR11_HUMAN,Q9Y6Q6,TNFRSF11A,Tumor necrosis factor receptor superfamily member 11A,5,27,4,36,bin_5,2104,4493,TNFRSF11A,1,0.34
STF1_HUMAN,Q13285,NR5A1,Steroidogenic factor 1,12,19,5,36,bin_5,991,1897,NR5A1,1,1.66
DDRGK_HUMAN,Q96HY6,DDRGK1,DDRGK domain-containing protein 1 ,3,29,4,36,bin_5,42,9,DRG1,0,0.97
BARD1_HUMAN,Q99728,BARD1,BRCA1-associated RING domain protein 1,6,19,11,36,bin_5,800,83,BRIP1,0,0.81
NOL3_HUMAN,O60936,NOL3,Nucleolar protein 3 ,7,23,6,36,bin_5,156,225774,NOL3,1,0.62
VATB1_HUMAN,P15313,ATP6V1B1,"V-type proton ATPase subunit B, kidney isoform",4,23,9,36,bin_5,164,3,ATP6V1B2,0,2.08
CRY1_HUMAN,Q16526,CRY1,Cryptochrome-1,9,24,3,36,bin_5,1997,341,CRY1,1,2.69
SCP2_HUMAN,Q16622,SCP2,Sterol carrier protein 2,12,15,9,36,bin_5,510,556,SCP2,1,4.02
DBNL_HUMAN,Q9HBN8,DBNL,Drebrin-like protein,6,7,23,36,bin_5,63,16,DPF2,0,1.24
GNAT2_HUMAN,P19087,GNAT2,Guanine nucleotide-binding protein G(t) subunit alpha-2,6,23,7,36,bin_5,158,3,GNA12,0,0.28
IF16_HUMAN,Q5T3X2,IFI16,Gamma-interferon-inducible protein 16 ,4,25,7,36,bin_5,625,20,IFI16,1,1.41
IFNB_HUMAN,P01574,IFNB1,Interferon beta ,4,30,2,36,bin_5,331,39091,IFNB1,1,2.2
V1AR_HUMAN,P37288,AVPR1A,Vasopressin V1a receptor,5,28,3,36,bin_5,328,8754,AVPR1A,1,3.44
TRPM2_HUMAN,O94759,TRPM2,Transient receptor potential cation channel subfamily M member 2,8,19,9,36,bin_5,4460,256,TRPM2,1,1.5
TRAF3_HUMAN,Q13114,TRAF3,TNF receptor-associated factor 3 ,9,18,9,36,bin_5,1141,731,TRAF3,1,3.1
RENT1_HUMAN,Q92900,UPF1,Regulator of nonsense transcripts 1 ,10,16,10,36,bin_5,762,827,NNT,0,3.05
PEX5_HUMAN,P50542,PEX5,Peroxisomal targeting signal 1 receptor ,6,21,9,36,bin_5,407,214,PEX5R,0,4.4
CNOT7_HUMAN,Q9UIV1,CNOT7,CCR4-NOT transcription complex subunit 7,7,21,8,36,bin_5,119,27,CNOT7,1,3.32
PK2L1_HUMAN,Q9P0L9,PKD2L1,Polycystin-2-like protein 1,12,12,12,36,bin_5,155,1,PKD2L1,1,0.33
EOMES_HUMAN,O95936,EOMES,Eomesodermin homolog,7,26,3,36,bin_5,1073,14,EOMES,1,2.26
CI072_HUMAN,Q96LT7,C9orf72,Guanine nucleotide exchange factor C9orf72 ,2,15,19,36,bin_5,2785,2198,C9orf72,1,0.23
WWTR1_HUMAN,Q9GZV5,WWTR1,WW domain-containing transcription regulator protein 1,4,25,7,36,bin_5,937,945,WWTR1,1,1.11
TOPB1_HUMAN,Q92547,TOPBP1,DNA topoisomerase 2-binding protein 1 ,5,16,15,36,bin_5,487,16,TOPBP1,1,4.41
TPM1_HUMAN,Q7Z6L8,TPM1,Tropomyosin alpha-1 chain,8,20,8,36,bin_5,655,46,TPM1,1,3.3
RGAP1_HUMAN,Q9H0H5,RACGAP1,Rac GTPase-activating protein 1,9,13,14,36,bin_5,202,466,RACGAP1,1,2.32
PO5F1_HUMAN,Q5STF4,POU5F1,"POU domain, class 5, transcription factor 1",12,18,6,36,bin_5,3946,4643,POU5F1,1,1.57
PITX2_HUMAN,Q99697,PITX2,Pituitary homeobox 2 ,12,19,5,36,bin_5,1241,206,PTHLH,0,3.24
DNJB2_HUMAN,P25686,DNAJB2,DnaJ homolog subfamily B member 2 ,11,17,9,37,bin_5,54,30,DNAJB2,1,2.96
PDIA1_HUMAN,P07237,P4HB,Protein disulfide-isomerase,9,14,14,37,bin_5,402,5031,PDIA4,0,0.26
SP3_HUMAN,Q02447,SP3,Transcription factor Sp3,8,22,7,37,bin_5,5483,1287,SP3,1,2.02
GDN_HUMAN,P07093,SERPINE2,Glia-derived nexin,4,26,7,37,bin_5,504,57,SERPINE1,0,3.39
MYOC_HUMAN,Q99972,MYOC,"Myocilin, C-terminal fragment",5,20,12,37,bin_5,518,8,MYOC,1,2.31
TNR1A_HUMAN,P19438,TNFRSF1A,Tumor necrosis factor-binding protein 1,2,26,9,37,bin_5,1449,612,TNFAIP1,0,4.8
COR1C_HUMAN,Q9ULV4,CORO1C,Coronin-1C,2,24,11,37,bin_5,68,46,CORO1C,1,2.1
NLRP1_HUMAN,Q9Y2E0,NLRP1,"NACHT, LRR and PYD domains-containing protein 1, N-terminus ",12,18,7,37,bin_5,952,1,NLRP1,1,3.32
INHBB_HUMAN,P09529,INHBB,Inhibin beta B chain,5,28,4,37,bin_5,269,0,INHBB,1,3.23
IL8_HUMAN,Q9UCS0,CXCL8,IL-8(9-77),4,31,2,37,bin_5,7608,7,CXCL8,1,0.58
ACTN3_HUMAN,Q08043,ACTN3,Alpha-actinin-3,6,21,10,37,bin_5,472,241,ACTN3,1,5.64
ACTN1_HUMAN,P12814,ACTN1,Alpha-actinin-1,9,9,19,37,bin_5,230,161,ACTN1,1,2.56
BMP5_HUMAN,P22003,BMP5,Bone morphogenetic protein 5,3,32,2,37,bin_5,341,140,BMP5,1,3.88
WASP_HUMAN,P42768,WAS,Actin nucleation-promoting factor WAS ,7,20,10,37,bin_5,0,267,WASF1,0,0.67
DRA_HUMAN,P01903,HLA-DRA,"HLA class II histocompatibility antigen, DR alpha chain",5,15,17,37,bin_5,1264,1007,HLA-DRA,1,0.25
IL12A_HUMAN,P29459,IL12A,Interleukin-12 subunit alpha,6,26,5,37,bin_5,706,991,IL12A,1,1.82
MRP4_HUMAN,O15439,ABCC4,ATP-binding cassette sub-family C member 4,16,13,8,37,bin_5,885,151,ABCC4,1,1.48
RENR_HUMAN,Q9UG89,ATP6AP2,Renin receptor C-terminal fragment ,1,17,19,37,bin_5,306,15,RENR,0,0.5
ILK_HUMAN,Q13418,ILK,Integrin-linked protein kinase ,4,27,6,37,bin_5,2033,1428,ILK,1,0.88
TFE2_HUMAN,P15923,TCF3,Transcription factor E2-alpha,15,14,8,37,bin_5,1032,9769,NR3C1,0,0.28
MET_HUMAN,P08581,MET,Hepatocyte growth factor receptor,7,23,7,37,bin_5,300460,10383,MET,1,0.26
FPPYVLRPDD,Q9UPY3,DICER1,Endoribonuclease Dicer,12,18,7,37,bin_5,2147,2177,DICER1,1,1.81
NLGN3_HUMAN,Q9NZ97,NLGN3,Neuroligin-3,4,22,11,37,bin_5,152,244,NLGN3,1,0.32
BASI_HUMAN,P35613,BSG,Basigin ,4,18,15,37,bin_5,2416,1917,BSG,1,3.62
SCF_HUMAN,P21583,KITLG,Soluble KIT ligand,3,27,7,37,bin_5,355,2833,KITLG,1,0.3
CSK21_HUMAN,P68400,CSNK2A1,Casein kinase II subunit alpha,6,24,7,37,bin_5,285,676,CSNK2A1,1,0.39
MALT1_HUMAN,Q9UDY8,MALT1,Mucosa-associated lymphoid tissue lymphoma translocation protein 1 ,7,22,8,37,bin_5,1023,540,MALT1,1,1.76
LEUK_HUMAN,P16150,SPN,CD43 cytoplasmic tail ,3,24,10,37,bin_5,3490,16,ITGAX,0,1.66
PLK3_HUMAN,Q9H4B4,PLK3,Serine/threonine-protein kinase PLK3,4,23,10,37,bin_5,272,197,PLK3,1,0.93
LAMP2_HUMAN,P13473,LAMP2,Lysosome-associated membrane glycoprotein 2 ,4,17,16,37,bin_5,1550,5010,LAMP2,1,1.85
FZD1_HUMAN,Q9UP38,FZD1,Frizzled-1,6,27,4,37,bin_5,285,119,FZD1,1,1.74
MAP1S_HUMAN,Q96SP8,MAP1S,MAP1S light chain,7,14,16,37,bin_5,63,11,MAP1S,1,0.19
MAPK2_HUMAN,P49137,MAPKAPK2,MAP kinase-activated protein kinase 2,8,23,6,37,bin_5,997,829,MAPKAPK2,1,0.63
OAS1_HUMAN,Q16701,OAS1,2'-5'-oligoadenylate synthase 1,4,24,9,37,bin_5,769,61,OAS1,1,1.51
NFAC4_HUMAN,Q96H68,NFATC4,"Nuclear factor of activated T-cells, cytoplasmic 4",6,26,5,37,bin_5,289,649,NFATC4,1,2.56
PARP9_HUMAN,Q8IXQ6,PARP9,Protein mono-ADP-ribosyltransferase PARP9 ,11,18,8,37,bin_5,121,55,PARP9,1,0.28
FGF13_HUMAN,Q92913,FGF13,Fibroblast growth factor 13 ,5,19,13,37,bin_5,234,138,FGF13,1,1.23
KGP1_HUMAN,Q13976,PRKG1,cGMP-dependent protein kinase 1,8,22,7,37,bin_5,325,3245,PRKGI,0,1.83
OSR2_HUMAN,Q8N2R0,OSR2,Protein odd-skipped-related 2 ,6,30,1,37,bin_5,115,41,ODS2,0,0.99
CAC1C_HUMAN,Q99025,CACNA1C,Voltage-dependent L-type calcium channel subunit alpha-1C,7,20,10,37,bin_5,1188,151,CACNA1C,1,1.23
CD28_HUMAN,Q9BYV0,CD28,T-cell-specific surface glycoprotein CD28,3,28,6,37,bin_5,13641,8602,CD28,1,0.46
NED4L_HUMAN,Q9H2W4,NEDD4L,E3 ubiquitin-protein ligase NEDD4-like,7,24,6,37,bin_5,746,75,NEDD4L,1,0.97
MDR1_HUMAN,P08183,ABCB1,ATP-dependent translocase ABCB1 ,13,17,7,37,bin_5,7706,16694,ABCB1,1,1.13
KC1D_HUMAN,P48730,CSNK1D,Casein kinase I isoform delta,6,20,11,37,bin_5,82,64,CSNK1D,1,0.4
MEF2A_HUMAN,Q02078,MEF2A,Myocyte-specific enhancer factor 2A,14,18,5,37,bin_5,672,2266,MEF2A,1,2.77
AMRA1_HUMAN,Q9C0C7,AMBRA1,Activating molecule in BECN1-regulated autophagy protein 1 ,4,19,14,37,bin_5,268,3,AMBRA1,1,1.92
SPTB2_HUMAN,Q01082,SPTBN1,"Spectrin beta chain, non-erythrocytic 1",9,13,15,37,bin_5,169,16,SPTBN1,1,0.55
E2AK4_HUMAN,Q9P2K8,EIF2AK4,eIF-2-alpha kinase GCN2 ,5,28,4,37,bin_5,445,329,GCN2,0,3.75
KCNA2_HUMAN,P16389,KCNA2,Potassium voltage-gated channel subfamily A member 2,7,13,17,37,bin_5,268,317,KCNH2,0,2.35
MTA70_HUMAN,Q86U44,METTL3,N6-adenosine-methyltransferase catalytic subunit ,6,24,7,37,bin_5,2329,16,METTL14,0,3.21
CLD1_HUMAN,O95832,CLDN1,Claudin-1,3,26,8,37,bin_5,1372,4119,CLDN1,1,3.23
CNGB1_HUMAN,Q14028,CNGB1,Cyclic nucleotide-gated channel beta-1,8,20,9,37,bin_5,134,33,CNGB1,1,0.68
HYAL1_HUMAN,Q8NFK9,HYAL1,Hyaluronidase-1,3,27,7,37,bin_5,330,152,HYAL1,1,4.77
DYL1_HUMAN,P63167,DYNLL1,"Dynein light chain 1, cytoplasmic",8,10,19,37,bin_5,173,1676,DYNLL1,1,1.97
TYK2_HUMAN,P29597,TYK2,Non-receptor tyrosine-protein kinase TYK2,5,21,11,37,bin_5,1637,1222,TYK2,1,1.44
IBP5_HUMAN,P24593,IGFBP5,Insulin-like growth factor-binding protein 5,3,29,5,37,bin_5,1478,983,IGFBP5,1,3.14
PRGR_HUMAN,P06401,PGR,Progesterone receptor,15,18,4,37,bin_5,4835,46407,PGR,1,0.78
IDE_HUMAN,P14735,IDE,Insulin-degrading enzyme ,9,18,10,37,bin_5,12823,1490,IDE,1,2.04
EHMT2_HUMAN,Q96QD0,EHMT2,Histone-lysine N-methyltransferase EHMT2,12,21,4,37,bin_5,564,432,EHMT2,1,2.13
HHEX_HUMAN,Q03014,HHEX,Hematopoietically-expressed homeobox protein HHEX,11,21,5,37,bin_5,519,58,HHEX,1,1.17
CLD3_HUMAN,O15551,CLDN3,Claudin-3,3,26,8,37,bin_5,513,1134,CLDN3,1,1.49
GRHL2_HUMAN,Q6ISB3,GRHL2,Grainyhead-like protein 2 homolog,10,22,5,37,bin_5,256,11,TFCP2L1,0,2.08
DTX3L_HUMAN,Q8TDB6,DTX3L,E3 ubiquitin-protein ligase DTX3L,10,19,8,37,bin_5,71,46,DTX3L,1,0.34
RASK_HUMAN,P01116,KRAS,"GTPase KRas, N-terminally processed",7,22,9,38,bin_5,28029,3,KRAS,1,0.61
AK1C1_HUMAN,Q04828,AKR1C1,Aldo-keto reductase family 1 member C1 ,20,16,2,38,bin_5,374,47,AKR1C1,1,0.5
VGFR3_HUMAN,P35916,FLT4,Vascular endothelial growth factor receptor 3,6,27,5,38,bin_5,749,1802,FLT4,1,2.36
KCNH2_HUMAN,Q9H3P0,KCNH2,Potassium voltage-gated channel subfamily H member 2,11,24,3,38,bin_5,2106,2144,KCNH2,1,1.44
ARHG2_HUMAN,Q92974,ARHGEF2,Rho guanine nucleotide exchange factor 2,4,22,12,38,bin_5,185,1228,ARHGEF2,1,2.13
QEQDLEKVVS,P21817,RYR1,Ryanodine receptor 1 ,8,15,15,38,bin_5,8234,7816,RYR1,1,0.72
TAF10_HUMAN,Q12962,TAF10,Transcription initiation factor TFIID subunit 10,7,22,9,38,bin_5,75,22,TAF10,1,0.27
BAP1_HUMAN,Q92560,BAP1,Ubiquitin carboxyl-terminal hydrolase BAP1 ,5,28,5,38,bin_5,2052,876,BAP1,1,1.37
ANO6_HUMAN,Q4KMQ2,ANO6,Anoctamin-6 ,8,22,8,38,bin_5,167,61,ANO6,1,0.8
WNK4_HUMAN,Q96J92,WNK4,Serine/threonine-protein kinase WNK4 ,6,26,6,38,bin_5,465,380,WNK4,1,0.29
ZO1_HUMAN,Q07157,TJP1,Tight junction protein ZO-1,3,21,14,38,bin_5,2657,4755,TJP1,1,4.12
CHK2_HUMAN,Q9UGF1,CHEK2,Serine/threonine-protein kinase Chk2 ,8,25,5,38,bin_5,2688,2798,CHEK2,1,4.74
PA21B_HUMAN,P04054,PLA2G1B,Phospholipase A2,6,29,3,38,bin_5,105,25918,PLA2G4A,0,1.35
ATX3_HUMAN,Q96TC4,ATXN3,Ataxin-3,6,20,12,38,bin_5,867,966,ATXN3,1,1.12
LDB1_HUMAN,Q86U70,LDB1,LIM domain-binding protein 1,8,23,7,38,bin_5,290,128,LDB1,1,0.4
PAI1_HUMAN,P05121,SERPINE1,Plasminogen activator inhibitor 1,3,27,8,38,bin_5,2470,13517,SERPINE1,1,1.68
CNTP2_HUMAN,Q9UHC6,CNTNAP2,Contactin-associated protein-like 2,3,21,14,38,bin_5,609,290,CNTAP2,0,1.76
DSRAD_HUMAN,P55265,ADAR,Double-stranded RNA-specific adenosine deaminase,6,25,7,38,bin_5,2178,81,DSRAD,0,0.22
PKN2_HUMAN,Q16513,PKN2,Serine/threonine-protein kinase N2,11,13,14,38,bin_5,98,1397,N2L,0,0.32
PKN1_HUMAN,Q16512,PKN1,Serine/threonine-protein kinase N1,13,17,8,38,bin_5,126,785,N1IK,0,0.4
PK3C3_HUMAN,Q8NEB9,PIK3C3,Phosphatidylinositol 3-kinase catalytic subunit type 3,5,18,15,38,bin_5,339,1065,PIK3C3,1,0.33
AT2A1_HUMAN,O14983,ATP2A1,Sarcoplasmic/endoplasmic reticulum calcium ATPase 1 ,6,21,11,38,bin_5,280,7546,ATP2A1,1,0.28
TOPRS_HUMAN,Q9NS56,TOPORS,E3 ubiquitin-protein ligase Topors,7,20,11,38,bin_5,84,59,TOPORS,1,1.31
TOP2A_HUMAN,P11388,TOP2A,DNA topoisomerase 2-alpha,12,16,10,38,bin_5,1476,71,TOP2A,1,2.44
APOC3_HUMAN,P02656,APOC3,Apolipoprotein C-III,5,24,9,38,bin_5,848,2192,APOC3,1,4.46
TNKS1_HUMAN,O95271,TNKS,Poly [ADP-ribose] polymerase tankyrase-1 ,5,21,12,38,bin_5,367,87,TNKS1,0,3.73
TLR7_HUMAN,Q9NYK1,TLR7,Toll-like receptor 7 ,4,23,11,38,bin_5,5139,3288,TLR7,1,0.31
PP1A_HUMAN,P62136,PPP1CA,Serine/threonine-protein phosphatase PP1-alpha catalytic subunit,8,16,14,38,bin_5,110,4,PPP1CA,1,3.26
TIF1B_HUMAN,Q13263,TRIM28,Transcription intermediary factor 1-beta ,14,18,6,38,bin_5,704,15,TIF1B,0,0.27
DVL2_HUMAN,O14641,DVL2,Segment polarity protein dishevelled homolog DVL-2,6,22,10,38,bin_5,488,1,DVL2,1,1.23
TERF1_HUMAN,P54274,TERF1,Telomeric repeat-binding factor 1,9,19,10,38,bin_5,148,481,TRF1,0,2.37
LYOX_HUMAN,P28300,LOX,"Protein-lysine 6-oxidase, short form ",5,29,4,38,bin_5,10199,2,PXDN,0,1.44
XIAP_HUMAN,P98170,XIAP,E3 ubiquitin-protein ligase XIAP,8,26,4,38,bin_5,4496,2469,BIRC4,0,0.34
PLPP3_HUMAN,O14495,PLPP3,Phospholipid phosphatase 3 ,4,23,11,38,bin_5,67,3186,PPM1B,0,0.74
NCBP1_HUMAN,Q09161,NCBP1,Nuclear cap-binding protein subunit 1,5,26,7,38,bin_5,33,91,NCBP1,1,0.29
SNAI1_HUMAN,O95863,SNAI1,Zinc finger protein SNAI1,7,24,7,38,bin_5,2563,340,SNAI1,1,3.02
NEMO_HUMAN,Q9Y6K9,IKBKG,NF-kappa-B essential modulator ,11,18,9,38,bin_5,640,1111,NEMO,0,1.9
CD44_HUMAN,Q96J24,CD44,CD44 antigen,3,22,13,38,bin_5,23325,12689,CD44,1,1.57
SORCN_HUMAN,P30626,SRI,Sorcin,8,20,10,38,bin_5,42263,219,SRC,0,3.7
AMOT_HUMAN,Q4VCS5,AMOT,Angiomotin,2,21,15,38,bin_5,226,262,AMOT,1,0.94
FGF7_HUMAN,P21781,FGF7,Fibroblast growth factor 7,4,30,4,38,bin_5,1507,1709,FGF7,1,1.02
HEXB_HUMAN,P07686,HEXB,Beta-hexosaminidase subunit beta chain A,4,24,10,38,bin_5,379,0,HEXB,1,6.93
MYOG_HUMAN,P15173,MYOG,Myogenin,11,22,5,38,bin_5,1608,3837,MYOG,1,0.74
SHAN1_HUMAN,Q9Y566,SHANK1,SH3 and multiple ankyrin repeat domains protein 1,9,18,11,38,bin_5,203,51,SH3DHC1,0,1.49
CSTN3_HUMAN,Q9BQT9,CLSTN3,Calsyntenin-3 ,4,23,11,38,bin_5,39,20,CLSTN3,1,2.0
RAB14_HUMAN,P61106,RAB14,Ras-related protein Rab-14 ,4,13,21,38,bin_5,211,5,RAB14,1,2.59
NLGNX_HUMAN,Q8N0W4,NLGN4X,"Neuroligin-4, X-linked",6,19,13,38,bin_5,111,21,NLGN4X,1,3.17
PTAFR_HUMAN,P25105,PTAFR,Platelet-activating factor receptor,7,27,4,38,bin_5,70,1787,PAFR,0,4.08
AKT2_HUMAN,P31751,AKT2,RAC-beta serine/threonine-protein kinase,5,25,8,38,bin_5,2241,12,AKT1,0,3.64
BMR1B_HUMAN,O00238,BMPR1B,Bone morphogenetic protein receptor type-1B,9,24,5,38,bin_5,558,37,BMPR1B,1,0.37
MAGI2_HUMAN,Q86UL8,MAGI2,"Membrane-associated guanylate kinase, WW and PDZ domain-containing protein 2",5,16,17,38,bin_5,304,19,MAGI2,1,0.49
MTAP2_HUMAN,P11137,MAP2,Microtubule-associated protein 2,5,13,20,38,bin_5,4705,67565,MAP2,1,1.07
MCLN1_HUMAN,Q9GZU1,MCOLN1,Mucolipin-1 ,11,13,14,38,bin_5,362,207,MCOLN1,1,0.46
CASP9_HUMAN,Q9UIJ8,CASP9,Caspase-9 subunit p10,8,24,7,39,bin_5,4182,11,CASP9,1,0.29
LGMN_HUMAN,Q99538,LGMN,Legumain ,4,26,9,39,bin_5,112,687,LGMN,1,0.67
FIBG_HUMAN,Q9UCF3,FGG,Fibrinogen gamma chain,6,21,12,39,bin_5,1851,481,FGG,1,3.35
QKI_HUMAN,Q9P0X7,QKI,KH domain-containing RNA-binding protein QKI ,8,27,4,39,bin_5,424,11,QK1,0,1.26
MARK2_HUMAN,Q7KZI7,MARK2,Serine/threonine-protein kinase MARK2,10,21,8,39,bin_5,310,154,MARK2,1,1.46
HAND1_HUMAN,O96004,HAND1,Heart- and neural crest derivatives-expressed protein 1,11,22,6,39,bin_5,344,52,HAND1,1,0.23
FRDA_HUMAN,Q16595,FXN,Extramitochondrial frataxin ,5,28,6,39,bin_5,558,14,FXN,1,2.35
LRP4_HUMAN,O75096,LRP4,Low-density lipoprotein receptor-related protein 4,6,25,8,39,bin_5,477,1599,LRP4,1,1.61
ERRFI_HUMAN,Q9UJM3,ERRFI1,ERBB receptor feedback inhibitor 1,2,33,4,39,bin_5,230,163,ERBB4,0,0.81
CBS_HUMAN,P35520,CBS,Cystathionine beta-synthase ,14,22,3,39,bin_5,14536,3178,CBS,1,0.3
LSHR_HUMAN,P22888,LHCGR,Lutropin-choriogonadotropic hormone receptor,7,27,5,39,bin_5,802,2,LHCGR,1,2.25
M3K20_HUMAN,Q9NYE9,MAP3K20,Mitogen-activated protein kinase kinase kinase 20 ,11,25,3,39,bin_5,72,9751,MAP3K20,1,2.58
PHLD_HUMAN,Q9H167,GPLD1,Phosphatidylinositol-glycan-specific phospholipase D,3,29,7,39,bin_5,54,10,PGAP3,0,0.31
IF4A3_HUMAN,P38919,EIF4A3,"Eukaryotic initiation factor 4A-III, N-terminally processed",9,16,14,39,bin_5,304,0,EIF4A3,1,2.6
EYA1_HUMAN,Q99502,EYA1,Eyes absent homolog 1,5,29,5,39,bin_5,469,79,EYA1,1,0.56
NTR1_HUMAN,P30989,NTSR1,Neurotensin receptor type 1,4,25,10,39,bin_5,250,575,NTSR1,1,0.43
PKHD1_HUMAN,P08F94,PKHD1,Fibrocystin ,1,24,14,39,bin_5,1604,139,NPHS2,0,1.47
EMIL1_HUMAN,Q9Y6C2,EMILIN1,EMILIN-1,4,32,3,39,bin_5,130,170,EXTL3,0,0.39
PLCG1_HUMAN,P19174,PLCG1,"1-phosphatidylinositol 4,5-bisphosphate phosphodiesterase gamma-1 ",9,19,11,39,bin_5,354,266,INPPG,0,2.28
FZD9_HUMAN,O00144,FZD9,Frizzled-9,5,23,11,39,bin_5,129,44,FZD9,1,1.87
NOX4_HUMAN,Q86V92,NOX4,NADPH oxidase 4,11,17,11,39,bin_5,4058,2376,NOX4,1,0.31
ASM_HUMAN,P17405,SMPD1,"Sphingomyelin phosphodiesterase, processed form ",5,25,9,39,bin_5,329,44,SMPD1,1,0.62
IL15_HUMAN,P40933,IL15,Interleukin-15,2,29,8,39,bin_5,8044,4552,IL15,1,1.61
CD34_HUMAN,P28906,CD34,Hematopoietic progenitor cell antigen CD34,3,26,10,39,bin_5,41888,10422,CD34,1,0.46
PPBT_HUMAN,Q5VTG5,ALPL,"Alkaline phosphatase, tissue-nonspecific isozyme ",9,22,8,39,bin_5,1179,107,ALPL,1,0.49
IL23A_HUMAN,Q9NPF7,IL23A,Interleukin-23 subunit alpha,2,34,3,39,bin_5,757,663,IL23A,1,1.77
G3P_HUMAN,P04406,GAPDH,Glyceraldehyde-3-phosphate dehydrogenase ,8,17,14,39,bin_5,9034,12729,GAPDH,1,1.28
NLRP6_HUMAN,P59044,NLRP6,"NACHT, LRR and PYD domains-containing protein 6 ",9,23,7,39,bin_5,293,52,NLRP6,1,2.15
RAP1A_HUMAN,P62834,RAP1A,Ras-related protein Rap-1A,7,16,16,39,bin_5,580,12,RAP1A,1,0.69
SYT7_HUMAN,O43581,SYT7,Synaptotagmin-7 ,8,15,16,39,bin_5,175,2219,SYT7,1,2.87
CP4F2_HUMAN,P78329,CYP4F2,Cytochrome P450 4F2 ,14,21,4,39,bin_5,574,100,CYP4F2,1,2.47
ABCB6_HUMAN,Q9NP58,ABCB6,ATP-binding cassette sub-family B member 6 ,7,13,19,39,bin_5,188,186,ABCB6,1,2.69
CP1A2_HUMAN,P05177,CYP1A2,Cytochrome P450 1A2 ,13,24,2,39,bin_5,7418,7219,CYP1A2,1,0.8
THY1_HUMAN,P04216,THY1,Thy-1 membrane glycoprotein,3,22,14,39,bin_5,6348,3836,THY1,1,0.27
TYOBP_HUMAN,O43914,TYROBP,TYRO protein tyrosine kinase-binding protein ,5,30,4,39,bin_5,673,26,TYROBP,1,0.44
TSC2_HUMAN,Q8TAZ1,TSC2,Tuberin ,5,24,10,39,bin_5,3448,2108,TSC2,1,1.82
ABCBB_HUMAN,O95342,ABCB11,Bile salt export pump ,7,23,9,39,bin_5,976,1204,ABCB11,1,0.43
ABCAC_HUMAN,Q86UK0,ABCA12,Glucosylceramide transporter ABCA12 ,9,21,9,39,bin_5,242,16,ABCA12,1,0.27
RC3H1_HUMAN,Q5TC82,RC3H1,Roquin-1 ,10,28,1,39,bin_5,94,37,RQUIN1,0,0.7
CIKS_HUMAN,Q9NS14,TRAF3IP2,E3 ubiquitin ligase TRAF3IP2 ,2,33,4,39,bin_5,271,15,TRAF3IP2,1,3.78
CTNS_HUMAN,O60931,CTNS,Cystinosin ,2,29,8,39,bin_5,2064,211,CYSR2,0,1.84
S38A2_HUMAN,Q96QD8,SLC38A2,Sodium-coupled neutral amino acid symporter 2 ,8,24,7,39,bin_5,273,18,SLC6A19,0,2.76
AIF1_HUMAN,P55008,AIF1,Allograft inflammatory factor 1,2,27,10,39,bin_5,2079,1695,AIF1,1,0.26
SMRC1_HUMAN,Q92922,SMARCC1,SWI/SNF complex subunit SMARCC1 ,3,21,15,39,bin_5,168,51,SMARCC1,1,1.37
AVR2A_HUMAN,P27037,ACVR2A,Activin receptor type-2A ,11,23,6,40,bin_5,199,28,ACVR2A,1,0.55
JAK1_HUMAN,P23458,JAK1,Tyrosine-protein kinase JAK1,8,23,9,40,bin_5,5204,3149,JAK1,1,1.71
EPHB1_HUMAN,P54762,EPHB1,Ephrin type-B receptor 1,4,25,11,40,bin_5,283,47,Ephb1,0,0.73
SIX4_HUMAN,Q9UIU6,SIX4,Homeobox protein SIX4,4,32,4,40,bin_5,200,110,SIX4,1,3.17
FIBA_HUMAN,P02671,FGA,Fibrinogen alpha chain,5,21,14,40,bin_5,1930,2170,FGA,1,0.67
CD81_HUMAN,P60033,CD81,CD81 antigen,6,25,9,40,bin_5,2420,1093,CD81,1,0.29
KMT2A_HUMAN,Q9UD94,KMT2A,MLL cleavage product C180,11,24,5,40,bin_5,2622,0,MLL,0,0.53
SYT4_HUMAN,Q9H2B2,SYT4,Synaptotagmin-4,5,20,15,40,bin_5,103,2198,SYT4,1,1.2
ARRB1_HUMAN,P49407,ARRB1,Beta-arrestin-1,8,19,13,40,bin_5,460,774,ARRB1,1,2.98
TOR1A_HUMAN,O14656,TOR1A,Torsin-1A,8,18,14,40,bin_5,630,14,TORS1,0,2.46
PRDM1_HUMAN,O75626,PRDM1,PR domain zinc finger protein 1,8,28,4,40,bin_5,1217,225,PRDM1,1,1.64
NGN1_HUMAN,Q92886,NEUROG1,Neurogenin-1,7,30,3,40,bin_5,416,118,NEUROG1,1,2.02
LMNA_HUMAN,Q5TCJ3,LMNA,Lamin-A/C,4,24,12,40,bin_5,2313,3410,LMNA,1,0.38
STX3_HUMAN,Q13277,STX3,Syntaxin-3,3,13,24,40,bin_5,102,3081,STS1,0,0.24
CHMP6_HUMAN,Q96FZ7,CHMP6,Charged multivesicular body protein 6,1,24,15,40,bin_5,44,35,CHMP6,1,0.47
DOPO_HUMAN,P09172,DBH,Soluble dopamine beta-hydroxylase,4,23,13,40,bin_5,3387,159,DBH,1,3.01
SP100_HUMAN,Q96F70,SP100,Nuclear autoantigen Sp-100,9,23,8,40,bin_5,516,9,SFPQ,0,2.61
CHMP7_HUMAN,Q8WUX9,CHMP7,Charged multivesicular body protein 7,0,24,16,40,bin_5,53,33,CHMP7,1,1.32
FKB1A_HUMAN,P62942,FKBP1A,Peptidyl-prolyl cis-trans isomerase FKBP1A,10,21,9,40,bin_5,109,51,FKBP1A,1,2.37
TYRO3_HUMAN,Q06418,TYRO3,Tyrosine-protein kinase receptor TYRO3,5,29,6,40,bin_5,721,544,TYRO3,1,4.58
IGF2_HUMAN,Q9UC69,IGF2,Preptin,8,29,3,40,bin_5,5331,65,PTPNR3B,0,0.63
TRI27_HUMAN,P14373,TRIM27,Zinc finger protein RFP,9,20,11,40,bin_5,256,40,RFP,0,2.93
DRD3_HUMAN,P35462,DRD3,D(3) dopamine receptor ,2,36,2,40,bin_5,1723,1239,DRD3,1,0.24
ENPL_HUMAN,P14625,HSP90B1,Endoplasmin,8,13,19,40,bin_5,240,549,HSP90B1,1,2.34
RGS14_HUMAN,O43566,RGS14,Regulator of G-protein signaling 14,8,19,13,40,bin_5,149,3179,RGS14,1,1.63
S27A1_HUMAN,Q6PCB7,SLC27A1,Long-chain fatty acid transport protein 1 ,12,23,5,40,bin_5,194,787,SLC27A1,1,2.57
SSFRYFQSVD,Q8WXG9,ADGRV1,ADGRV1 subunit beta ,5,22,13,40,bin_5,134,4,ADGRV1,1,0.66
PKP2_HUMAN,Q99959,PKP2,Plakophilin-2 ,8,19,13,40,bin_5,467,637,PKP2,1,0.23
AT1B2_HUMAN,P14415,ATP1B2,Sodium/potassium-transporting ATPase subunit beta-2,4,22,14,40,bin_5,92,0,ATP1B2,1,0.47
INO80_HUMAN,Q9ULG1,INO80,Chromatin-remodeling ATPase INO80 ,8,25,7,40,bin_5,439,172,INO80,1,0.35
HEY1_HUMAN,Q9Y5J3,HEY1,Hairy/enhancer-of-split related with YRPW motif protein 1,8,28,4,40,bin_5,767,43,HEY1,1,0.3
S22A3_HUMAN,O75751,SLC22A3,Solute carrier family 22 member 3 ,7,24,9,40,bin_5,222,750,SLC22A3,1,0.51
FOSL1_HUMAN,P15407,FOSL1,Fos-related antigen 1,6,29,5,40,bin_5,443,591,FOSL1,1,1.92
IL17_HUMAN,Q16552,IL17A,Interleukin-17A,3,34,3,40,bin_5,12570,21655,IL17A,1,0.27
TRFE_HUMAN,P02787,TF,Serotransferrin ,4,14,22,40,bin_5,35815,40082,TF,1,0.21
GRN_HUMAN,Q9BWE7,GRN,Granulin-7,4,23,13,40,bin_5,3439,333,GRN7,0,1.67
NLS1_HUMAN,Q8NA29,MFSD2A,Sodium-dependent lysophosphatidylcholine symporter 1 ,6,31,3,40,bin_5,184,7,SLC1A4,0,2.38
PP1G_HUMAN,P36873,PPP1CC,Serine/threonine-protein phosphatase PP1-gamma catalytic subunit,11,13,16,40,bin_5,100,5,PPP1CB,0,0.45
WNT3_HUMAN,P56703,WNT3,Proto-oncogene Wnt-3,4,27,9,40,bin_5,1171,23,WNT3,1,0.91
SYNE1_HUMAN,Q9NU50,SYNE1,Nesprin-1 ,9,14,17,40,bin_5,358,114,SYNE1,1,1.41
DIAP3_HUMAN,Q5JTP8,DIAPH3,Protein diaphanous homolog 3,5,23,12,40,bin_5,101,24,DIAPH3,1,0.31
ARC_HUMAN,Q7LC44,ARC,Activity-regulated cytoskeleton-associated protein ,2,21,17,40,bin_5,59776,377,ACTR3B,0,0.27
ASPH_HUMAN,Q6NXR7,ASPH,Aspartyl/asparaginyl beta-hydroxylase,6,26,8,40,bin_5,397,103,H6F1,0,2.27
CD14_HUMAN,P08571,CD14,"Monocyte differentiation antigen CD14, membrane-bound form",5,25,10,40,bin_5,30470,17,CD14,1,0.34
ANM5_HUMAN,Q9UKH1,PRMT5,"Protein arginine N-methyltransferase 5, N-terminally processed",14,18,8,40,bin_5,1052,0,PRMT5,1,0.69
CAP7_HUMAN,P20160,AZU1,Azurocidin ,5,27,8,40,bin_5,349,382,AZU1,1,1.3
RAD50_HUMAN,Q92878,RAD50,DNA repair protein RAD50,10,22,9,41,bin_5,2054,1454,RAD50,1,0.29
GRIK2_HUMAN,Q96KS6,GRIK2,"Glutamate receptor ionotropic, kainate 2",11,20,10,41,bin_5,177,1067,GRIK2,1,0.34
PLMN_HUMAN,P00747,PLG,Plasmin light chain B,11,19,11,41,bin_5,2139,0,PLAU,0,3.16
NR4A1_HUMAN,P22736,NR4A1,Nuclear receptor subfamily 4immunitygroup A member 1,11,22,8,41,bin_5,1705,7211,NR4A1,1,0.64
TAOK2_HUMAN,Q9UL54,TAOK2,Serine/threonine-protein kinase TAO2,9,20,12,41,bin_5,72,17,TAOK2,1,0.96
PNPT1_HUMAN,Q8TCS8,PNPT1,"Polyribonucleotide nucleotidyltransferase 1, mitochondrial ",7,26,8,41,bin_5,90,33,PNT1M,0,1.0
IKBZ_HUMAN,Q9BYH8,NFKBIZ,NF-kappa-B inhibitor zeta,3,35,3,41,bin_5,244,52,NFKBIZ,1,1.8
SUMO1_HUMAN,P63165,SUMO1,Small ubiquitin-related modifier 1,9,20,12,41,bin_5,1734,1444,SUMO1,1,0.62
CO3_HUMAN,P01024,C3,Complement C3c alpha' chain fragment 2,3,28,10,41,bin_5,89928,13,C3,1,1.77
NMDE2_HUMAN,Q13224,GRIN2B,"Glutamate receptor ionotropic, NMDA 2B",8,20,13,41,bin_5,580,93,GRIN2B,1,0.42
KCC2A_HUMAN,Q9UQM7,CAMK2A,Calcium/calmodulin-dependent protein kinase type II subunit alpha,10,21,10,41,bin_5,510,387,CAMK2A,1,0.4
DAXX_HUMAN,Q9BWI3,DAXX,Death domain-associated protein 6,14,20,7,41,bin_5,985,62,DAP6,0,1.96
FIBB_HUMAN,P02675,FGB,Fibrinogen beta chain,4,22,15,41,bin_5,691,1535,FGB,1,2.36
CHMP5_HUMAN,Q9NZZ3,CHMP5,Charged multivesicular body protein 5,1,27,13,41,bin_5,59,53,CHMP5,1,1.05
UFL1_HUMAN,O94874,UFL1,E3 UFM1-protein ligase 1 ,3,28,10,41,bin_5,94,14,UFL1,1,0.54
ECT2_HUMAN,Q9H8V3,ECT2,Protein ECT2,4,24,13,41,bin_5,419,358,ECT2,1,0.54
PPLA_HUMAN,P26678,PLN,Cardiac phospholamban ,5,27,9,41,bin_5,2132,2588,PLN,1,0.56
SHAN3_HUMAN,Q9BYB0,SHANK3,SH3 and multiple ankyrin repeat domains protein 3,6,28,7,41,bin_5,878,62,SH3DHC3,0,0.34
DYR1A_HUMAN,Q13627,DYRK1A,Dual specificity tyrosine-phosphorylation-regulated kinase 1A,16,17,8,41,bin_5,965,949,DYRK1A,1,1.86
SIN3A_HUMAN,Q96ST3,SIN3A,Paired amphipathic helix protein Sin3a,6,27,8,41,bin_5,590,18,SIN3A,1,2.45
NRP2_HUMAN,Q7LBX6,NRP2,Neuropilin-2,8,26,7,41,bin_5,553,601,NRP2,1,3.07
RFIP3_HUMAN,Q9H1G0,RAB11FIP3,Rab11 family-interacting protein 3 ,8,16,17,41,bin_5,46,28,RIN3,0,0.43
EXOSX_HUMAN,Q01780,EXOSC10,Exosome complex component 10 ,7,23,11,41,bin_5,143,113,EXOSC10,1,0.37
E2F1_HUMAN,Q01094,E2F1,Transcription factor E2F1 ,11,22,8,41,bin_5,5342,3643,E2F1,1,0.39
CHM4C_HUMAN,Q96CF2,CHMP4C,Charged multivesicular body protein 4c,1,26,14,41,bin_5,75,9,CHMP4C,1,1.53
ABCG1_HUMAN,Q9BXL2,ABCG1,ATP-binding cassette sub-family G member 1 ,12,21,8,41,bin_5,1676,227,ABCG1,1,1.69
CENPF_HUMAN,P49454,CENPF,Centromere protein F,5,17,19,41,bin_5,434,228,CENP-F,0,0.59
APOA5_HUMAN,Q6Q788,APOA5,Apolipoprotein A-V,13,18,10,41,bin_5,927,722,APOA5,1,4.51
OPA1_HUMAN,O60313,OPA1,"Dynamin-like GTPase OPA1, short form ",8,20,13,41,bin_5,2218,3,OPA1,1,0.24
TCAM1_HUMAN,Q8IUC6,TICAM1,TIR domain-containing adapter molecule 1,3,31,7,41,bin_5,465,82,TICAM1,1,1.74
RAB7L_HUMAN,O14966,RAB29,Ras-related protein Rab-7L1,6,18,17,41,bin_5,79,2400,RAB7L1,0,1.58
DGFTECEDHS,O75581,LRP6,Low-density lipoprotein receptor-related protein 6,10,20,11,41,bin_5,1425,872,LRP6,1,2.18
S1PR1_HUMAN,P21453,S1PR1,Sphingosine 1-phosphate receptor 1,4,30,7,41,bin_5,1074,4402,S1PR1,1,0.39
P73_HUMAN,Q8NHW9,TP73,Tumor protein p73,13,21,7,41,bin_5,1599,2235,TP73,1,1.47
ZIC3_HUMAN,O60481,ZIC3,Zinc finger protein ZIC 3,8,30,3,41,bin_5,208,36,ZIC3,1,0.29
IF4G1_HUMAN,Q6ZN21,EIF4G1,Eukaryotic translation initiation factor 4 gamma 1,8,26,7,41,bin_5,379,480,EIF4G1,1,3.07
GNAT1_HUMAN,P11488,GNAT1,Guanine nucleotide-binding protein G(t) subunit alpha-1,8,21,12,41,bin_5,196,3,GNAI1,0,1.27
PDCD6_HUMAN,O75340,PDCD6,Programmed cell death protein 6,10,18,13,41,bin_5,173,39875,PDCD6,1,0.53
S29A1_HUMAN,Q99808,SLC29A1,Equilibrative nucleoside transporter 1,9,26,6,41,bin_5,549,768,SLC29A1,1,0.84
CLOCK_HUMAN,O15516,CLOCK,Circadian locomoter output cycles protein kaput,11,22,8,41,bin_5,51462,13,NPAS2,0,3.64
CDK9_HUMAN,P50750,CDK9,Cyclin-dependent kinase 9,14,19,8,41,bin_5,1495,980,CDK9,1,1.36
HOME1_HUMAN,Q86YM7,HOMER1,Homer protein homolog 1 ,7,18,16,41,bin_5,352,67,HOMER1,1,1.94
TNFL6_HUMAN,P48023,FASLG,FasL intracellular domain,4,27,10,41,bin_5,4588,217,FAS,0,1.44
XDH_HUMAN,P47989,XDH,Xanthine oxidase,10,27,4,41,bin_5,855,14373,XDH,1,0.67
FOXJ1_HUMAN,Q92949,FOXJ1,Forkhead box protein J1 ,6,33,2,41,bin_5,441,48,FOXC1,0,2.75
GSH1_HUMAN,P48506,GCLC,Glutamate--cysteine ligase catalytic subunit ,6,33,3,42,bin_5,1530,788,GCLC,1,1.06
EAA2_HUMAN,P43004,SLC1A2,Excitatory amino acid transporter 2 ,7,24,11,42,bin_5,762,1630,SLC1A2,1,0.3
E2AK2_HUMAN,P19525,EIF2AK2,"Interferon-induced, double-stranded RNA-activated protein kinase",11,24,7,42,bin_5,296,106,OAS1,0,2.17
EAA1_HUMAN,P43003,SLC1A3,Excitatory amino acid transporter 1 ,6,27,9,42,bin_5,712,876,SLC1A1,0,3.5
PTN22_HUMAN,Q8WVM1,PTPN22,Tyrosine-protein phosphatase non-receptor type 22,6,31,5,42,bin_5,1280,836,PTPN22,1,2.94
PHX2B_HUMAN,Q99453,PHOX2B,Paired mesoderm homeobox protein 2B,5,35,2,42,bin_5,814,4,PDX2B,0,0.49
LNKAWKDRID,Q96J76,DST,Dystonin ,7,11,24,42,bin_5,15108,695,DTNBP1,0,1.92
RB27A_HUMAN,P51159,RAB27A,Ras-related protein Rab-27A,6,20,16,42,bin_5,897,5,RAB27A,1,1.71
EPO_HUMAN,P01588,EPO,Erythropoietin ,4,34,4,42,bin_5,13664,34630,EPo,0,2.16
PYR1_HUMAN,P27708,CAD,Dihydroorotase,11,21,10,42,bin_5,67764,613,DPYS,0,1.03
CLCN3_HUMAN,P51790,CLCN3,H(+)/Cl(-) exchange transporter 3,6,11,25,42,bin_5,93,2105,SLC12A2,0,3.66
HNF1B_HUMAN,P35680,HNF1B,Hepatocyte nuclear factor 1-beta,7,30,5,42,bin_5,1399,1352,HNF1B,1,2.73
UBE2B_HUMAN,P63146,UBE2B,Ubiquitin-conjugating enzyme E2 B ,4,30,8,42,bin_5,106,523,UBE2B,1,1.05
ITA5_HUMAN,P08648,ITGA5,Integrin alpha-5 light chain,6,23,13,42,bin_5,490,11,ITGA5,1,1.43
DPP4_HUMAN,P27487,DPP4,Dipeptidyl peptidase 4 soluble form,10,19,13,42,bin_5,6354,91,DPP4,1,0.49
RIPK3_HUMAN,Q9Y572,RIPK3,Receptor-interacting serine/threonine-protein kinase 3 ,7,31,4,42,bin_5,2361,1739,RIPK3,1,1.76
TCF21_HUMAN,O43680,TCF21,Transcription factor 21,10,28,4,42,bin_5,319,48535,TF21,0,2.32
AXIN2_HUMAN,Q9Y2T1,AXIN2,Axin-2,6,30,6,42,bin_5,1457,113,AXIN2,1,0.46
PDE4D_HUMAN,Q8IVD3,PDE4D,"3',5'-cyclic-AMP phosphodiesterase 4D ",13,20,9,42,bin_5,868,288,PDE4D,1,0.6
GPC3_HUMAN,P51654,GPC3,Glypican-3 beta subunit ,1,34,7,42,bin_5,1247,7,GPC3,1,2.54
NAC3_HUMAN,P57103,SLC8A3,Sodium/calcium exchanger 3,4,21,17,42,bin_5,112,2580,NCCX,0,0.97
WFS1_HUMAN,O76024,WFS1,Wolframin,6,30,6,42,bin_5,655,445,WFS1,1,1.63
MYO7A_HUMAN,Q13402,MYO7A,Unconventional myosin-VIIa,8,17,17,42,bin_5,611,532,MYO7A,1,1.16
TRPM4_HUMAN,Q8TD43,TRPM4,Transient receptor potential cation channel subfamily M member 4,7,27,8,42,bin_5,624,174,TRPM4,1,0.5
KPCG_HUMAN,P05129,PRKCG,Protein kinase C gamma type,8,23,11,42,bin_5,825,236,PRKCG,1,2.2
CAN2_HUMAN,P17655,CAPN2,Calpain-2 catalytic subunit,6,18,18,42,bin_5,312,25,CAPN2,1,2.74
GBP1_HUMAN,P32455,GBP1,Guanylate-binding protein 1 ,13,18,11,42,bin_5,486,414,GBP1,1,1.31
RXRA_HUMAN,P19793,RXRA,Retinoic acid receptor RXR-alpha,20,14,8,42,bin_5,454,629,RXRA,1,0.28
CATG_HUMAN,P08311,CTSG,"Cathepsin G, C-terminal truncated form ",6,22,14,42,bin_5,1053,0,CTSG,1,2.52
GCH1_HUMAN,P30793,GCH1,GTP cyclohydrolase 1,10,23,9,42,bin_5,623,900,GCH1,1,0.5
SETD2_HUMAN,Q6ZS25,SETD2,Histone-lysine N-methyltransferase SETD2 ,6,32,4,42,bin_5,778,291,SETD2,1,1.65
KINH_HUMAN,P33176,KIF5B,Kinesin-1 heavy chain ,8,21,13,42,bin_5,559,143,KIF5A,0,0.72
NR4A3_HUMAN,Q92570,NR4A3,Nuclear receptor subfamily 4 group A member 3,11,27,4,42,bin_5,616,71,NR4A3,1,0.4
CARD9_HUMAN,Q9H257,CARD9,Caspase recruitment domain-containing protein 9 ,5,32,5,42,bin_5,583,227,CARD9,1,2.03
JMJD6_HUMAN,Q6NYC1,JMJD6,Bifunctional arginine demethylase and lysyl-hydroxylase JMJD6 ,13,22,7,42,bin_5,219,4,JMJD6,1,2.5
NCOA1_HUMAN,Q7KYV3,NCOA1,Nuclear receptor coactivator 1,9,26,7,42,bin_5,835,936,NCOA1,1,0.27
JAK3_HUMAN,P52333,JAK3,Tyrosine-protein kinase JAK3 ,5,31,6,42,bin_5,2363,1606,JAK3,1,1.71
ERCC1_HUMAN,P07992,ERCC1,DNA excision repair protein ERCC-1,4,32,6,42,bin_5,2761,73,ERCC1,1,0.74
FGR_HUMAN,P09769,FGR,Tyrosine-protein kinase Fgr,8,24,10,42,bin_5,3293,468,FGGR,0,0.8
PBX1_HUMAN,P40424,PBX1,Pre-B-cell leukemia transcription factor 1,10,27,5,42,bin_5,1147,428,PBX1,1,2.67
VDR_HUMAN,P11473,VDR,Vitamin D3 receptor,9,27,6,42,bin_5,9340,12593,VDR,1,2.22
DDX11_HUMAN,Q96FC9,DDX11,ATP-dependent DNA helicase DDX11 ,17,17,8,42,bin_5,139,84,DDX11,1,1.74
SHPS1_HUMAN,Q9UDX2,SIRPA,Tyrosine-protein phosphatase non-receptor type substrate 1,7,29,6,42,bin_5,697,913,PTPRFB2,0,1.15
NUPR1_HUMAN,O60356,NUPR1,Nuclear protein 1 ,4,32,6,42,bin_5,337,404919,NP1,0,0.65
TERF2_HUMAN,Q15554,TERF2,Telomeric repeat-binding factor 2,6,28,8,42,bin_5,379,541,TRF2,0,1.87
GNAI2_HUMAN,P04899,GNAI2,Guanine nucleotide-binding protein G(i) subunit alpha-2,5,24,14,43,bin_5,362,0,GNAS,0,0.29
HRG_HUMAN,P04196,HRG,Histidine-rich glycoprotein,9,27,7,43,bin_5,1244,949,HRG,1,1.4
PAK2_HUMAN,Q13177,PAK2,PAK-2p34,9,26,8,43,bin_5,599,5,PAK2,1,0.65
HNRPD_HUMAN,Q9UCE9,HNRNPD,Heterogeneous nuclear ribonucleoprotein D0,6,29,8,43,bin_5,339,321,HNRNPD,1,1.65
KCNB1_HUMAN,Q14721,KCNB1,Potassium voltage-gated channel subfamily B member 1 ,5,22,16,43,bin_5,386,54,KCNB1,1,1.51
CHP1_HUMAN,Q99653,CHP1,Calcineurin B homologous protein 1,7,24,12,43,bin_5,147,337,CNB1,0,0.91
AP3B1_HUMAN,O00203,AP3B1,AP-3 complex subunit beta-1,2,31,10,43,bin_5,109,4,AP3B1,1,0.44
EREG_HUMAN,O14944,EREG,Epiregulin,4,35,4,43,bin_5,583,577,EREG,1,3.09
MRP1_HUMAN,Q9UQA0,ABCC1,Multidrug resistance-associated protein 1 ,14,22,7,43,bin_5,1391,2143,ABCC1,1,3.22
TBK1_HUMAN,Q9UHD2,TBK1,Serine/threonine-protein kinase TBK1 ,8,30,5,43,bin_5,2569,1326,TBK1,1,1.01
KCNC2_HUMAN,Q96PR1,KCNC2,Voltage-gated potassium channel KCNC2 ,4,20,19,43,bin_5,39,35,KCNC2,1,2.67
DNM3A_HUMAN,Q9Y6K1,DNMT3A,DNA (cytosine-5)-methyltransferase 3A,11,23,9,43,bin_5,4790,2082,DNMT3A,1,1.7
LRP8_HUMAN,Q14114,LRP8,Low-density lipoprotein receptor-related protein 8,11,21,11,43,bin_5,165,296,LRP8,1,0.98
DP13B_HUMAN,Q8NEU8,APPL2,DCC-interacting protein 13-beta ,5,24,14,43,bin_5,61,11,DPF2,0,2.23
SMCA2_HUMAN,P51531,SMARCA2,Probable global transcription activator SNF2L2,10,22,11,43,bin_5,696,1,SNF2L2,0,1.02
SCNBA_HUMAN,Q9UI33,SCN11A,Sodium channel protein type 11 subunit alpha ,1,35,7,43,bin_5,247,277,SCN11A,1,1.88
PP2AA_HUMAN,P67775,PPP2CA,Serine/threonine-protein phosphatase 2A catalytic subunit alpha isoform,8,21,14,43,bin_5,308,4993,PPP2CA,1,0.48
MEN1_HUMAN,Q9BUF0,MEN1,Menin,8,21,14,43,bin_5,4286,1338,MEN1,1,0.52
CCND1_HUMAN,P24385,CCND1,G1/S-specific cyclin-D1 ,8,24,11,43,bin_5,6805,21,CCND1,1,3.09
IL6RA_HUMAN,P08887,IL6R,Soluble interleukin-6 receptor subunit alpha ,8,27,8,43,bin_5,2924,149,IL6R,1,3.17
SPHK2_HUMAN,Q9NRA0,SPHK2,Sphingosine kinase 2 ,7,25,11,43,bin_5,513,1626,SGK2,0,0.91
IL18_HUMAN,Q14116,IL18,Interleukin-18 ,2,38,3,43,bin_5,17784,9267,IL18,1,1.28
ITA4_HUMAN,P13612,ITGA4,Integrin alpha-4,6,26,11,43,bin_5,313,1679,ITGA4,1,0.34
CATL1_HUMAN,P07711,CTSL,Cathepsin L light chain,8,20,15,43,bin_5,1772,63,CTSL1,0,0.18
1433Z_HUMAN,Q6NUR9,YWHAZ,14-3-3 protein zeta/delta,10,21,12,43,bin_5,690,65,YWHAZ,1,0.75
CHM1B_HUMAN,Q7LBR1,CHMP1B,Charged multivesicular body protein 1b,3,24,16,43,bin_5,43,7,CHMP1B,1,2.84
THA_HUMAN,P10827,THRA,Thyroid hormone receptor alpha,11,28,4,43,bin_5,381,3206,THRA,1,1.36
SMAD5_HUMAN,Q99717,SMAD5,Mothers against decapentaplegic homolog 5,9,25,9,43,bin_5,1049,5285,SMAD5,1,0.26
SORT_HUMAN,Q99523,SORT1,Sortilin ,5,20,18,43,bin_5,323,938,SORT1,1,3.82
MYO1C_HUMAN,O00159,MYO1C,Unconventional myosin-Ic,6,15,22,43,bin_5,172,11,MYO1C,1,2.45
ULK1_HUMAN,O75385,ULK1,Serine/threonine-protein kinase ULK1 ,7,24,12,43,bin_5,2587,1325,ULK1,1,0.47
STRA6_HUMAN,Q7L9G1,STRA6,Receptor for retinol uptake STRA6,4,37,2,43,bin_5,226,61,STRA6,1,2.09
CP3A4_HUMAN,P08684,CYP3A4,Cytochrome P450 3A4 ,22,18,3,43,bin_5,18186,14465,CYP3A4,1,1.44
JAM3_HUMAN,Q9BX67,JAM3,Soluble form of JAM-C ,4,27,12,43,bin_5,210,3,JAM3,1,2.39
SP1_HUMAN,P08047,SP1,Transcription factor Sp1,19,17,7,43,bin_5,14513,8851,SP1,1,0.32
SIR7_HUMAN,Q9NRC8,SIRT7,NAD-dependent protein deacetylase sirtuin-7,10,25,8,43,bin_5,573,28,SIRT7,1,1.62
MESP1_HUMAN,Q9BRJ9,MESP1,Mesoderm posterior protein 1,6,35,2,43,bin_5,221,709,MPP1,0,0.46
SNAPN_HUMAN,O95295,SNAPIN,SNARE-associated protein Snapin,1,28,14,43,bin_5,155,14,SNAPIN,1,0.44
FOXP1_HUMAN,Q9H334,FOXP1,Forkhead box protein P1,8,32,3,43,bin_5,949,245,FOXP1,1,0.57
TAL1_HUMAN,P17542,TAL1,T-cell acute lymphocytic leukemia protein 1,10,29,4,43,bin_5,1153,621,TAL1,1,2.99
MSH2_HUMAN,P43246,MSH2,DNA mismatch repair protein Msh2,10,27,6,43,bin_5,5721,3249,MSH2,1,1.36
GLUT4_HUMAN,P14672,SLC2A4,"Solute carrier family 2, facilitated glucose transporter member 4 ",3,20,20,43,bin_5,3957,66,SLC2A4,1,0.58
ADA1A_HUMAN,Q96RE8,ADRA1A,Alpha-1A adrenergic receptor,2,33,8,43,bin_5,468,10874,ADRA1A,1,1.05
SMCA5_HUMAN,O60264,SMARCA5,SWI/SNF-related matrix-associated actin-dependent regulator of chromatin subfamily A member 5,8,21,14,43,bin_5,254,53,SMARCA5,1,1.16
NAC2_HUMAN,Q9UPR5,SLC8A2,Sodium/calcium exchanger 2,6,24,13,43,bin_5,78,4280,NCCX,0,3.32
ATVNWRKDGQ,IKGRPAPEVK,TTN,Titin,18,17,8,43,bin_5,2557,3720,TNNI3,0,2.48
S5A1_HUMAN,P18405,SRD5A1,3-oxo-5-alpha-steroid 4-dehydrogenase 1,5,34,4,43,bin_5,311,1213,HSD17B3,0,0.66
PO4F2_HUMAN,Q12837,POU4F2,"POU domain, class 4, transcription factor 2 ",6,30,7,43,bin_5,162,171,POU4F2,1,0.24
CK5P3_HUMAN,Q96JB5,CDK5RAP3,CDK5 regulatory subunit-associated protein 3 ,7,27,9,43,bin_5,79,33,CDK5RAP3,1,1.76
BACE1_HUMAN,Q9ULS1,BACE1,Beta-secretase 1 ,7,16,20,43,bin_5,5063,6649,BACE1,1,3.12
IKBA_HUMAN,P25963,NFKBIA,NF-kappa-B inhibitor alpha,8,29,6,43,bin_5,4421,6017,NFKBIA,1,2.84
ASSY_HUMAN,P00966,ASS1,Argininosuccinate synthase ,6,30,7,43,bin_5,445,1103,ASS1,1,0.38
HEM2_HUMAN,P13716,ALAD,Delta-aminolevulinic acid dehydratase,5,32,6,43,bin_5,1183,2966,ALAS2,0,2.33
MAVS_HUMAN,Q86VY7,MAVS,Mitochondrial antiviral-signaling protein ,7,31,5,43,bin_5,1929,734,MAVS,1,0.83
HDAC4_HUMAN,P56524,HDAC4,Histone deacetylase 4 ,11,24,8,43,bin_5,1552,12011,HDAC4,1,3.7
DDR2_HUMAN,Q16832,DDR2,Discoidin domain-containing receptor 2,4,34,5,43,bin_5,625,40,DCDR2,0,0.51
ITAM_HUMAN,P11215,ITGAM,Integrin alpha-M,6,28,10,44,bin_5,1129,8036,ITGAM,1,1.07
HNF4A_HUMAN,Q6B4V7,HNF4A,Hepatocyte nuclear factor 4-alpha,14,26,4,44,bin_5,1921,2265,HNF4A,1,1.84
SOX10_HUMAN,P56693,SOX10,Transcription factor SOX-10,11,29,4,44,bin_5,5759,4204,SOX10,1,0.2
MKKS_HUMAN,Q9NPJ1,MKKS,Molecular chaperone MKKS ,3,35,6,44,bin_5,250,60,BBS1L9,0,1.73
KMRKRYSVDK,Q9BZL6,PRKD2,Serine/threonine-protein kinase D2,7,31,6,44,bin_5,52,2472,PRKCD,0,3.58
CHK1_HUMAN,O14757,CHEK1,Serine/threonine-protein kinase Chk1,6,27,11,44,bin_5,2186,2701,CHEK1,1,0.19
S10A8_HUMAN,P05109,S100A8,Protein S100-A8 ,7,26,11,44,bin_5,2705,109,S100A8,1,1.11
COMP_HUMAN,P49747,COMP,Cartilage oligomeric matrix protein ,9,29,6,44,bin_5,122037,1647,COMP,1,1.58
MMP9_HUMAN,YRWCATTANY,MMP9,82 kDa matrix metalloproteinase-9 ,8,30,6,44,bin_5,36218,36,MMP9,1,0.34
TIAM1_HUMAN,Q13009,TIAM1,Rho guanine nucleotide exchange factor TIAM1 ,5,26,13,44,bin_5,629,161,TIAM1,1,0.71
LIRB4_HUMAN,Q8NHJ6,LILRB4,Leukocyte immunoglobulin-like receptor subfamily B member 4,6,34,4,44,bin_5,234,18,LILRB4,1,0.95
PIN1_HUMAN,Q13526,PIN1,Peptidyl-prolyl cis-trans isomerase NIMA-interacting 1,11,24,9,44,bin_5,2236,614,PIN1,1,0.51
BRCA2_HUMAN,P51587,BRCA2,Breast cancer type 2 susceptibility protein ,6,27,11,44,bin_5,15355,8535,BRCA2,1,2.65
MPRI_HUMAN,P11717,IGF2R,Cation-independent mannose-6-phosphate receptor,11,14,19,44,bin_5,1029,506,M6PR,0,2.13
CXL10_HUMAN,P02778,CXCL10,CXCL10(1-73),7,34,3,44,bin_5,9718,1,CXCL10,1,1.58
LIRB2_HUMAN,Q8N423,LILRB2,Leukocyte immunoglobulin-like receptor subfamily B member 2,9,28,7,44,bin_5,318,30,LILRB2,1,2.99
HLAG_HUMAN,P17693,HLA-G,"Soluble HLA class I histocompatibility antigen, alpha chain G",5,25,14,44,bin_5,2930,0,HLAG,0,3.81
ADML_HUMAN,P35318,ADM,Proadrenomedullin N-20 terminal peptide,3,38,3,44,bin_5,30846,3,ADMP,0,2.71
4F2_HUMAN,P08195,SLC3A2,Amino acid transporter heavy chain SLC3A2 ,13,17,14,44,bin_5,424,171,SLC3A2,1,1.31
SOS1_HUMAN,Q07889,SOS1,Son of sevenless homolog 1,6,33,5,44,bin_5,1331,969,SOS1,1,2.14
SESN2_HUMAN,P58004,SESN2,Sestrin-2 ,8,28,8,44,bin_5,497,161,SESN2,1,2.23
AP2A_HUMAN,P05549,TFAP2A,Transcription factor AP-2-alpha,12,29,3,44,bin_5,553,2147,TFAP2A,1,1.47
SPY2_HUMAN,O43597,SPRY2,Protein sprouty homolog 2,4,31,9,44,bin_5,529,37,SPRED2,0,0.98
HSPB1_HUMAN,P04792,HSPB1,Heat shock protein beta-1,10,22,12,44,bin_5,2137,4359,HSPB1,1,0.9
PPT1_HUMAN,P50897,PPT1,Palmitoyl-protein thioesterase 1,4,25,15,44,bin_5,379,341,PPT1,1,2.5
PA2GX_HUMAN,O15496,PLA2G10,Group 10 secretory phospholipase A2,6,34,4,44,bin_5,85,336,PLA2G10,1,1.67
PDPN_HUMAN,Q8NBR3,PDPN,29kDa cytosolic podoplanin intracellular domain ,3,21,20,44,bin_5,1379,1,PDPN,1,2.18
SCX_HUMAN,Q7RTU7,SCX,Basic helix-loop-helix transcription factor scleraxis,8,33,3,44,bin_5,1437,208,SCX,1,0.26
EPM2A_HUMAN,Q9BS66,EPM2A,Laforin ,11,25,8,44,bin_5,758,228,EPM2A,1,1.02
TLR6_HUMAN,Q9Y2C9,TLR6,Toll-like receptor 6,9,29,6,44,bin_5,1117,502,TLR6,1,0.47
RUNX1_HUMAN,Q16285,RUNX1,Runt-related transcription factor 1,14,25,5,44,bin_5,5600,3635,RUNX1,1,2.02
RAC3_HUMAN,P60763,RAC3,Ras-related C3 botulinum toxin substrate 3 ,5,23,16,44,bin_5,325,247,RAC2,0,0.78
PLS1_HUMAN,O15162,PLSCR1,Phospholipid scramblase 1,14,18,12,44,bin_5,196,1818,PLCD3,0,4.12
ANM1_HUMAN,Q99872,PRMT1,Protein arginine N-methyltransferase 1 ,15,23,6,44,bin_5,979,1455,PRMT1,1,1.55
ABCC8_HUMAN,Q09428,ABCC8,ATP-binding cassette sub-family C member 8,10,28,6,44,bin_5,1325,65,ABCC8,1,0.22
XCT_HUMAN,Q9UPY5,SLC7A11,Cystine/glutamate transporter ,3,34,7,44,bin_5,2359,564,SLC7A11,1,1.44
SPAST_HUMAN,Q9UBP0,SPAST,Spastin ,8,18,18,44,bin_5,485,617,SPAST,1,2.05
WN10B_HUMAN,O00744,WNT10B,Protein Wnt-10b,3,39,2,44,bin_5,692,70,WNT10B,1,0.52
VCAM1_HUMAN,P19320,VCAM1,Soluble Vascular Cell Adhesion Molecule-1,4,26,14,44,bin_5,11327,3114,SCAM1,0,0.82
TPR_HUMAN,P12270,TPR,Nucleoprotein TPR ,9,23,12,44,bin_5,5484,118,NHP2L1,0,3.44
ATR_HUMAN,Q13535,ATR,Serine/threonine-protein kinase ATR,8,28,8,44,bin_5,19782,3187,ATR,1,2.36
FGF1_HUMAN,P05230,FGF1,Fibroblast growth factor 1,6,30,8,44,bin_5,3352,2553,FGF1,1,0.39
STK39_HUMAN,Q9UEW8,STK39,STE20/SPS1-related proline-alanine-rich protein kinase,5,31,8,44,bin_5,325,106,STK24,0,2.41
ELNE_HUMAN,P08246,ELANE,Neutrophil elastase,7,25,12,44,bin_5,493,9777,ELA2,0,0.36
BAD_HUMAN,Q92934,BAD,Bcl2-associated agonist of cell death,5,35,4,44,bin_5,65010,96,BAD,1,0.17
ATRX_HUMAN,Q9H0Z1,ATRX,Transcriptional regulator ATRX,11,23,10,44,bin_5,1773,179,ATRX,1,0.67
ADAM9_HUMAN,Q13443,ADAM9,Disintegrin and metalloproteinase domain-containing protein 9,9,28,7,44,bin_5,483,50,ADAMTS9,0,0.22
NR1H2_HUMAN,P55055,NR1H2,Oxysterols receptor LXR-beta,10,28,6,44,bin_5,150,3527,NR1H2,1,0.26
PTHY_HUMAN,P01270,PTH,Parathyroid hormone,5,37,2,44,bin_5,27327,49700,PTH,1,1.4
ABCD1_HUMAN,P33897,ABCD1,ATP-binding cassette sub-family D member 1 ,12,23,9,44,bin_5,727,71,ABCD1,1,1.85
HFE_HUMAN,Q96KU8,HFE,Hereditary hemochromatosis protein,4,30,11,45,bin_5,4302,5369,HFE,1,2.79
DRD4_HUMAN,P21917,DRD4,D(4) dopamine receptor,12,27,6,45,bin_5,1980,478,DRD4,1,0.95
GLRA1_HUMAN,P23415,GLRA1,Glycine receptor subunit alpha-1,9,22,14,45,bin_5,163,206,GLRA1,1,1.2
NUP62_HUMAN,P37198,NUP62,Nuclear pore glycoprotein p62,9,25,11,45,bin_5,161,165,NUP62,1,0.58
NCK1_HUMAN,P16333,NCK1,SH2/SH3 adapter protein NCK1 ,12,24,9,45,bin_5,214,9,NCK1,1,2.18
KIF14_HUMAN,Q15058,KIF14,Kinesin-like protein KIF14 ,8,29,8,45,bin_5,176,3,KIF14,1,0.74
OXYR_HUMAN,P30559,OXTR,Oxytocin receptor,4,37,4,45,bin_5,1282,7521,OXTR,1,0.3
GRB2_HUMAN,P62993,GRB2,Growth factor receptor-bound protein 2,12,19,14,45,bin_5,3753,2688,GRB2,1,0.98
CYLD_HUMAN,Q9NQC7,CYLD,Ubiquitin carboxyl-terminal hydrolase CYLD,7,30,8,45,bin_5,884,29,CYLD,1,1.55
HD_HUMAN,P42858,HTT,"Huntingtin, myristoylated N-terminal fragment",9,20,16,45,bin_5,6436,1,HTT,1,1.07
PENK_HUMAN,P01210,PENK,Met-enkephalin-Arg-Phe ,3,30,12,45,bin_5,628,56,POMC,0,0.74
DDB1_HUMAN,Q16531,DDB1,DNA damage-binding protein 1,7,27,11,45,bin_5,867,105,DDB1,1,3.44
CXAR_HUMAN,P78310,CXADR,Coxsackievirus and adenovirus receptor,9,16,20,45,bin_5,95,638,CXADR,1,1.47
ID2_HUMAN,Q02363,ID2,DNA-binding protein inhibitor ID-2,4,35,6,45,bin_5,1583,634,ID2,1,1.77
GTR1_HUMAN,P11166,SLC2A1,"Solute carrier family 2, facilitated glucose transporter member 1 ",7,18,20,45,bin_5,3730,120,SLC2A1,1,0.25
ANGP1_HUMAN,Q15389,ANGPT1,Angiopoietin-1,2,36,7,45,bin_5,1209,3142,ANGPT1,1,1.59
TGM2_HUMAN,P21980,TGM2,Protein-glutamine gamma-glutamyltransferase 2 ,9,24,12,45,bin_5,656,2316,GGT2,0,3.55
CBL_HUMAN,P22681,CBL,E3 ubiquitin-protein ligase CBL,9,27,9,45,bin_5,5735,1641,CBL,1,2.11
DP13A_HUMAN,Q9UKG1,APPL1,DCC-interacting protein 13-alpha ,7,19,19,45,bin_5,316,1,DPF2,0,1.48
RPTOR_HUMAN,Q8N122,RPTOR,Regulatory-associated protein of mTOR ,8,28,9,45,bin_5,573,1998,RPTOR,1,2.52
TNF11_HUMAN,O14788,TNFSF11,"Tumor necrosis factor ligand superfamily member 11, soluble form",4,37,4,45,bin_5,4250,100,TNFSF11,1,0.62
RAB10_HUMAN,P61026,RAB10,Ras-related protein Rab-10,5,17,24,46,bin_5,402,9,RAB10,1,1.43
CAV2_HUMAN,P51636,CAV2,Caveolin-2,7,25,14,46,bin_5,1964,463,CAV2,1,0.73
EGR2_HUMAN,P11161,EGR2,E3 SUMO-protein ligase EGR2,13,28,5,46,bin_5,1198,4,EGR2,1,0.59
UCN1_HUMAN,P55089,UCN,Urocortin,4,37,5,46,bin_5,2001,1614,UCN,1,0.44
TF7L2_HUMAN,Q9NQB5,TCF7L2,Transcription factor 7-like 2,12,26,8,46,bin_5,2028,1416,TCF7L2,1,1.16
GDNF_HUMAN,Q9UMV2,GDNF,Glial cell line-derived neurotrophic factor,6,37,3,46,bin_5,6702,5544,GNDF,0,0.68
DNJA3_HUMAN,Q9NYH8,DNAJA3,"DnaJ homolog subfamily A member 3, mitochondrial",12,25,9,46,bin_5,86,5,DNAJA3,1,2.47
KCNA5_HUMAN,P22460,KCNA5,Potassium voltage-gated channel subfamily A member 5,9,26,11,46,bin_5,387,173,KCNH5,0,0.51
AHR_HUMAN,P35869,AHR,Aryl hydrocarbon receptor ,15,22,9,46,bin_5,26035,12270,ARNT,0,0.25
AP2B_HUMAN,Q92481,TFAP2B,Transcription factor AP-2-beta,12,31,3,46,bin_5,252,2147,TFAP2B,1,3.71
CLH1_HUMAN,Q00610,CLTC,Clathrin heavy chain 1 ,8,17,21,46,bin_5,217,444,CLTC,1,1.79
DISC1_HUMAN,C9J6D0,DISC1,Disrupted in schizophrenia 1 protein ,4,25,17,46,bin_5,1074,1398,DISC1,1,1.71
ACE2_HUMAN,Q9BYF1,ACE2,Processed angiotensin-converting enzyme 2 ,8,26,12,46,bin_5,14018,1008,ACE2,1,4.0
TIRAP_HUMAN,P58753,TIRAP,Toll/interleukin-1 receptor domain-containing adapter protein,8,31,7,46,bin_5,650,182,TICAM1,0,0.49
CNR1_HUMAN,Q9UNN0,CNR1,Cannabinoid receptor 1,3,34,9,46,bin_5,1103,13055,CNR1,1,4.13
C1QBP_HUMAN,Q07021,C1QBP,"Complement component 1 Q subcomponent-binding protein, mitochondrial",10,26,10,46,bin_5,534,16,C1QB,0,0.82
GRDN_HUMAN,Q3V6T2,CCDC88A,Girdin,16,18,12,46,bin_5,174,210,GIRDIN,0,1.9
CPSM_HUMAN,P31327,CPS1,"Carbamoyl-phosphate synthase [ammonia], mitochondrial",12,27,7,46,bin_5,553,317,CPS1,1,1.62
B4GT1_HUMAN,P15291,B4GALT1,"Processed beta-1,4-galactosyltransferase 1 ",10,20,16,46,bin_5,147,157,B4GALT1,1,1.27
PK3CD_HUMAN,O00329,PIK3CD,"Phosphatidylinositol 4,5-bisphosphate 3-kinase catalytic subunit delta isoform",5,36,5,46,bin_5,736,41,PIK3CD,1,2.15
EMP2_HUMAN,P54851,EMP2,Epithelial membrane protein 2,3,31,12,46,bin_5,153,58767,EMP2,1,4.91
NR4A2_HUMAN,P43354,NR4A2,Nuclear receptor subfamily 4 group A member 2,11,28,7,46,bin_5,1251,985,NR4A2,1,1.85
NR2E1_HUMAN,Q9Y466,NR2E1,Nuclear receptor subfamily 2 group E member 1,9,35,2,46,bin_5,176,0,NR2E1,1,0.97
KCJ11_HUMAN,Q14654,KCNJ11,ATP-sensitive inward rectifier potassium channel 11,9,25,12,46,bin_5,1075,324,KCNJ11,1,0.86
IKKA_HUMAN,O15111,CHUK,Inhibitor of nuclear factor kappa-B kinase subunit alpha,9,31,6,46,bin_5,1798,628,IKBKA,0,3.43
BAIP2_HUMAN,Q9UQB8,BAIAP2,BAR/IMD domain-containing adapter protein 2 ,7,16,23,46,bin_5,178,0,BNIP2,0,1.72
CO3A1_HUMAN,V9GZI1,COL3A1,Collagen alpha-1(III) chain,7,35,4,46,bin_5,1831,185,COL3A1,1,3.08
XCL1_HUMAN,P47992,XCL1,Lymphotactin,4,40,2,46,bin_5,412,339,XCL1,1,3.19
CHM4A_HUMAN,Q9BY43,CHMP4A,Charged multivesicular body protein 4a,4,27,15,46,bin_5,52,4,CHMP4A,1,0.34
ACTN4_HUMAN,O43707,ACTN4,Alpha-actinin-4 ,14,13,19,46,bin_5,481,384,ACTN4,1,0.52
IRAK1_HUMAN,P51617,IRAK1,Interleukin-1 receptor-associated kinase 1 ,10,27,9,46,bin_5,1497,2030,IRAK1,1,2.45
PDPK1_HUMAN,O15530,PDPK1,3-phosphoinositide-dependent protein kinase 1,6,32,8,46,bin_5,677,1236,PDPK1,1,1.19
TMED2_HUMAN,Q15363,TMED2,Transmembrane emp24 domain-containing protein 2,3,28,15,46,bin_5,55,14,TMED2,1,0.48
CASP1_HUMAN,RKVRFSFEQP,CASP1,Caspase-1 subunit p10 ,8,27,11,46,bin_5,1260,34,CASP1,1,0.53
NFL_HUMAN,P07196,NEFL,Neurofilament light polypeptide,7,27,12,46,bin_5,315,1422,NEFL,1,2.38
MK08_HUMAN,P45983,MAPK8,Mitogen-activated protein kinase 8,9,30,7,46,bin_5,641,1776,MAPK8,1,1.68
CASR_HUMAN,P41180,CASR,Extracellular calcium-sensing receptor ,9,31,6,46,bin_5,2424,1648,CASR,1,0.3
ZBT16_HUMAN,Q05516,ZBTB16,Zinc finger and BTB domain-containing protein 16,10,29,7,46,bin_5,675,57,ZBTB16,1,0.52
NEU2_HUMAN,P01185,AVP,Copeptin,7,32,7,46,bin_5,11268,1519,AVP,1,0.84
PCKGC_HUMAN,P35558,PCK1,"Phosphoenolpyruvate carboxykinase, cytosolic [GTP] ",7,35,4,46,bin_5,824,774,PCK1,1,6.22
EGF_HUMAN,P01133,EGF,Epidermal growth factor,6,33,7,46,bin_5,37862,97063,EGF,1,0.72
SOX2_HUMAN,P48431,SOX2,Transcription factor SOX-2,8,31,7,46,bin_5,11567,4476,SOX2,1,1.61
HAVR2_HUMAN,Q8TDQ0,HAVCR2,Hepatitis A virus cellular receptor 2,1,40,5,46,bin_5,1398,1472,OAT,0,4.28
NICA_HUMAN,Q92542,NCSTN,Nicastrin,4,25,17,46,bin_5,137,615,NCSTN,1,0.53
VILI_HUMAN,P09327,VIL1,Villin-1,7,28,11,46,bin_5,124,49,VIL1,1,1.62
NDF1_HUMAN,Q13562,NEUROD1,Neurogenic differentiation factor 1,8,33,5,46,bin_5,1154,385,NEUROG1,0,2.13
ERBB3_HUMAN,P21860,ERBB3,Receptor tyrosine-protein kinase erbB-3,10,28,8,46,bin_5,2814,2093,ERBB3,1,1.88
KAT7_HUMAN,O95251,KAT7,Histone acetyltransferase KAT7 ,13,24,9,46,bin_5,160,141,KAT7,1,4.15
SOX8_HUMAN,P57073,SOX8,Transcription factor SOX-8,5,37,4,46,bin_5,250,4201,SOX8,1,0.81
LPAR1_HUMAN,Q92633,LPAR1,Lysophosphatidic acid receptor 1,5,30,11,46,bin_5,323,2219,LPAR1,1,0.91
LOX5_HUMAN,P09917,ALOX5,Polyunsaturated fatty acid 5-lipoxygenase ,5,30,11,46,bin_5,591,3711,ALOX5,1,0.29
FZD4_HUMAN,Q9ULV1,FZD4,Frizzled-4,12,29,6,47,bin_5,469,159,FZD4,1,1.94
JUN_HUMAN,P05412,JUN,Transcription factor Jun ,18,21,8,47,bin_5,3674677,120075,JUN,1,1.54
PAX8_HUMAN,Q06710,PAX8,Paired box protein Pax-8,8,36,3,47,bin_5,2284,130,PAX8,1,0.3
CALM3_HUMAN,Q96HK3,CALM3,Calmodulin-3 ,9,24,14,47,bin_5,77,36,CALM3,1,1.51
IL2_HUMAN,P60568,IL2,Interleukin-2,7,38,2,47,bin_5,58114,65311,IL2,1,0.45
AL1A2_HUMAN,O94788,ALDH1A2,Retinal dehydrogenase 2,4,40,3,47,bin_5,415,1376,RHO,0,2.5
TNR5_HUMAN,P25942,CD40,Tumor necrosis factor receptor superfamily member 5,5,34,8,47,bin_5,17235,9350,TNFRSF5,0,0.49
DDX5_HUMAN,P17844,DDX5,Probable ATP-dependent RNA helicase DDX5,16,21,10,47,bin_5,486,2,DDX5,1,0.8
ADCYA_HUMAN,Q96PN6,ADCY10,Adenylate cyclase type 10,6,27,14,47,bin_5,111,1430,ADCY10,1,0.51
CCL21_HUMAN,O00585,CCL21,C-C motif chemokine 21,4,41,2,47,bin_5,1766,0,CCL21,1,2.87
SPTN4_HUMAN,Q9H254,SPTBN4,"Spectrin beta chain, non-erythrocytic 4",8,19,20,47,bin_5,28,9,SPTBN4,1,0.91
MYO6_HUMAN,Q9UM54,MYO6,Unconventional myosin-VI,9,11,27,47,bin_5,199,79,MYO6,1,1.31
BAG6_HUMAN,Q5SRP9,BAG6,Large proline-rich protein BAG6 ,11,28,8,47,bin_5,230,5,BAG6,1,0.69
NPC1_HUMAN,O15118,NPC1,NPC intracellular cholesterol transporter 1 ,5,31,11,47,bin_5,1736,219,NPC1,1,1.06
DTBP1_HUMAN,Q96EV8,DTNBP1,Dysbindin,0,23,24,47,bin_5,418,424,DTNBP1,1,2.88
CFLAR_HUMAN,Q9UEW1,CFLAR,CASP8 and FADD-like apoptosis regulator subunit p12,6,36,5,47,bin_5,1179,2,CFLAR,1,2.96
IKKB_HUMAN,GSPDSMNASR,IKBKB,Inhibitor of nuclear factor kappa-B kinase subunit beta,11,29,7,47,bin_5,6526,459,IKBKB,1,1.09
GLI1_HUMAN,P08151,GLI1,Zinc finger protein GLI1,10,29,8,47,bin_5,3905,2301,GLI1,1,2.09
BCR_HUMAN,P11274,BCR,Breakpoint cluster region protein ,6,31,10,47,bin_5,45472,8431,BCR,1,0.5
PDX1_HUMAN,P52945,PDX1,Pancreas/duodenum homeobox protein 1,5,37,5,47,bin_5,3246,82,PDX1,1,3.08
HIP1_HUMAN,O00291,HIP1,Huntingtin-interacting protein 1,14,17,16,47,bin_5,344,162,HIP1,1,1.08
NSMA2_HUMAN,Q9NY59,SMPD3,Sphingomyelin phosphodiesterase 3 ,7,35,5,47,bin_5,240,1233,SMPD3,1,1.06
BOK_HUMAN,Q9UMX3,BOK,Bcl-2-related ovarian killer protein ,6,26,15,47,bin_5,2099,41,BOK,1,0.95
RO52_HUMAN,P19474,TRIM21,E3 ubiquitin-protein ligase TRIM21,9,29,9,47,bin_5,543,154,TRIM21,1,0.43
MP2K2_HUMAN,P36507,MAP2K2,Dual specificity mitogen-activated protein kinase kinase 2,11,22,14,47,bin_5,829,50,MAP2K2,1,2.55
XRCC6_HUMAN,P12956,XRCC6,X-ray repair cross-complementing protein 6,14,16,17,47,bin_5,1550,2088,ERCC6,0,2.36
ABCA7_HUMAN,Q8IZY2,ABCA7,Phospholipid-transporting ATPase ABCA7 ,9,27,11,47,bin_5,381,1,ABCA7,1,3.49
LIF_HUMAN,P15018,LIF,Leukemia inhibitory factor,4,40,3,47,bin_5,12592,7054,LIF,1,0.84
PPIA_HUMAN,Q9UC61,PPIA,"Peptidyl-prolyl cis-trans isomerase A, N-terminally processed",7,28,12,47,bin_5,599,2,PPIA,1,1.49
LCK_HUMAN,Q9NYT8,LCK,Tyrosine-protein kinase Lck,17,24,6,47,bin_5,3926,2828,LCK,1,0.65
FOXA1_HUMAN,P55317,FOXA1,Hepatocyte nuclear factor 3-alpha,9,33,5,47,bin_5,1645,938,FOXA1,1,0.28
RORA_HUMAN,P35398,RORA,Nuclear receptor ROR-alpha,14,29,4,47,bin_5,802,717,RORA,1,0.55
APEX1_HUMAN,P27695,APEX1,"DNA repair nuclease/redox regulator APEX1, mitochondrial",24,12,11,47,bin_5,1545,0,APEX1,1,0.22
NK1R_HUMAN,P25103,TACR1,Substance-P receptor,2,38,7,47,bin_5,178,4650,TACR1,1,1.79
AVR2B_HUMAN,Q13705,ACVR2B,Activin receptor type-2B,9,33,5,47,bin_5,208,33,ACVR2B,1,3.71
IFT20_HUMAN,Q8IY31,IFT20,Intraflagellar transport protein 20 homolog,2,25,20,47,bin_5,130,6,IFT20,1,5.28
ITPR1_HUMAN,Q14643,ITPR1,"Inositol 1,4,5-trisphosphate-gated calcium channel ITPR1 ",10,21,16,47,bin_5,949,1,ITPR1,1,0.47
VVSPALLDRE,P55290,CDH13,Cadherin-13,7,26,14,47,bin_5,479,462,CDH13,1,4.12
HCK_HUMAN,Q96CC0,HCK,Tyrosine-protein kinase HCK,6,31,10,47,bin_5,1216,622,HCK,1,2.47
NFIB_HUMAN,O00712,NFIB,Nuclear factor 1 B-type,6,37,5,48,bin_5,524,4,NFIB,1,1.65
ANGI_HUMAN,P03950,ANG,Angiogenin,11,25,12,48,bin_5,47092,1666,ANG,1,4.0
IRF3_HUMAN,Q14653,IRF3,Interferon regulatory factor 3 ,13,29,6,48,bin_5,4599,3485,IRF3,1,0.56
DAB2_HUMAN,P98082,DAB2,Disabled homolog 2,4,33,11,48,bin_5,537,652,DPVD,0,0.97
HAP1_HUMAN,P54257,HAP1,Huntingtin-associated protein 1,4,26,18,48,bin_5,819,134,HTTIP2,0,3.61
GHR_HUMAN,P10912,GHR,Growth hormone-binding protein ,11,26,11,48,bin_5,3018,869,GHBP,0,0.63
TNFL4_HUMAN,P23510,TNFSF4,Tumor necrosis factor ligand superfamily member 4,4,41,3,48,bin_5,574,995,TNFSF4,1,5.73
RBX1_HUMAN,P62877,RBX1,"E3 ubiquitin-protein ligase RBX1, N-terminally processed",9,27,12,48,bin_5,595,0,RBX1,1,1.65
RARG_HUMAN,Q9H1I3,RARG,Retinoic acid receptor gamma,9,33,6,48,bin_5,275,2639,RARG,1,2.61
CLAP1_HUMAN,Q7Z460,CLASP1,CLIP-associating protein 1,4,29,15,48,bin_5,88,6,CAP1,0,1.67
PTN1_HUMAN,P18031,PTPN1,Tyrosine-protein phosphatase non-receptor type 1,11,27,10,48,bin_5,1492,7445,PTPN1,1,2.14
ACTG_HUMAN,P63261,ACTG1,"Actin, cytoplasmic 2, N-terminally processed",8,17,23,48,bin_5,214,2,ACTN2,0,2.68
PTN2_HUMAN,P17706,PTPN2,Tyrosine-protein phosphatase non-receptor type 2,7,33,8,48,bin_5,481,6376,PTN2,0,1.43
PTN_HUMAN,P21246,PTN,Pleiotrophin ,8,34,6,48,bin_5,1902,908,PTN,1,0.76
RADI_HUMAN,P35241,RDX,Radixin,6,25,17,48,bin_5,1594,1559,RDX,1,0.45
CATH_HUMAN,P09668,CTSH,Cathepsin H light chain,9,26,13,48,bin_5,435,9,CTSH,1,3.02
SCRIB_HUMAN,Q14160,SCRIB,Protein scribble homolog,3,29,16,48,bin_5,472,59,MAST2,0,0.53
CHM2B_HUMAN,Q9UQN3,CHMP2B,Charged multivesicular body protein 2b,2,30,16,48,bin_5,234,58,CHMP2B,1,6.82
FZD5_HUMAN,Q13467,FZD5,Frizzled-5,8,29,11,48,bin_5,266,84,FZD5,1,2.19
LEG3_HUMAN,P17931,LGALS3,Galectin-3,9,23,16,48,bin_5,6158,5926,LAGE3,0,1.78
LIPL_HUMAN,P06858,LPL,Lipoprotein lipase,14,27,7,48,bin_5,8232,14357,LPL,1,1.46
DGKQ_HUMAN,P52824,DGKQ,Diacylglycerol kinase theta ,8,27,13,48,bin_5,29,82,DGKT1,0,2.8
AT1B1_HUMAN,P05026,ATP1B1,Sodium/potassium-transporting ATPase subunit beta-1,7,28,13,48,bin_5,206,5,ATP1B1,1,2.19
HLAE_HUMAN,P13747,HLA-E,"Soluble HLA class I histocompatibility antigen, alpha chain E",6,29,13,48,bin_5,1260,72,HLAG,0,2.51
THRB_HUMAN,P00734,F2,Thrombin heavy chain,7,33,8,48,bin_5,48978,380,F2,1,0.89
OPRK_HUMAN,P41145,OPRK1,Kappa-type opioid receptor,4,30,14,48,bin_5,221,71,OPRK1,1,1.18
B2L11_HUMAN,Q8WYM1,BCL2L11,Bcl-2-like protein 11,2,39,7,48,bin_5,1873,2041,BCL2L11,1,0.88
M3K5_HUMAN,Q99683,MAP3K5,Mitogen-activated protein kinase kinase kinase 5,12,31,5,48,bin_5,783,35118,MAP3K5,1,1.73
CALM2_HUMAN,Q96HK3,CALM2,Calmodulin-2 ,10,23,15,48,bin_5,140,87,SMTNL2,0,1.41
CREB3_HUMAN,O43889,CREB3,Processed cyclic AMP-responsive element-binding protein 3,14,22,12,48,bin_5,222,640,CREB3L3,0,2.88
KCC2D_HUMAN,Q13557,CAMK2D,Calcium/calmodulin-dependent protein kinase type II subunit delta,10,28,10,48,bin_5,198,49,CAMK2D,1,3.9
PDGFA_HUMAN,P04085,PDGFA,Platelet-derived growth factor subunit A,7,32,9,48,bin_5,1213,1254,PDGFA,1,1.9
SNF5_HUMAN,Q12824,SMARCB1,SWI/SNF-related matrix-associated actin-dependent regulator of chromatin subfamily B member 1,5,25,18,48,bin_5,1724,1308,SMARCB1,1,0.34
RAB8A_HUMAN,P61006,RAB8A,Ras-related protein Rab-8A,6,18,24,48,bin_5,361,3,RAB8A,1,1.5
BMP6_HUMAN,P22004,BMP6,Bone morphogenetic protein 6,4,43,1,48,bin_5,1382,823,BMP6,1,5.48
RAB5A_HUMAN,P20339,RAB5A,Ras-related protein Rab-5A,4,16,28,48,bin_5,380,5,RAB5A,1,0.69
CTNA1_HUMAN,P35221,CTNNA1,Catenin alpha-1 ,8,25,15,48,bin_5,733,6629,CTNNA1,1,1.92
MSX2_HUMAN,P35548,MSX2,Homeobox protein MSX-2,7,36,5,48,bin_5,983,88,MSX2,1,1.18
HLAA_HUMAN,Q9UQU7,HLA-A,"HLA class I histocompatibility antigen, A alpha chain",8,22,19,49,bin_5,16828,870,HLA-A,1,1.23
TBX20_HUMAN,Q9UMR3,TBX20,T-box transcription factor TBX20,6,40,3,49,bin_5,244,159,TBX20,1,0.64
DNLI4_HUMAN,P49917,LIG4,DNA ligase 4 ,6,36,7,49,bin_5,657,4573,LIG4,1,1.16
S26A6_HUMAN,Q9BXS9,SLC26A6,Solute carrier family 26 member 6,14,23,12,49,bin_5,282,175,SLC26A6,1,1.53
KCNA1_HUMAN,Q09470,KCNA1,Potassium voltage-gated channel subfamily A member 1 ,5,22,22,49,bin_5,472,354,KCNH2,0,0.69
NCKPL_HUMAN,P55160,NCKAP1L,Nck-associated protein 1-like ,4,38,7,49,bin_5,41,5,NAP1L1,0,2.55
CXA5_HUMAN,P36382,GJA5,Gap junction alpha-5 protein,9,35,5,49,bin_5,665,605,GJA5,1,3.22
MYCD_HUMAN,Q8IZQ8,MYOCD,Myocardin,6,41,2,49,bin_5,217,1168,MYOCARDIN,0,2.67
ARRB2_HUMAN,Q8N7Y2,ARRB2,Beta-arrestin-2,8,31,10,49,bin_5,658,1247,ARRB2,1,1.35
MT3_HUMAN,P25713,MT3,Metallothionein-3,6,30,13,49,bin_5,933,461,MT3,1,1.52
MYOD1_HUMAN,P15172,MYOD1,Myoblast determination protein 1,15,28,6,49,bin_5,1762,3427,MBD1,0,1.15
NEU1_HUMAN,P01178,OXT,Neurophysin 1,4,41,4,49,bin_5,1449,789,NPAS2,0,1.81
NDP_HUMAN,Q00604,NDP,Norrin,3,43,3,49,bin_5,2094,194,NRN1,0,0.8
ERCC2_HUMAN,P18074,ERCC2,General transcription and DNA repair factor IIH helicase subunit XPD,8,31,10,49,bin_5,1370,6,ERCC2,1,1.56
CDK6_HUMAN,Q00534,CDK6,Cyclin-dependent kinase 6,5,34,10,49,bin_5,3984,2330,CDK6,1,1.86
NPT2A_HUMAN,Q06495,SLC34A1,Sodium-dependent phosphate transport protein 2A,4,33,12,49,bin_5,324,26,SLC34A2,0,0.29
MRE11_HUMAN,P49959,MRE11,Double-strand break repair protein MRE11 ,9,29,11,49,bin_5,2336,1097,MRE11,1,1.25
DKK1_HUMAN,O94907,DKK1,Dickkopf-related protein 1,4,41,4,49,bin_5,3459,331,DKK1,1,0.65
NOS2_HUMAN,P35228,NOS2,"Nitric oxide synthase, inducible ",10,31,8,49,bin_5,14355,61550,NOS2,1,0.8
NMDZ1_HUMAN,Q5VSF5,GRIN1,"Glutamate receptor ionotropic, NMDA 1",10,23,16,49,bin_5,467,1814,GRIN1,1,1.01
SCRB1_HUMAN,Q8WTV0,SCARB1,Scavenger receptor class B member 1,13,27,9,49,bin_5,2104,0,SCARB1,1,1.33
SDF1_HUMAN,Q9H554,CXCL12,SDF-1-alpha(3-67),6,39,4,49,bin_5,10896,0,CXCL12,1,1.02
TS101_HUMAN,Q99816,TSG101,Tumor susceptibility gene 101 protein,8,27,14,49,bin_5,1050,505,TSG101,1,0.59
5HT2B_HUMAN,P41595,HTR2B,5-hydroxytryptamine receptor 2B,6,37,6,49,bin_5,196,1033,HTR2B,1,0.44
CHM1A_HUMAN,Q9HD42,CHMP1A,Charged multivesicular body protein 1a,5,26,18,49,bin_5,63,12,CHMP1A,1,0.61
CBP_HUMAN,Q92793,CREBBP,CREB-binding protein,18,23,8,49,bin_5,2384,14197,CREBBP,1,1.72
IL33_HUMAN,O95760,IL33,Interleukin-33 (109-270),2,39,8,49,bin_5,5917,0,IL1RL1,0,0.92
YBOX1_HUMAN,P67809,YBX1,Y-box-binding protein 1 ,11,22,16,49,bin_5,1260,1384,BXSBP,0,0.3
ERCC6_HUMAN,IILSGSPMQN,ERCC6,DNA excision repair protein ERCC-6,9,34,6,49,bin_5,510,5,ERCC6,1,0.28
S10A9_HUMAN,P06702,S100A9,Protein S100-A9,8,29,12,49,bin_5,2483,87,S100A9,1,1.56
CITE1_HUMAN,Q99966,CITED1,Cbp/p300-interacting transactivator 1,5,40,4,49,bin_5,206,80,CIT1,0,1.0
CAN3_HUMAN,P20807,CAPN3,Calpain-3 ,11,29,9,49,bin_5,471,417,CAPN3,1,0.84
SPI1_HUMAN,P17947,SPI1,Transcription factor PU.1 ,17,28,4,49,bin_5,1424,1426,SPI1,1,0.47
MOES_HUMAN,P26038,MSN,Moesin ,7,20,22,49,bin_5,17269,2000,MSN,1,1.6
SOX11_HUMAN,P35716,SOX11,Transcription factor SOX-11,5,40,4,49,bin_5,713,969,SOX11,1,0.25
FXR1_HUMAN,P51114,FXR1,RNA-binding protein FXR1 ,8,24,17,49,bin_5,289,236,FXR1,1,1.67
WNT7B_HUMAN,P56706,WNT7B,Protein Wnt-7b,3,39,7,49,bin_5,457,33,WNT7B,1,0.24
NOD1_HUMAN,LNEQGETIFI,NOD1,Nucleotide-binding oligomerization domain-containing protein 1 ,9,35,6,50,bin_5,1437,1142,NOD1,1,0.76
BCL3_HUMAN,P20749,BCL3,B-cell lymphoma 3 protein,5,34,11,50,bin_5,889,343,BCL3,1,1.85
DCTN1_HUMAN,Q9UIU1,DCTN1,Dynactin subunit 1,4,23,23,50,bin_5,343,1149,DCTN1,1,0.39
CHM2A_HUMAN,O43633,CHMP2A,Charged multivesicular body protein 2a,2,32,16,50,bin_5,78,15,CHMP2A,1,1.24
IL6RB_HUMAN,P40189,IL6ST,Interleukin-6 receptor subunit beta ,12,25,13,50,bin_5,1284,2540,IL6ST,1,1.02
CYFP1_HUMAN,Q7L576,CYFIP1,Cytoplasmic FMR1-interacting protein 1,4,25,21,50,bin_5,196,33,CYFIP1,1,1.1
BIRC2_HUMAN,Q13490,BIRC2,Baculoviral IAP repeat-containing protein 2,11,33,6,50,bin_5,368,54533,NAIP2,0,1.33
KPCA_HUMAN,P17252,PRKCA,Protein kinase C alpha type,10,29,11,50,bin_5,1450,848,PRKCA,1,2.9
CCL19_HUMAN,Q99731,CCL19,C-C motif chemokine 19,5,43,2,50,bin_5,1648,0,CCL19,1,0.93
NR1D1_HUMAN,P20393,NR1D1,Nuclear receptor subfamily 1 group D member 1,12,31,7,50,bin_5,764,604,NR1D1,1,1.8
NQO1_HUMAN,P15559,NQO1,NAD(P)H dehydrogenase [quinone] 1,7,37,6,50,bin_5,6046,4581,NQO1,1,0.49
FLCN_HUMAN,Q8NFG4,FLCN,Folliculin ,4,36,10,50,bin_5,610,597,BHD,0,0.3
CHMP3_HUMAN,Q9Y3E7,CHMP3,Charged multivesicular body protein 3,5,29,16,50,bin_5,81,78,CHMP3,1,0.26
PRGC1_HUMAN,Q4W5M7,PPARGC1A,Peroxisome proliferator-activated receptor gamma coactivator 1-alpha,12,33,5,50,bin_5,4486,5539,PPARGC1A,1,2.49
HDAC3_HUMAN,O15379,HDAC3,Histone deacetylase 3,14,27,9,50,bin_5,1998,1307,HDAC3,1,0.26
RUVB1_HUMAN,Q9Y265,RUVBL1,RuvB-like 1 ,9,24,17,50,bin_5,286,55,RVB1,0,1.88
PP2BB_HUMAN,P16298,PPP3CB,Serine/threonine-protein phosphatase 2B catalytic subunit beta isoform,8,33,9,50,bin_5,82,1,PPP3CB,1,2.25
CRYAB_HUMAN,P02511,CRYAB,Alpha-crystallin B chain,9,24,17,50,bin_5,710,1020,CRYAB,1,0.84
CADH5_HUMAN,P33151,CDH5,Cadherin-5 ,10,29,11,50,bin_5,424,1953,CDH5,1,4.4
ADAM8_HUMAN,P78325,ADAM8,Disintegrin and metalloproteinase domain-containing protein 8,8,30,12,50,bin_5,316,45,ADAMTS8,0,0.86
VINC_HUMAN,P18206,VCL,Vinculin,8,17,25,50,bin_5,1514,4416,VCL,1,2.41
P2RY1_HUMAN,P47900,P2RY1,P2Y purinoceptor 1,9,30,11,50,bin_5,574,3523,P2RY1,1,1.5
OSTCN_HUMAN,P02818,BGLAP,Osteocalcin,5,37,8,50,bin_5,664,21696,BGLAP,1,0.48
ACHA7_HUMAN,P36544,CHRNA7,Neuronal acetylcholine receptor subunit alpha-7,9,33,8,50,bin_5,2003,233,CHRNA7,1,0.5
E2AK3_HUMAN,Q9NZJ5,EIF2AK3,Eukaryotic translation initiation factor 2-alpha kinase 3,9,34,7,50,bin_5,735,215,EIF2AK3,1,2.08
DNRIVLNGID,O15294,OGT,UDP-N-acetylglucosamine--peptide N-acetylglucosaminyltransferase 110 kDa subunit,4,34,12,50,bin_5,1815,2,B4GALT1,0,0.53
S22A1_HUMAN,O15245,SLC22A1,Solute carrier family 22 member 1 ,18,25,7,50,bin_5,431,827,SLC22A1,1,2.07
PCNA_HUMAN,P12004,PCNA,Proliferating cell nuclear antigen,13,22,15,50,bin_5,26193,20333,PCNA,1,0.28
TSPO_HUMAN,P30536,TSPO,Translocator protein,5,38,7,50,bin_5,2125,410608,TSPO,1,0.32
AGO2_HUMAN,Q9UKV8,AGO2,Protein argonaute-2 ,15,23,13,51,bin_5,2247,723,AGO2,1,0.27
GREM1_HUMAN,O60565,GREM1,Gremlin-1,7,41,3,51,bin_5,634,226,GREM1,1,0.27
ABCA2_HUMAN,Q9BZC7,ABCA2,ATP-binding cassette sub-family A member 2 ,8,33,10,51,bin_5,148,577,ABCA2,1,0.29
IL4_HUMAN,P05112,IL4,Interleukin-4,3,46,2,51,bin_5,53565,31622,IL4,1,0.48
HMOX1_HUMAN,P09601,HMOX1,Heme oxygenase 1 soluble form ,7,35,9,51,bin_5,6260,31,HMOX1,1,1.15
SKI_HUMAN,P12755,SKI,Ski oncogene,11,31,9,51,bin_5,5233,565,SKIL,0,2.1
VAMP2_HUMAN,P63027,VAMP2,Vesicle-associated membrane protein 2 ,7,19,25,51,bin_5,1225,743,VAMP2,1,0.55
CCL2_HUMAN,P13500,CCL2,C-C motif chemokine 2,5,44,2,51,bin_5,21993,0,CCL2,1,0.29
CD3E_HUMAN,P07766,CD3E,T-cell surface glycoprotein CD3 epsilon chain,6,34,11,51,bin_5,583,415,CD3E,1,0.86
AT2A2_HUMAN,P16615,ATP2A2,Sarcoplasmic/endoplasmic reticulum calcium ATPase 2 ,9,32,10,51,bin_5,1016,7549,ATP2A2,1,0.25
IL1A_HUMAN,P01583,IL1A,Interleukin-1 alpha,3,43,5,51,bin_5,1808,6337,IL1A,1,1.31
ITCH_HUMAN,Q9BY75,ITCH,E3 ubiquitin-protein ligase Itchy homolog,8,31,12,51,bin_5,33778,13,ITCH,1,1.55
ACL6A_HUMAN,O96019,ACTL6A,Actin-like protein 6A,2,34,15,51,bin_5,108,30,ACTL6A,1,1.41
VPS54_HUMAN,Q9P1Q0,VPS54,Vacuolar protein sorting-associated protein 54,1,40,10,51,bin_5,71,3,VPS54,1,1.25
SC6A3_HUMAN,Q01959,SLC6A3,Sodium-dependent dopamine transporter,12,25,14,51,bin_5,1872,55,SLC6A3,1,0.58
FERM2_HUMAN,Q96AC1,FERMT2,Fermitin family homolog 2,7,30,14,51,bin_5,127,16,FAM20B,0,2.21
ENPP1_HUMAN,P22413,ENPP1,"Ectonucleotide pyrophosphatase/phosphodiesterase family member 1, secreted form ",19,26,6,51,bin_5,692,3,ENPP1,1,2.42
RAF1_HUMAN,P04049,RAF1,RAF proto-oncogene serine/threonine-protein kinase ,8,35,8,51,bin_5,3929,17655,BRAF,0,0.54
ACTN2_HUMAN,P35609,ACTN2,Alpha-actinin-2,14,20,17,51,bin_5,228,169,ACTN2,1,0.51
SLIT2_HUMAN,O94813,SLIT2,Slit homolog 2 protein C-product,8,38,5,51,bin_5,732,0,SLIT2,1,3.15
TNR16_HUMAN,P08138,NGFR,Tumor necrosis factor receptor superfamily member 16,10,27,14,51,bin_5,1875,535,TNFRSF16,0,0.21
STK4_HUMAN,Q13043,STK4,Serine/threonine-protein kinase 4 18kDa subunit,9,36,6,51,bin_5,410,1,STK4,1,2.6
PO4F1_HUMAN,Q01851,POU4F1,"POU domain, class 4, transcription factor 1 ",10,35,6,51,bin_5,266,324,POU4F1,1,0.91
SMAD6_HUMAN,O43541,SMAD6,Mothers against decapentaplegic homolog 6,12,30,9,51,bin_5,677,3759,SMAD6,1,1.59
GSTP1_HUMAN,P09211,GSTP1,Glutathione S-transferase P ,8,32,11,51,bin_5,4398,46980,GSTP1,1,4.66
RAB7A_HUMAN,P51149,RAB7A,Ras-related protein Rab-7a ,6,25,20,51,bin_5,225,19,RAB7A,1,0.76
HIP1R_HUMAN,O75146,HIP1R,Huntingtin-interacting protein 1-related protein,13,21,17,51,bin_5,114,31,HIP1R,1,0.81
PK3CB_HUMAN,P42338,PIK3CB,"Phosphatidylinositol 4,5-bisphosphate 3-kinase catalytic subunit beta isoform",7,34,10,51,bin_5,343,64,PIK3CB,1,2.25
FKRP_HUMAN,Q9H9S5,FKRP,Ribitol 5-phosphate transferase FKRP ,5,38,8,51,bin_5,318,11,FKRP,1,0.73
EGR1_HUMAN,P18146,EGR1,Early growth response protein 1 ,14,33,4,51,bin_5,6343,3802,EGR1,1,0.48
NEP_HUMAN,SVARLIRQEE,MME,Neprilysin ,9,24,19,52,bin_5,2663,7232,MMP24,0,1.51
MIF_HUMAN,P14174,MIF,Macrophage migration inhibitory factor ,7,34,11,52,bin_5,6834,5631,MIF,1,2.81
GLI2_HUMAN,P10070,GLI2,Zinc finger protein GLI2 ,7,37,8,52,bin_5,1559,923,GLI2,1,0.25
NBN_HUMAN,O60934,NBN,Nibrin ,6,33,13,52,bin_5,1888,159,NBN,1,1.5
AT1A1_HUMAN,Q9UJ21,ATP1A1,Sodium/potassium-transporting ATPase subunit alpha-1,10,22,20,52,bin_5,611,7,ATP1A1,1,1.05
PLAK_HUMAN,P14923,JUP,Junction plakoglobin,10,22,20,52,bin_5,514,2498,JUP,1,0.63
ARF_HUMAN,Q8N726,CDKN2A,Tumor suppressor ARF ,8,38,6,52,bin_5,14563,1930,TP53,0,0.64
PRIC1_HUMAN,Q96MT3,PRICKLE1,Prickle-like protein 1,2,45,5,52,bin_5,140,1,PRL1,0,0.55
VNLDGEVIGV,O43464,HTRA2,"Serine protease HTRA2, mitochondrial",7,33,12,52,bin_5,685,372,HTRA2,1,2.87
RAN_HUMAN,Q9CWI7,RAN,GTP-binding nuclear protein Ran,12,21,19,52,bin_5,30560,1465,RAN,1,2.22
PTPRJ_HUMAN,Q12913,PTPRJ,Receptor-type tyrosine-protein phosphatase eta,9,36,7,52,bin_5,246,1,PTPRJ,1,3.58
NMDE1_HUMAN,Q12879,GRIN2A,"Glutamate receptor ionotropic, NMDA 2A ",5,34,13,52,bin_5,489,187,GRIN2A,1,2.66
ADRB2_HUMAN,Q9UHA1,ADRB2,Beta-2 adrenergic receptor,8,32,12,52,bin_5,1183,9952,ADRB2,1,4.41
STX4_HUMAN,Q12846,STX4,Syntaxin-4,3,24,25,52,bin_5,84,3106,STS1,0,2.59
TAF1_HUMAN,Q70Q87,TAF1,Transcription initiation factor TFIID subunit 1 ,19,27,6,52,bin_5,412,73,TAF1,1,1.81
FURIN_HUMAN,P09958,FURIN,Furin ,11,30,11,52,bin_5,3977,3977,FURIN,1,1.54
CREB1_HUMAN,P16220,CREB1,Cyclic AMP-responsive element-binding protein 1,9,37,6,52,bin_5,3245,7304,CREB1,1,2.3
ITB2_HUMAN,P05107,ITGB2,Integrin beta-2,8,28,16,52,bin_5,517,2190,ITGB2,1,0.37
TBX5_HUMAN,Q99593,TBX5,T-box transcription factor TBX5,7,39,7,53,bin_5,1062,526,TBX5,1,0.47
P2RX4_HUMAN,Q99571,P2RX4,P2X purinoceptor 4,9,34,10,53,bin_5,336,3044,P2RX4,1,0.21
KPCI_HUMAN,P41743,PRKCI,Protein kinase C iota type,7,28,18,53,bin_5,127,111,PRKCI,1,1.47
GPX1_HUMAN,P07203,GPX1,Glutathione peroxidase 1 ,3,46,4,53,bin_5,3046,2423,GPX1,1,0.52
LRP5_HUMAN,O75197,LRP5,Low-density lipoprotein receptor-related protein 5 ,3,45,5,53,bin_5,1639,911,LRP5,1,3.28
NLRP3_HUMAN,Q5JQS8,NLRP3,"NACHT, LRR and PYD domains-containing protein 3 ",15,27,11,53,bin_5,20223,12549,NLRP3,1,0.66
TIE2_HUMAN,CKLRCSCNNG,TEK,Angiopoietin-1 receptor,6,34,13,53,bin_5,2195,1558,TEK,1,1.46
RUNX2_HUMAN,Q13950,RUNX2,Runt-related transcription factor 2,9,38,6,53,bin_5,11362,3697,RUNX2,1,0.26
TBA1A_HUMAN,Q71U36,TUBA1A,Detyrosinated tubulin alpha-1A chain,8,33,12,53,bin_5,238,0,TUBA1A,1,1.09
FGF9_HUMAN,P31371,FGF9,Fibroblast growth factor 9,3,47,3,53,bin_5,803,494,FGF9,1,2.34
NKX21_HUMAN,P43699,NKX2-1,Homeobox protein Nkx-2.1,9,40,4,53,bin_5,1760,1435,NKX2-1,1,2.01
BCL10_HUMAN,O95999,BCL10,B-cell lymphoma/leukemia 10,10,32,11,53,bin_5,823,5168,BCL10,1,0.9
NODAL_HUMAN,Q96S42,NODAL,Nodal homolog,4,48,1,53,bin_5,58639,278,NODAL,1,1.28
NRAM1_HUMAN,P49279,SLC11A1,Natural resistance-associated macrophage protein 1 ,6,39,8,53,bin_5,381,843,NRAMP1,0,0.84
NR1H3_HUMAN,Q13133,NR1H3,Oxysterols receptor LXR-alpha,10,36,7,53,bin_5,1258,3526,NR1H3,1,0.8
NTRK2_HUMAN,Q16620,NTRK2,BDNF/NT-3 growth factors receptor,6,35,12,53,bin_5,1219,154,NTRK2,1,2.05
DINTKPKKEN,P55011,SLC12A2,Solute carrier family 12 member 2,8,29,16,53,bin_5,723,833,SLC12A2,1,3.62
BIRC5_HUMAN,Q9P2W8,BIRC5,Baculoviral IAP repeat-containing protein 5,13,22,18,53,bin_5,5902,10483,NAIP5,0,2.17
NEDD4_HUMAN,CQININGELE,NEDD4,E3 ubiquitin-protein ligase NEDD4,10,31,13,54,bin_5,1682,1239,NEDD4,1,2.57
ANAG_HUMAN,P54802,NAGLU,Alpha-N-acetylglucosaminidase 77 kDa form,1,50,3,54,bin_5,250,1,NAGA,0,1.08
FER_HUMAN,P16591,FER,Tyrosine-protein kinase Fer,6,38,10,54,bin_5,4554,242,FER,1,1.57
SYT1_HUMAN,P21579,SYT1,Synaptotagmin-1 ,14,20,20,54,bin_5,776,1324,SYT1,1,0.51
SYT11_HUMAN,Q9BT88,SYT11,Synaptotagmin-11 ,9,20,25,54,bin_5,63,2192,SYT11,1,4.33
CSF1_HUMAN,P09603,CSF1,Macrophage colony-stimulating factor 1 43 kDa subunit ,5,41,8,54,bin_5,3064,0,CSF1R,0,4.07
LAT1_HUMAN,Q01650,SLC7A5,Large neutral amino acids transporter small subunit 1,9,33,12,54,bin_5,958,20,SLC7A5,1,0.59
WNK1_HUMAN,Q6IFS5,WNK1,Serine/threonine-protein kinase WNK1 ,8,39,7,54,bin_5,639,464,WNK1,1,1.51
LEG9_HUMAN,O00182,LGALS9,Galectin-9,5,44,5,54,bin_5,616,1064,L9M1,0,1.54
MERL_HUMAN,Q9BTW3,NF2,Merlin,2,33,19,54,bin_5,3212,4051,NF2,1,0.34
1433E_HUMAN,P62258,YWHAE,14-3-3 protein epsilon,19,26,9,54,bin_5,377,349,YWHAE,1,3.51
SNAI2_HUMAN,O43623,SNAI2,Zinc finger protein SNAI2,9,41,4,54,bin_5,1091,150,SNAI2,1,3.13
FLOT1_HUMAN,O75955,FLOT1,Flotillin-1,2,26,26,54,bin_5,141,862,FLOT1,1,3.29
GELS_HUMAN,P06396,GSN,Gelsolin,6,31,17,54,bin_5,839,2732,GSN,1,1.3
ANK3_HUMAN,Q12955,ANK3,Ankyrin-3 ,7,25,22,54,bin_5,416,60,ANKS1B,0,4.02
RAB3A_HUMAN,P20336,RAB3A,Ras-related protein Rab-3A,5,30,19,54,bin_5,681,7,RAB3A,1,2.16
SDCB1_HUMAN,O00560,SDCBP,Syntenin-1,14,19,21,54,bin_5,172,264,SYNPR,0,2.08
TSC1_HUMAN,Q92574,TSC1,Hamartin ,5,35,14,54,bin_5,2713,1421,TSC1,1,1.05
DMD_HUMAN,Q02295,DMD,Dystrophin,8,28,18,54,bin_5,11780,9967,DMD,1,1.77
DNM1L_HUMAN,Q7L6B3,DNM1L,Dynamin-1-like protein,10,28,16,54,bin_5,1557,122,DNM1L,1,2.47
VPS4B_HUMAN,O75351,VPS4B,Vacuolar protein sorting-associated protein 4B ,5,35,14,54,bin_5,127,9,VPS4B,1,0.87
PHB2_HUMAN,Q99623,PHB2,Prohibitin-2,6,32,16,54,bin_5,1221,238,PHB2,1,0.69
SC6A4_HUMAN,P31645,SLC6A4,Sodium-dependent serotonin transporter,13,31,10,54,bin_5,4849,8159,SLC6A4,1,1.45
TYY1_HUMAN,P25490,YY1,Transcriptional repressor protein YY1,15,31,8,54,bin_5,2452,1817,YY1,1,2.24
CHM4B_HUMAN,Q9H444,CHMP4B,Charged multivesicular body protein 4b,3,31,20,54,bin_5,161,18,CHMP4B,1,1.38
CLAP2_HUMAN,O75122,CLASP2,CLIP-associating protein 2,5,30,20,55,bin_5,108,5,CAP2,0,0.55
JAG1_HUMAN,P78504,JAG1,Protein jagged-1,6,44,5,55,bin_5,1976,1849,JAG1,1,0.85
NIPBL_HUMAN,Q6KC79,NIPBL,Nipped-B-like protein,7,39,9,55,bin_5,430,35,NIPBL,1,4.47
CFTR_HUMAN,P13569,CFTR,Cystic fibrosis transmembrane conductance regulator ,16,21,18,55,bin_5,14074,13542,CFTR,1,1.0
NRG1_HUMAN,Q15491,NRG1,Neuregulin-1,11,37,7,55,bin_5,2457,2924,NRG1,1,1.23
BIN1_HUMAN,O75515,BIN1,Myc box-dependent-interacting protein 1,10,22,23,55,bin_5,676,1,MIP1,0,1.72
CCR7_HUMAN,P32248,CCR7,C-C chemokine receptor type 7,6,45,4,55,bin_5,4852,705,CCR7,1,2.17
TRPV1_HUMAN,Q8NER1,TRPV1,Transient receptor potential cation channel subfamily V member 1,14,35,6,55,bin_5,8829,468,TRPV1,1,0.29
NAC1_HUMAN,Q9UDN1,SLC8A1,Sodium/calcium exchanger 1,6,35,14,55,bin_5,136,594,NCCX,0,0.31
LIRB1_HUMAN,Q8NHL6,LILRB1,Leukocyte immunoglobulin-like receptor subfamily B member 1,11,40,4,55,bin_5,417,41,LILRB1,1,1.9
AURKB_HUMAN,O95083,AURKB,Aurora kinase B ,5,35,15,55,bin_5,1466,1540,AURKB,1,0.94
CSF1R_HUMAN,P07333,CSF1R,Macrophage colony-stimulating factor 1 receptor,7,42,6,55,bin_5,2384,7226,CSF1R,1,2.85
BNIP3_HUMAN,Q12983,BNIP3,BCL2/adenovirus E1B 19 kDa protein-interacting protein 3 ,3,42,10,55,bin_5,1812,0,BNIP3,1,1.31
BTK_HUMAN,Q06187,BTK,Tyrosine-protein kinase BTK,8,40,7,55,bin_5,4838,2655,BTK,1,2.04
PCSK9_HUMAN,Q8NBP7,PCSK9,Proprotein convertase subtilisin/kexin type 9,10,27,18,55,bin_5,6392,5180,PCSK9,1,0.84
HES5_HUMAN,Q5TA89,HES5,Transcription factor HES-5,6,46,3,55,bin_5,632,41,HES5,1,0.25
IQGA1_HUMAN,P46940,IQGAP1,Ras GTPase-activating-like protein IQGAP1,15,17,23,55,bin_5,727,23,IQGAP1,1,1.7
FOXC2_HUMAN,Q99958,FOXC2,Forkhead box protein C2,11,40,4,55,bin_5,608,177,FOXC2,1,2.69
APOA4_HUMAN,P06727,APOA4,Apolipoprotein A-IV,10,31,14,55,bin_5,379,1069,APOA4,1,1.21
ITBP1_HUMAN,O14713,ITGB1BP1,Integrin beta-1-binding protein 1,3,39,13,55,bin_5,71,58,ITGB1BP1,1,0.52
TBX2_HUMAN,Q13207,TBX2,T-box transcription factor TBX2,8,44,4,56,bin_5,458,275,TBX2,1,0.3
PK3CG_HUMAN,P48736,PIK3CG,"Phosphatidylinositol 4,5-bisphosphate 3-kinase catalytic subunit gamma isoform",10,41,5,56,bin_5,606,60,PIK3CG,1,4.63
S22A2_HUMAN,O15244,SLC22A2,Solute carrier family 22 member 2 ,18,31,7,56,bin_5,598,786,SLC22A2,1,0.49
KPCB_HUMAN,Q9UEH8,PRKCB,Protein kinase C beta type,12,33,11,56,bin_5,273,360,PRKCB,1,0.27
DYN2_HUMAN,P50570,DNM2,Dynamin-2 ,6,25,25,56,bin_5,335,1233,DNM2,1,2.09
EPHA2_HUMAN,P29317,EPHA2,Ephrin type-A receptor 2,7,40,9,56,bin_5,1558,1378,EPHA2,1,0.2
PGFRB_HUMAN,P09619,PDGFRB,Platelet-derived growth factor receptor beta,12,33,11,56,bin_5,6357,6239,PDGFRB,1,2.66
AK1C3_HUMAN,Q9UKL9,AKR1C3,Aldo-keto reductase family 1 member C3,23,29,4,56,bin_5,711,362,AKR1C3,1,2.02
APOB_HUMAN,Q13788,APOB,Apolipoprotein B-48,5,26,25,56,bin_5,16842,855,APOB,1,1.97
FOXF1_HUMAN,Q12946,FOXF1,Forkhead box protein F1,6,47,3,56,bin_5,408,141,FOXF1,1,0.24
FOSL2_HUMAN,P15408,FOSL2,Fos-related antigen 2,6,46,4,56,bin_5,415,332,FOSL2,1,3.5
SOX17_HUMAN,Q9H6I2,SOX17,Transcription factor SOX-17,6,46,4,56,bin_5,1090,711,SOX17,1,0.41
ATG5_HUMAN,Q9H1Y0,ATG5,Autophagy protein 5 ,1,42,13,56,bin_5,5193,1751,ATG5,1,2.96
APC_HUMAN,P25054,APC,Adenomatous polyposis coli protein,8,30,18,56,bin_5,35292,4220,APC,1,1.37
REST_HUMAN,Q13127,REST,RE1-silencing transcription factor,9,42,5,56,bin_5,199689,849,NFAT5,0,0.52
PAK1_HUMAN,Q13153,PAK1,Serine/threonine-protein kinase PAK 1 ,7,31,18,56,bin_5,2031,3064,PAK1,1,2.1
MMP14_HUMAN,P50281,MMP14,Matrix metalloproteinase-14,6,41,9,56,bin_5,2209,1849,MMP14,1,0.52
CD4_HUMAN,P01730,CD4,T-cell surface glycoprotein CD4,16,32,8,56,bin_5,204530,22242,CD4,1,1.44
TGFB3_HUMAN,P10600,TGFB3,Transforming growth factor beta-3,8,39,9,56,bin_5,2846,1102,TGFB3,1,0.45
HMGA2_HUMAN,P52926,HMGA2,High mobility group protein HMGI-C,15,35,6,56,bin_5,1991,90,HMGA2,1,0.65
CO1A1_HUMAN,Q15201,COL1A1,Collagen alpha-1(I) chain,5,45,6,56,bin_5,5854,2063,COL1A1,1,0.2
COMT_HUMAN,P21964,COMT,Catechol O-methyltransferase ,4,44,8,56,bin_5,6187,6472,COMT,1,7.04
COR1A_HUMAN,P31146,CORO1A,Coronin-1A,8,31,17,56,bin_5,117,103,CORONIN1A,0,0.72
ACHB2_HUMAN,P17787,CHRNB2,Neuronal acetylcholine receptor subunit beta-2,7,39,10,56,bin_5,168,219,CHRNA2,0,0.32
UFO_HUMAN,P30530,AXL,Tyrosine-protein kinase receptor UFO,7,42,7,56,bin_5,2912,54,HOXA1,0,1.64
HYAL2_HUMAN,Q12891,HYAL2,Hyaluronidase-2,9,33,15,57,bin_5,301,117,HYAL2,1,1.01
HAND2_HUMAN,P61296,HAND2,Heart- and neural crest derivatives-expressed protein 2,9,44,4,57,bin_5,685,65,HAND2,1,0.25
AXIN1_HUMAN,SGKSASTEVP,AXIN1,Axin-1,14,30,13,57,bin_5,666,70,AXIN1,1,0.29
EDNRB_HUMAN,Q8NHM9,EDNRB,Endothelin receptor type B ,3,52,2,57,bin_5,774,1566,EDNRB,1,3.31
MP2K1_HUMAN,Q02750,MAP2K1,Dual specificity mitogen-activated protein kinase kinase 1 ,11,35,11,57,bin_5,2468,141,MAP2K1,1,0.22
INP5K_HUMAN,Q9BT40,INPP5K,Inositol polyphosphate 5-phosphatase K ,11,35,11,57,bin_5,34,45,INPP5K,1,0.72
TTP_HUMAN,P26651,ZFP36,mRNA decay activator protein ZFP36 ,12,38,7,57,bin_5,656,136,ZFP36,1,1.44
FCG2B_HUMAN,P31994,FCGR2B,Low affinity immunoglobulin gamma Fc region receptor II-b,5,48,4,57,bin_5,626,3,FCGR2B,1,0.74
FADD_HUMAN,Q13158,FADD,FAS-associated death domain protein ,11,38,8,57,bin_5,4331,2434,FADD,1,0.84
CALM1_HUMAN,Q96HK3,CALM1,Calmodulin-1 ,9,31,17,57,bin_5,251,129,CALM1,1,1.54
STXB1_HUMAN,P61764,STXBP1,Syntaxin-binding protein 1,8,30,19,57,bin_5,503,1148,STXBP1,1,0.52
CATA_HUMAN,P04040,CAT,Catalase,10,32,15,57,bin_5,167775,84774,CAT,1,0.49
TRAF2_HUMAN,Q12933,TRAF2,TNF receptor-associated factor 2,17,28,12,57,bin_5,2054,1258,TRAF2,1,0.59
HMGB2_HUMAN,P26583,HMGB2,High mobility group protein B2,17,31,9,57,bin_5,642,96,HMGB2,1,0.33
CHD7_HUMAN,Q9NXA3,CHD7,Chromodomain-helicase-DNA-binding protein 7,9,44,4,57,bin_5,696,188,CHD7,1,0.52
PLEC_HUMAN,Q6S382,PLEC,Plectin,7,33,17,57,bin_5,559,725,PLEC,1,2.87
SMAD1_HUMAN,Q15797,SMAD1,Mothers against decapentaplegic homolog 1,12,34,11,57,bin_5,3358,10257,SMAD1,1,0.68
BIP_HUMAN,P11021,HSPA5,Endoplasmic reticulum chaperone BiP ,14,26,17,57,bin_5,6553,6260,HSPA5,1,0.57
FOXO1_HUMAN,Q12778,FOXO1,Forkhead box protein O1 ,13,38,6,57,bin_5,7205,4117,FOXO1,1,0.2
ITA3_HUMAN,P26006,ITGA3,Integrin alpha-3 light chain,8,30,19,57,bin_5,276,13,ITGAL,0,3.09
KSPKVLKGHD,Q969H0,FBXW7,F-box/WD repeat-containing protein 7 ,8,36,13,57,bin_5,1638,936,FBXW7,1,2.0
ADCY8_HUMAN,P40145,ADCY8,Adenylate cyclase type 8 ,10,29,19,58,bin_5,80,1274,ADCY8,1,4.3
AAPK2_HUMAN,P54646,PRKAA2,5'-AMP-activated protein kinase catalytic subunit alpha-2,11,36,11,58,bin_5,374,32,PRKAA2,1,3.34
SOX4_HUMAN,Q06945,SOX4,Transcription factor SOX-4 ,7,45,6,58,bin_5,1021,968,SOX4,1,1.63
RTN4_HUMAN,Q9H3I3,RTN4,Reticulon-4 ,5,41,12,58,bin_5,783,115,RTN4,1,1.89
CDK2_HUMAN,P24941,CDK2,Cyclin-dependent kinase 2,8,31,19,58,bin_5,9280,5141,CDK2,1,2.48
GATA4_HUMAN,P43694,GATA4,Transcription factor GATA-4,14,39,5,58,bin_5,3429,2142,GATA4,1,0.63
KDM1A_HUMAN,O60341,KDM1A,Lysine-specific histone demethylase 1A ,19,32,7,58,bin_5,1256,107,KDM1A,1,2.5
NUMA1_HUMAN,Q14980,NUMA1,Nuclear mitotic apparatus protein 1 ,10,20,28,58,bin_5,350,1235,NUMA1,1,2.58
NLGN2_HUMAN,Q8NFZ4,NLGN2,Neuroligin-2,4,40,14,58,bin_5,78,210,NLGN2,1,0.28
CLC7A_HUMAN,Q96PA4,CLEC7A,C-type lectin domain family 7 member A,6,48,4,58,bin_5,293,102,CLEC7A,1,2.15
ITA2_HUMAN,P17301,ITGA2,Integrin alpha-2,10,39,9,58,bin_5,428,1606,ITGA2,1,0.75
RAD51_HUMAN,Q06609,RAD51,DNA repair protein RAD51 homolog 1 ,12,25,21,58,bin_5,6176,1128,BRCA2,0,1.8
IRGM_HUMAN,A1A4Y4,IRGM,Immunity-related GTPase family M protein ,9,37,12,58,bin_5,347,57,IRGM,1,0.51
VPS35_HUMAN,Q9NZK2,VPS35,Vacuolar protein sorting-associated protein 35,1,39,19,59,bin_5,562,26,VPS35,1,1.5
NPM_HUMAN,Q96DC4,NPM1,Nucleophosmin,15,31,13,59,bin_5,3243,3654,NPM1,1,1.85
OSR1_HUMAN,Q8TAX0,OSR1,Protein odd-skipped-related 1,4,51,4,59,bin_5,430,55,ODS1,0,1.6
TRI32_HUMAN,Q13049,TRIM32,E3 ubiquitin-protein ligase TRIM32 ,11,40,8,59,bin_5,248,157,TRIM32,1,1.33
LRP2_HUMAN,P98164,LRP2,Low-density lipoprotein receptor-related protein 2,8,36,15,59,bin_5,486,842,LRP2,1,2.09
MSX1_HUMAN,P28360,MSX1,Homeobox protein MSX-1 ,8,46,5,59,bin_5,1249,118,MSX1,1,0.82
SMAD7_HUMAN,O15105,SMAD7,Mothers against decapentaplegic homolog 7,10,39,10,59,bin_5,3021,3301,SMAD7,1,1.77
TISB_HUMAN,Q07352,ZFP36L1,mRNA decay activator protein ZFP36L1 ,6,48,5,59,bin_5,172,18,ZFP36L1,1,0.31
SRBP1_HUMAN,Q8TAK9,SREBF1,Processed sterol regulatory element-binding protein 1 ,13,36,10,59,bin_5,2541,556,SREBF1,1,0.92
ARF6_HUMAN,P62330,ARF6,ADP-ribosylation factor 6 ,6,35,18,59,bin_5,1247,818,ARF6,1,1.73
ACVR1_HUMAN,Q04771,ACVR1,Activin receptor type-1,15,40,4,59,bin_5,751,271,ACVR1,1,0.88
RPGF2_HUMAN,Q9Y4G8,RAPGEF2,Rap guanine nucleotide exchange factor 2,9,37,14,60,bin_5,88,187,RABGEF2,0,2.0
CRF_HUMAN,P06850,CRH,Corticoliberin,6,49,5,60,bin_5,8118,16634,CRH,1,0.19
KCNJ8_HUMAN,Q15842,KCNJ8,ATP-sensitive inward rectifier potassium channel 8,7,45,8,60,bin_5,124,481,KCNJ8,1,2.96
HIPK2_HUMAN,Q9H2X6,HIPK2,Homeodomain-interacting protein kinase 2,10,43,7,60,bin_5,487,318,HIPK2,1,3.32
AT132_HUMAN,Q9NQ11,ATP13A2,Polyamine-transporting ATPase 13A2 ,11,35,14,60,bin_5,388,3,SLC7A5,0,1.38
SNP25_HUMAN,Q5U0B5,SNAP25,Synaptosomal-associated protein 25,8,21,31,60,bin_5,2950,1952,SNAP25,1,5.34
GCR_HUMAN,P04150,NR3C1,Glucocorticoid receptor,19,29,12,60,bin_5,1561,28702,NR3C1,1,2.4
HS71B_HUMAN,P0DMV9,HSPA1B,Heat shock 70 kDa protein 1B ,15,25,20,60,bin_5,357,105,HSP70B',0,2.32
GHSR_HUMAN,Q92847,GHSR,Growth hormone secretagogue receptor type 1,5,47,8,60,bin_5,1327,2972,GHSR,1,0.82
RYR2_HUMAN,LPRHRAVNLF,RYR2,Ryanodine receptor 2 ,12,38,10,60,bin_5,8443,7898,RYR2,1,0.48
TFR1_HUMAN,P02786,TFRC,"Transferrin receptor protein 1, serum form",9,29,22,60,bin_5,888,103,TFRC,1,1.5
IHH_HUMAN,Q14623,IHH,Indian hedgehog protein N-product,4,51,5,60,bin_5,1884,1,IHH,1,1.16
SORL_HUMAN,Q92673,SORL1,Sortilin-related receptor,7,31,22,60,bin_5,497,134,SORL1,1,0.32
CHIP_HUMAN,Q9UNE7,STUB1,E3 ubiquitin-protein ligase CHIP ,18,31,11,60,bin_5,678,1046,STUB1,1,1.14
B2CL1_HUMAN,Q07817,BCL2L1,Bcl-2-like protein 1,4,45,11,60,bin_5,8652,1300,BCL2L1,1,1.94
TGBR3_HUMAN,Q03167,TGFBR3,Transforming growth factor beta receptor type 3,14,40,7,61,bin_5,831,5872,TGFBR3,1,0.97
TERT_HUMAN,O14746,TERT,Telomerase reverse transcriptase,15,32,14,61,bin_5,41289,21113,TERT,1,1.24
5HT2A_HUMAN,P28223,HTR2A,5-hydroxytryptamine receptor 2A,9,39,13,61,bin_5,939,4339,HTR2A,1,2.76
BRAF_HUMAN,Q3MIN6,BRAF,Serine/threonine-protein kinase B-raf ,11,42,8,61,bin_5,24715,13294,BRAF,1,0.61
WNT11_HUMAN,O96014,WNT11,Protein Wnt-11,4,53,4,61,bin_5,651,69,WNT11,1,1.27
FOS_HUMAN,P01100,FOS,Protein c-Fos ,12,42,7,61,bin_5,37555,28316,FOS,1,2.78
PPARD_HUMAN,Q03181,PPARD,Peroxisome proliferator-activated receptor delta,13,45,3,61,bin_5,445,3910,PPARD,1,0.4
SPHK1_HUMAN,Q9NYA1,SPHK1,Sphingosine kinase 1 ,11,39,11,61,bin_5,1351,2811,SPHK1,1,2.26
UROM_HUMAN,P07911,UMOD,"Uromodulin, secreted form",2,46,13,61,bin_5,1157,67,UMOD,1,4.23
AT2B4_HUMAN,P23634,ATP2B4,Plasma membrane calcium-transporting ATPase 4 ,13,35,13,61,bin_5,130,2824,ATP2B4,1,1.18
NEB2_HUMAN,Q96SB3,PPP1R9B,Neurabin-2,7,38,16,61,bin_5,28,4,NBN2,0,3.01
RELN_HUMAN,P78509,RELN,Reelin ,5,48,8,61,bin_5,1762,2138,RELN,1,1.01
ANPRB_HUMAN,Q9UQ50,NPR2,Atrial natriuretic peptide receptor 2,9,46,6,61,bin_5,324,2766,NPR2,1,1.17
PAR1_HUMAN,P25116,F2R,Proteinase-activated receptor 1 ,5,46,10,61,bin_5,173,2787,PAR1,0,2.11
LRP1_HUMAN,Q07954,LRP1,Low-density lipoprotein receptor-related protein 1 intracellular domain,14,35,13,62,bin_5,1929,96,LRP1B,0,6.55
NKX31_HUMAN,Q99801,NKX3-1,Homeobox protein Nkx-3.1 ,13,44,5,62,bin_5,609,14,NKX3-1,1,1.67
ADA17_HUMAN,P78536,ADAM17,Disintegrin and metalloproteinase domain-containing protein 17,13,39,10,62,bin_5,2929,2580,ADAMTS17,0,2.79
RAGE_HUMAN,Q3L1R7,AGER,Advanced glycosylation end product-specific receptor,10,45,7,62,bin_5,2220,62,AGER,1,3.46
PTN6_HUMAN,P29350,PTPN6,Tyrosine-protein phosphatase non-receptor type 6,9,40,13,62,bin_5,1572,3822,PTPN6,1,2.56
DVL1_HUMAN,O14640,DVL1,Segment polarity protein dishevelled homolog DVL-1,6,40,16,62,bin_5,446,6,DVL1,1,2.15
CASP8_HUMAN,Q9UQ81,CASP8,Caspase-8 subunit p10 ,12,38,12,62,bin_5,5663,18,CASP8,1,1.01
SMCA4_HUMAN,P51532,SMARCA4,Transcription activator BRG1,15,31,16,62,bin_5,2029,855,SMARCA4,1,4.27
PLCB1_HUMAN,Q9H4H2,PLCB1,"1-phosphatidylinositol 4,5-bisphosphate phosphodiesterase beta-1 ",9,43,10,62,bin_5,366,165,INPP5B,0,2.16
RB11A_HUMAN,P62491,RAB11A,Ras-related protein Rab-11A ,7,31,24,62,bin_5,516,943,RAB11A,1,3.82
RUVB2_HUMAN,Q9Y230,RUVBL2,RuvB-like 2,16,27,19,62,bin_5,242,48,RVB2,0,1.4
TLR3_HUMAN,O15455,TLR3,Toll-like receptor 3 ,5,46,11,62,bin_5,6172,3683,TLR3,1,1.55
DRB1_HUMAN,Q9UIN0,HLA-DRB1,"HLA class II histocompatibility antigen, DRB1 beta chain",7,36,19,62,bin_5,11047,2138,HLA-DQB1,0,2.25
XRCC5_HUMAN,P13010,XRCC5,X-ray repair cross-complementing protein 5,15,29,18,62,bin_5,1040,2091,XRCC5,1,0.7
M3K7_HUMAN,Q9NZ70,MAP3K7,Mitogen-activated protein kinase kinase kinase 7,17,38,7,62,bin_5,271,1382,MAP3K7,1,0.42
RASH_HUMAN,P01112,HRAS,"GTPase HRas, N-terminally processed",5,47,10,62,bin_5,8130,2,HRAS,1,2.07
CRKL_HUMAN,P46109,CRKL,Crk-like protein,7,49,6,62,bin_5,690,94,CRKL,1,0.45
CP1A1_HUMAN,P04798,CYP1A1,Cytochrome P450 1A1 ,19,41,3,63,bin_5,11044,2479,CYP1A1,1,4.19
APOA2_HUMAN,P02652,APOA2,Truncated apolipoprotein A-II,16,37,10,63,bin_5,364,121,APOA2,1,0.96
ERBB4_HUMAN,Q15303,ERBB4,ERBB4 intracellular domain,9,38,16,63,bin_5,2619,150,ERBB4,1,1.29
MYC_HUMAN,P01106,MYC,Myc proto-oncogene protein,14,42,7,63,bin_5,51040,23392,MYC,1,3.83
MK_HUMAN,P21741,MDK,Midkine ,4,58,1,63,bin_5,1060,1167,MDK,1,0.23
NFKB1_HUMAN,P19838,NFKB1,Nuclear factor NF-kappa-B p50 subunit,11,40,12,63,bin_5,2204,3596,NFKB1,1,0.88
CEAM1_HUMAN,Q13860,CEACAM1,Carcinoembryonic antigen-related cell adhesion molecule 1 ,10,39,14,63,bin_5,896,715,CEACAM1,1,0.31
ADA2A_HUMAN,P08913,ADRA2A,Alpha-2A adrenergic receptor ,10,42,11,63,bin_5,668,11485,ADRA2A,1,0.39
CUL3_HUMAN,Q13618,CUL3,Cullin-3 ,7,40,16,63,bin_5,978,415,CUL3,1,0.29
BL1S6_HUMAN,Q9UL45,BLOC1S6,Biogenesis of lysosome-related organelles complex 1 subunit 6,5,42,16,63,bin_5,57,14,BIRC2,0,3.72
SFRP2_HUMAN,Q96HF1,SFRP2,Secreted frizzled-related protein 2,5,56,2,63,bin_5,813,805,SFRP2,1,1.02
DHX36_HUMAN,Q9H2U1,DHX36,ATP-dependent DNA/RNA helicase DHX36 ,19,32,12,63,bin_5,127,0,DHX36,1,2.86
VPS4A_HUMAN,Q9UN37,VPS4A,Vacuolar protein sorting-associated protein 4A ,4,41,18,63,bin_5,175,5,VPS4A,1,0.7
NOTC2_HUMAN,Q04721,NOTCH2,Notch 2 intracellular domain,6,47,10,63,bin_5,2103,783,NOTCH2,1,0.57
KS6B1_HUMAN,P23443,RPS6KB1,Ribosomal protein S6 kinase beta-1,10,42,11,63,bin_5,341,185,RPS6KB1,1,5.5
NRAM2_HUMAN,Q96J35,SLC11A2,Natural resistance-associated macrophage protein 2,15,22,26,63,bin_5,154,846,NRAMP2,0,0.34
CCL3_HUMAN,P10147,CCL3,MIP-1-alpha(4-69),9,50,4,63,bin_5,4977,0,CCL3,1,0.58
PICAL_HUMAN,Q13492,PICALM,Phosphatidylinositol-binding clathrin assembly protein,10,34,19,63,bin_5,444,72,PICALM,1,1.43
GATA1_HUMAN,P15976,GATA1,Erythroid transcription factor,16,41,6,63,bin_5,3095,13354,GATA1,1,0.24
BLM_HUMAN,P54132,BLM,RecQ-like DNA helicase BLM ,24,27,13,64,bin_5,5819,36,BLM,1,0.36
ADA10_HUMAN,O14672,ADAM10,Disintegrin and metalloproteinase domain-containing protein 10 ,12,29,23,64,bin_5,2048,1803,ADAM10,1,0.67
TBX3_HUMAN,O15119,TBX3,T-box transcription factor TBX3,7,54,3,64,bin_5,658,382,TBX3,1,1.17
BCL6_HUMAN,P41182,BCL6,B-cell lymphoma 6 protein,12,47,5,64,bin_5,4479,2000,BCL6,1,0.61
KAT2B_HUMAN,Q92831,KAT2B,Histone acetyltransferase KAT2B,16,36,12,64,bin_5,157,77,KAT2B,1,1.14
NOS1_HUMAN,P29475,NOS1,Nitric oxide synthase 1 ,14,33,17,64,bin_5,3757,55778,NOS1,1,2.33
WNT1_HUMAN,P04628,WNT1,Proto-oncogene Wnt-1,5,51,9,65,bin_5,4000,311,WNT1,1,1.34
CD5R1_HUMAN,Q15078,CDK5R1,"Cyclin-dependent kinase 5 activator 1, p25",14,30,21,65,bin_5,259,251,CDK5RAP2,0,1.29
FOXO3_HUMAN,O43524,FOXO3,Forkhead box protein O3 ,14,42,9,65,bin_5,3825,2918,FOXO3,1,0.43
PAR2_HUMAN,P55085,F2RL1,"Proteinase-activated receptor 2, alternate cleaved 2",7,54,4,65,bin_5,260,3,F2R,0,1.76
PGFRA_HUMAN,P16234,PDGFRA,Platelet-derived growth factor receptor alpha,10,42,13,65,bin_5,3355,6472,PDGFRB,0,1.98
CADH2_HUMAN,P19022,CDH2,Cadherin-2,9,32,24,65,bin_5,1315,28307,CDH2,1,0.67
CH60_HUMAN,P10809,HSPD1,"60 kDa heat shock protein, mitochondrial",17,30,18,65,bin_5,523,184,HSPD1,1,2.81
TLR9_HUMAN,Q9NR96,TLR9,Toll-like receptor 9,5,45,15,65,bin_5,6860,4897,TLR9,1,1.96
LARG1_HUMAN,O95461,LARGE1,"Beta-1,3-glucuronyltransferase LARGE1 ",7,53,5,65,bin_5,134,0,LARGE1,1,0.39
STK11_HUMAN,Q15831,STK11,Serine/threonine-protein kinase STK11 ,8,47,10,65,bin_5,2723,1895,STK11,1,0.24
KPCE_HUMAN,Q02156,PRKCE,Protein kinase C epsilon type,13,40,12,65,bin_5,863,515,PRKCE,1,0.67
CEBPB_HUMAN,P17676,CEBPB,CCAAT/enhancer-binding protein beta ,16,40,9,65,bin_5,1100,4169,CREB1,0,0.42
GHRL_HUMAN,Q9UBU3,GHRL,Obestatin,4,54,8,66,bin_5,428,13013,GHRL,1,1.25
CX3C1_HUMAN,P49238,CX3CR1,CX3C chemokine receptor 1 ,8,50,8,66,bin_5,3470,1577,CX3CR1,1,0.29
CP1B1_HUMAN,Q16678,CYP1B1,Cytochrome P450 1B1 ,7,56,3,66,bin_5,3076,1140,CYP1B1,1,0.18
LDLR_HUMAN,Q59FQ1,LDLR,Low-density lipoprotein receptor,11,36,19,66,bin_5,7438,36905,LDLR,1,0.47
B2MG_HUMAN,P61769,B2M,Beta-2-microglobulin form pI 5.3,5,36,25,66,bin_5,1910,2,B2M,1,0.33
AELLLGQPIF,P49840,GSK3A,Glycogen synthase kinase-3 alpha,7,49,10,66,bin_5,104,409,GSK3A,1,4.08
CEBPA_HUMAN,P49715,CEBPA,CCAAT/enhancer-binding protein alpha ,13,45,8,66,bin_5,2069,4746,CEBPA,1,2.22
AURKA_HUMAN,O14965,AURKA,Aurora kinase A ,10,32,24,66,bin_5,2679,1976,AURKA,1,0.83
NOS3_HUMAN,Q548C1,NOS3,Nitric oxide synthase 3 ,11,47,9,67,bin_5,9736,41076,NOS3,1,1.84
SCN5A_HUMAN,Q59H93,SCN5A,Sodium channel protein type 5 subunit alpha,16,37,14,67,bin_5,2799,2149,SCN5A,1,2.61
NRX1B_HUMAN,P58400,NRXN1,Neurexin-1-beta ,7,46,14,67,bin_5,498,7,NRXN1,1,1.27
CXCR4_HUMAN,P61073,CXCR4,C-X-C chemokine receptor type 4,12,43,12,67,bin_5,16634,1964,CXCR4,1,1.8
CDN1B_HUMAN,P46527,CDKN1B,Cyclin-dependent kinase inhibitor 1B,13,47,7,67,bin_5,3059,7603,CDKN1B,1,0.55
WT1_HUMAN,Q8IYZ5,WT1,Wilms tumor protein,11,50,6,67,bin_5,7527,4894,WT1,1,1.16
SL9A1_HUMAN,P19634,SLC9A1,Sodium/hydrogen exchanger 1,11,40,16,67,bin_5,668,731,SLC9A1,1,2.03
INHBA_HUMAN,P08476,INHBA,Inhibin beta A chain,7,55,5,67,bin_5,517,393,INHBA,1,0.49
SODM_HUMAN,Q96EE6,SOD2,"Superoxide dismutase [Mn], mitochondrial",6,57,4,67,bin_5,5279,11448,SOD2,1,1.5
LICH_HUMAN,P38571,LIPA,Lysosomal acid lipase/cholesteryl ester hydrolase,2,59,6,67,bin_5,2236,806,LIPA,1,2.09
KAT2A_HUMAN,Q92830,KAT2A,Histone acetyltransferase KAT2A,13,44,10,67,bin_5,238,173,KAT2A,1,0.36
ACVL1_HUMAN,P37023,ACVRL1,Serine/threonine-protein kinase receptor R3,12,50,5,67,bin_5,847,93,TGFBR3,0,2.49
KDSTGLVNYL,Q01484,ANK2,Ankyrin-2,9,41,18,68,bin_5,273,40,ANK2,1,0.73
NTRK1_HUMAN,Q9UIU7,NTRK1,High affinity nerve growth factor receptor,12,43,13,68,bin_5,1214,1981,NTRK1,1,2.5
STA5B_HUMAN,P51692,STAT5B,Signal transducer and activator of transcription 5B,9,53,6,68,bin_5,1434,5542,STAT5B,1,1.12
PK3CA_HUMAN,P42336,PIK3CA,"Phosphatidylinositol 4,5-bisphosphate 3-kinase catalytic subunit alpha isoform",9,50,9,68,bin_5,8240,94,PIK3CA,1,0.42
RIPK1_HUMAN,Q13546,RIPK1,Receptor-interacting serine/threonine-protein kinase 1,12,48,8,68,bin_5,2334,2386,RIPK1,1,1.86
ABCA1_HUMAN,O95477,ABCA1,Phospholipid-transporting ATPase ABCA1 ,21,35,12,68,bin_5,4883,3,ABCA1,1,2.22
DLG4_HUMAN,P78352,DLG4,Disks large homolog 4,12,29,27,68,bin_5,1912,2071,DLG4,1,2.03
ADA_HUMAN,P00813,ADA,Adenosine deaminase,4,56,8,68,bin_5,17093,12303,ADA,1,0.89
CRK_HUMAN,P46108,CRK,Adapter molecule crk,14,45,9,68,bin_5,2176,72,CRK,1,0.48
TWST1_HUMAN,Q15672,TWIST1,Twist-related protein 1,11,55,3,69,bin_5,2844,2149,TWIST1,1,1.9
AA2AR_HUMAN,P29274,ADORA2A,Adenosine receptor A2a,8,50,11,69,bin_5,532,6371,ADORA2A,1,2.61
ANXA1_HUMAN,P04083,ANXA1,Annexin Ac2-26 ,9,37,23,69,bin_5,1131,150,ANXA2,0,0.48
TBX1_HUMAN,O43435,TBX1,T-box transcription factor TBX1,7,60,2,69,bin_5,753,429,TBX1,1,0.24
GATA2_HUMAN,P23769,GATA2,Endothelial transcription factor GATA-2,11,54,4,69,bin_5,2303,166,GATA2,1,2.39
NF2L2_HUMAN,Q16236,NFE2L2,Nuclear factor erythroid 2-related factor 2 ,12,46,11,69,bin_5,10629,9109,NRF2,0,1.95
ISL1_HUMAN,P61371,ISL1,Insulin gene enhancer protein ISL-1,11,55,3,69,bin_5,1130,636,ISL1,1,1.53
P85A_HUMAN,P27986,PIK3R1,Phosphatidylinositol 3-kinase regulatory subunit alpha,18,40,11,69,bin_5,1119,406,PIK3R1,1,1.21
KLF4_HUMAN,Q9UNP3,KLF4,Krueppel-like factor 4,14,49,6,69,bin_5,4863,4009,KLF4,1,0.73
BBS4_HUMAN,Q96RK4,BBS4,Bardet-Biedl syndrome 4 protein,5,48,16,69,bin_5,154,14,BBS4,1,0.26
PLCG2_HUMAN,GAEYDNNKFK,PLCG2,"1-phosphatidylinositol 4,5-bisphosphate phosphodiesterase gamma-2 ",7,54,8,69,bin_5,317,137,INPP5G,0,1.59
TREX1_HUMAN,Q9NSU2,TREX1,Three-prime repair exonuclease 1 ,13,49,7,69,bin_5,505,342,TPR1,0,1.28
ANXA2_HUMAN,P07355,ANXA2,Annexin A2,13,26,31,70,bin_5,1085,2592,ANXA2,1,2.46
IL12B_HUMAN,P29460,IL12B,Interleukin-12 subunit beta,8,53,9,70,bin_5,1160,504,IL12B,1,0.59
MYH9_HUMAN,P35579,MYH9,Myosin-9,14,29,27,70,bin_5,1088,96,MYH9,1,2.01
HDAC1_HUMAN,Q13547,HDAC1,Histone deacetylase 1 ,17,41,12,70,bin_5,4820,2802,HDAC1,1,2.94
ASCL1_HUMAN,P50553,ASCL1,Achaete-scute homolog 1 ,12,54,4,70,bin_5,1392,223,ASCL1,1,0.83
FAK1_HUMAN,Q05397,PTK2,Focal adhesion kinase 1 ,11,46,13,70,bin_5,4264,4021,FAK1,0,0.28
ELVSEFSRMA,P04626,ERBB2,Receptor tyrosine-protein kinase erbB-2,11,41,18,70,bin_5,38815,32318,ERBB2,1,0.34
AA1R_HUMAN,P30542,ADORA1,Adenosine receptor A1,7,50,13,70,bin_5,173,8027,ADORA1,1,1.96
PP2BA_HUMAN,Q08209,PPP3CA,Protein phosphatase 3 catalytic subunit alpha ,10,46,14,70,bin_5,162,1462,PPP3CA,1,0.26
CIB1_HUMAN,Q99828,CIB1,Calcium and integrin-binding protein 1,7,42,21,70,bin_5,323,303,CIB1,1,0.9
NR1H4_HUMAN,Q96RI1,NR1H4,Bile acid receptor,15,49,6,70,bin_5,265,8212,TGR5,0,1.53
YAP1_HUMAN,K0L195,YAP1,Transcriptional coactivator YAP1,8,53,9,70,bin_5,5241,929,YAP1,1,0.23
DRD1_HUMAN,P21728,DRD1,D(1A) dopamine receptor,7,52,11,70,bin_5,985,36,DRD1,1,5.35
PKD1_HUMAN,P98161,PKD1,Polycystin-1 ,7,44,19,70,bin_5,2299,1568,PKHD1,0,1.2
P63_HUMAN,Q9UP27,TP63,Tumor protein 63,14,52,5,71,bin_5,2330,44474,TP63,1,0.23
KPCD1_HUMAN,Q15139,PRKD1,Serine/threonine-protein kinase D1,10,51,10,71,bin_5,120,8559,PRKCD,0,0.42
GAS6_HUMAN,Q14393,GAS6,Growth arrest-specific protein 6 ,7,57,7,71,bin_5,1178,701,GAS6,1,0.29
ITAV_HUMAN,Q6LD15,ITGAV,Integrin alpha-V light chain,12,37,22,71,bin_5,379,30,ITGAV,1,0.7
KPCD_HUMAN,Q05655,PRKCD,Protein kinase C delta type catalytic subunit,12,45,14,71,bin_5,1209,19,PRKCD,1,1.16
GATA6_HUMAN,Q92908,GATA6,Transcription factor GATA-6,11,55,5,71,bin_5,1351,958,GATA6,1,1.35
PRKDC_HUMAN,P78527,PRKDC,DNA-dependent protein kinase catalytic subunit,12,46,13,71,bin_5,1700,2252,PRKDC,1,0.63
IFNG_HUMAN,P01579,IFNG,Interferon gamma,2,68,2,72,bin_5,4669,117482,IFNG,1,1.02
HS90B_HUMAN,P08238,HSP90AB1,Heat shock protein HSP 90-beta,27,24,21,72,bin_5,442,27,HSPB1,0,0.84
BAK_HUMAN,Q16611,BAK1,Bcl-2 homologous antagonist/killer,10,55,7,72,bin_5,1993,1906,BAK1,1,0.32
EZH2_HUMAN,Q15910,EZH2,Histone-lysine N-methyltransferase EZH2 ,15,47,10,72,bin_5,6861,3518,EZH2,1,0.28
CCR2_HUMAN,P41597,CCR2,C-C chemokine receptor type 2,8,54,10,72,bin_5,5906,2226,CCR2,1,0.82
PTN11_HUMAN,Q06124,PTPN11,Tyrosine-protein phosphatase non-receptor type 11,13,55,4,72,bin_5,3001,3710,PTPN11,1,1.26
FOXC1_HUMAN,Q12948,FOXC1,Forkhead box protein C1,12,56,5,73,bin_5,861,181,FOXC1,1,0.99
PTC1_HUMAN,Q86XG7,PTCH1,Protein patched homolog 1,8,55,10,73,bin_5,2182,1326,PTCH1,1,3.24
PPARA_HUMAN,Q07869,PPARA,Peroxisome proliferator-activated receptor alpha,22,48,3,73,bin_5,1330,22499,PPARA,1,1.08
PLK1_HUMAN,P53350,PLK1,Serine/threonine-protein kinase PLK1,9,47,17,73,bin_5,3201,2050,PLK1,1,1.58
PAX2_HUMAN,Q02962,PAX2,Paired box protein Pax-2,8,58,7,73,bin_5,1821,1132,PAX2,1,1.45
WNT4_HUMAN,P56705,WNT4,Protein Wnt-4,4,59,10,73,bin_5,1294,159,WNT4,1,1.42
WNT7A_HUMAN,O00755,WNT7A,Protein Wnt-7a,4,57,12,73,bin_5,710,83,WNT7A,1,0.8
NLGN1_HUMAN,Q8N2Q7,NLGN1,Neuroligin-1,7,47,20,74,bin_5,135,399,NLGN1,1,2.72
KPCZ_HUMAN,Q05513,PRKCZ,Protein kinase C zeta type,12,37,25,74,bin_5,142,334,PRKZ,0,1.56
PGH2_HUMAN,P35354,PTGS2,Prostaglandin G/H synthase 2 ,7,58,9,74,bin_5,42786,31024,PTGS2,1,1.21
PDGFB_HUMAN,P01127,PDGFB,Platelet-derived growth factor subunit B,9,54,11,74,bin_5,6287,1044,PDGFB,1,0.59
DDIT3_HUMAN,P35638,DDIT3,DNA damage-inducible transcript 3 protein,15,48,11,74,bin_5,2833,4250,DDIT3,1,1.43
CASP3_HUMAN,P42574,CASP3,Caspase-3 subunit p12,12,56,6,74,bin_5,89023,33,CASP3,1,0.6
BMPR2_HUMAN,Q13873,BMPR2,Bone morphogenetic protein receptor type-2,9,51,14,74,bin_5,2307,412,BMPR2,1,3.34
INSR_HUMAN,P06213,INSR,Insulin receptor subunit beta,16,45,13,74,bin_5,1668,2268,INSR,1,1.49
HEY2_HUMAN,Q9UBP5,HEY2,Hairy/enhancer-of-split related with YRPW motif protein 2,11,58,5,74,bin_5,411,23,HEY2,1,3.3
SUH_HUMAN,Q06330,RBPJ,Recombining binding protein suppressor of hairless,9,58,7,74,bin_5,1037,82,RBPJ,1,2.24
PKSLKSIQNV,O60603,TLR2,Toll-like receptor 2 ,12,50,12,74,bin_5,14830,10144,TLR2,1,4.49
EPHA4_HUMAN,P54764,EPHA4,Ephrin type-A receptor 4,12,43,19,74,bin_5,790,729,EPHA4,1,0.2
KAT5_HUMAN,Q92993,KAT5,Histone acetyltransferase KAT5 ,15,43,16,74,bin_5,561,481,KAT5,1,1.14
CLUS_HUMAN,P10909,CLU,Clusterin alpha chain,10,43,22,75,bin_5,2486,124,CLU,1,2.83
ROCK2_HUMAN,O75116,ROCK2,Rho-associated protein kinase 2,12,56,7,75,bin_5,1420,4534,PRKCA,0,1.98
TRPV4_HUMAN,Q96Q92,TRPV4,Transient receptor potential cation channel subfamily V member 4,17,44,14,75,bin_5,2429,236,TRPV4,1,0.98
CCL5_HUMAN,P13501,CCL5,RANTES(4-68),14,58,3,75,bin_5,8944,2,CCL5,1,0.91
NOGG_HUMAN,Q13253,NOG,Noggin,2,70,3,75,bin_5,1554,2247,NOG,1,1.25
EGLN_HUMAN,P17813,ENG,Endoglin,12,55,8,75,bin_5,196983,3339,ENG,1,0.77
ATF2_HUMAN,Q4ZFU9,ATF2,Cyclic AMP-dependent transcription factor ATF-2,20,47,8,75,bin_5,1830,18,ATF2,1,2.73
PRIO_HUMAN,Q9UP19,PRNP,Major prion protein,20,39,16,75,bin_5,2337,12646,PRNP,1,1.75
CITE2_HUMAN,Q99967,CITED2,Cbp/p300-interacting transactivator 2,9,61,5,75,bin_5,324,91,CIT2,0,1.86
STAT1_HUMAN,P42224,STAT1,Signal transducer and activator of transcription 1-alpha/beta,20,44,12,76,bin_5,12971,7,STAT1,1,2.52
INS_HUMAN,P01308,INS,Insulin A chain,5,62,9,76,bin_5,18930,486555,INS,1,0.49
HDAC2_HUMAN,Q92769,HDAC2,Histone deacetylase 2 ,13,53,10,76,bin_5,2577,1682,HDAC2,1,2.15
KAPCA_HUMAN,P17612,PRKACA,cAMP-dependent protein kinase catalytic subunit alpha,14,41,21,76,bin_5,390,656,PRKACA,1,0.43
ZC12A_HUMAN,Q5D1E8,ZC3H12A,Endoribonuclease ZC3H12A ,13,55,8,76,bin_5,299,41,ZC3H12A,1,0.5
PROX1_HUMAN,Q92786,PROX1,Prospero homeobox protein 1,10,61,5,76,bin_5,1209,693,PROX1,1,0.45
DLL1_HUMAN,O00548,DLL1,Delta-like protein 1 ,5,65,6,76,bin_5,696,795,DLL1,1,0.33
AT1A2_HUMAN,P50993,ATP1A2,Sodium/potassium-transporting ATPase subunit alpha-2,11,50,15,76,bin_5,502,5,ATP1A1,0,2.46
BRCA1_HUMAN,P38398,BRCA1,Breast cancer type 1 susceptibility protein,14,42,20,76,bin_5,23219,13565,BRCA1,1,0.25
RS3_HUMAN,P23396,RPS3,Small ribosomal subunit protein uS3 ,24,33,20,77,bin_5,517,17,RPS25,0,1.22
EDNRA_HUMAN,Q8TBH2,EDNRA,Endothelin-1 receptor ,2,74,1,77,bin_5,313,4030,EDNRB,0,0.43
IGF1R_HUMAN,P08069,IGF1R,Insulin-like growth factor 1 receptor beta chain,14,52,11,77,bin_5,10308,373,IGF1R,1,3.13
IL10_HUMAN,P22301,IL10,Interleukin-10,4,71,2,77,bin_5,86807,41042,IL10,1,1.49
SIX1_HUMAN,Q15475,SIX1,Homeobox protein SIX1,10,61,6,77,bin_5,776,495,SIX1,1,3.14
IGF1_HUMAN,P05019,IGF1,Insulin-like growth factor I,5,65,7,77,bin_5,24450,40890,IGF1,1,0.23
BECN1_HUMAN,Q14457,BECN1,Beclin-1-C 37 kDa ,7,55,16,78,bin_5,3148,1,BECN1,1,1.42
TRAF6_HUMAN,Q9Y4K3,TRAF6,TNF receptor-associated factor 6,9,57,12,78,bin_5,3999,2370,TRAF6,1,0.19
MK03_HUMAN,P27361,MAPK3,Mitogen-activated protein kinase 3,8,54,16,78,bin_5,1547,14595,MAPK3,1,3.69
LHX1_HUMAN,P48742,LHX1,LIM/homeobox protein Lhx1,6,68,4,78,bin_5,366,43,LHX1,1,1.42
ATF4_HUMAN,P18848,ATF4,Cyclic AMP-dependent transcription factor ATF-4 ,17,45,16,78,bin_5,4461,3,ATF4,1,0.27
SQSTM_HUMAN,Q13501,SQSTM1,Sequestosome-1 ,19,39,20,78,bin_5,4361,3201,SQSTM1,1,0.29
FGF8_HUMAN,P55075,FGF8,Fibroblast growth factor 8,4,70,4,78,bin_5,1883,1215,FGF8,1,1.67
MYD88_HUMAN,Q53XS7,MYD88,Myeloid differentiation primary response protein MyD88 ,9,60,9,78,bin_5,11982,1362,MYD88,1,1.74
FOXP3_HUMAN,Q9BZS1,FOXP3,Forkhead box protein P3 41 kDa form,15,57,6,78,bin_5,22478,0,FOXP3,1,0.2
CD2AP_HUMAN,Q9Y5K6,CD2AP,CD2-associated protein,7,52,19,78,bin_5,522,340,CD2AP,1,0.18
RIPK2_HUMAN,O43353,RIPK2,Receptor-interacting serine/threonine-protein kinase 2,12,59,7,78,bin_5,594,1660,RIPK2,1,1.21
X3CL1_HUMAN,P78423,CX3CL1,Processed fractalkine,7,63,9,79,bin_5,2466,434,CX3CL1,1,2.31
CLN3_HUMAN,Q9UP13,CLN3,Battenin ,4,52,23,79,bin_5,880,15,BTN1,0,0.45
GRIA1_HUMAN,P42261,GRIA1,Glutamate receptor 1 ,20,28,31,79,bin_5,264,42966,GRIA1,1,2.73
HS71A_HUMAN,P0DMV8,HSPA1A,Heat shock 70 kDa protein 1A ,23,35,21,79,bin_5,723,334,HSPA1A,1,4.48
SMAD2_HUMAN,Q15796,SMAD2,Mothers against decapentaplegic homolog 2,21,48,10,79,bin_5,10092,8672,SMAD2,1,1.65
SIR6_HUMAN,Q9UQD1,SIRT6,NAD-dependent protein deacylase sirtuin-6 ,23,48,9,80,bin_5,1431,17,SIRT6,1,0.23
SODC_HUMAN,P00441,SOD1,Superoxide dismutase [Cu-Zn] ,7,57,16,80,bin_5,11307,109113,SOD1,1,1.45
EZRI_HUMAN,P15311,EZR,Ezrin,14,35,31,80,bin_5,236,3250,EZR,1,1.45
CDN1A_HUMAN,P38936,CDKN1A,Cyclin-dependent kinase inhibitor 1,11,60,9,80,bin_5,11177,19343,CDKN1A,1,4.68
EPHB2_HUMAN,P29323,EPHB2,EphB2/CTF2 ,8,58,14,80,bin_5,891,1,EPHB2,1,1.33
BMP7_HUMAN,P18075,BMP7,Bone morphogenetic protein 7,4,72,4,80,bin_5,3358,2690,BMP7,1,0.53
TY3H_HUMAN,P07101,TH,Tyrosine 3-monooxygenase,10,55,15,80,bin_5,9735967,16843,TYROZ,0,2.52
RB_HUMAN,P06400,RB1,Retinoblastoma-associated protein,11,60,9,80,bin_5,7022,66,RB1,1,0.5
HSF1_HUMAN,Q00613,HSF1,Heat shock factor protein 1 ,21,45,15,81,bin_5,3103,9199,HSF1,1,2.4
AQP1_HUMAN,P29972,AQP1,Aquaporin-1 ,12,55,14,81,bin_5,2640,2414,AQP1,1,2.46
APOA1_HUMAN,P02647,APOA1,Truncated apolipoprotein A-I,15,48,19,82,bin_5,3767,397,APOA1,1,2.9
CDK1_HUMAN,P06493,CDK1,Cyclin-dependent kinase 1,13,52,17,82,bin_5,6406,9443,CDK1,1,2.13
KCNQ1_HUMAN,P51787,KCNQ1,Potassium voltage-gated channel subfamily KQT member 1 ,13,50,19,82,bin_5,2632,49,KCNQ1,1,0.25
ESR1_HUMAN,P03372,ESR1,Estrogen receptor,26,45,11,82,bin_5,7509,99875,ESR1,1,1.33
MED1_HUMAN,IPVSRAFVQK,MED1,Mediator of RNA polymerase II transcription subunit 1,20,55,8,83,bin_5,1139,303,MED1,1,0.39
DAG1_HUMAN,LTVILDADLT,DAG1,Beta-dystroglycan,12,38,33,83,bin_5,549,1825,DGTT,0,2.61
BMR1A_HUMAN,P36894,BMPR1A,Bone morphogenetic protein receptor type-1A,9,67,7,83,bin_5,928,66,BMPR1A,1,2.12
ACE_HUMAN,P12821,ACE,"Angiotensin-converting enzyme, soluble form",17,56,10,83,bin_5,46315,165,ACE,1,0.43
ADIPO_HUMAN,Q15848,ADIPOQ,Adiponectin,6,72,6,84,bin_5,4352,26278,ADIPONECTIN,0,4.11
HG2A_HUMAN,Q8WLP6,CD74,Class-II-associated invariant chain peptide ,11,49,24,84,bin_5,1379,1328,CD74,1,2.61
HNRPU_HUMAN,Q00839,HNRNPU,Heterogeneous nuclear ribonucleoprotein U ,28,33,23,84,bin_5,233,209,HNRNPU,1,0.99
RAC1_HUMAN,P63000,RAC1,Ras-related C3 botulinum toxin substrate 1 ,8,53,23,84,bin_5,10905,7063,RAC1,1,0.44
FGFR1_HUMAN,Q53H63,FGFR1,Fibroblast growth factor receptor 1,9,68,7,84,bin_5,5684,3410,FGFR1,1,1.22
PML_HUMAN,Q9BZY3,PML,Protein PML,13,61,11,85,bin_5,8403,5310,PML,1,1.04
SRF_HUMAN,P11831,SRF,Serum response factor,12,69,4,85,bin_5,5664,39188,SRF,1,1.67
VGFR2_HUMAN,P35968,KDR,Vascular endothelial growth factor receptor 2 ,11,61,13,85,bin_5,6585,11092,KDR,1,0.65
ROCK1_HUMAN,Q13464,ROCK1,Rho-associated protein kinase 1,9,63,13,85,bin_5,2044,5277,ROCK1,1,0.44
ANDR_HUMAN,P10275,AR,Androgen receptor,22,56,7,85,bin_5,259638,35911,AR,1,3.99
LEF1_HUMAN,Q9UJU2,LEF1,Lymphoid enhancer-binding factor 1 ,20,58,7,85,bin_5,2219,1408,LEF1,1,1.26
TGFR2_HUMAN,P37173,TGFBR2,TGF-beta receptor type-2,14,61,10,85,bin_5,6330,977,TGFBR2,1,0.2
MK14_HUMAN,Q16539,MAPK14,Mitogen-activated protein kinase 14 ,9,65,11,85,bin_5,1757,1113,MAPK14,1,1.67
PTPRC_HUMAN,P08575,PTPRC,Receptor-type tyrosine-protein phosphatase C ,8,66,12,86,bin_5,1528,10917,PTPRC,1,1.93
NKX25_HUMAN,P52952,NKX2-5,Homeobox protein Nkx-2.5,12,65,9,86,bin_5,2020,910,NKX2-5,1,3.68
CALR_HUMAN,P27797,CALR,Calreticulin ,18,41,27,86,bin_5,1726,4818,CALR,1,0.66
KIT_HUMAN,P10721,KIT,Mast/stem cell growth factor receptor Kit,10,69,8,87,bin_5,98677,68,KIT,1,3.41
SMO_HUMAN,Q99835,SMO,Protein smoothened,6,67,14,87,bin_5,3947,2479,SMO,1,0.89
DDX3X_HUMAN,O00571,DDX3X,ATP-dependent RNA helicase DDX3X,22,50,15,87,bin_5,632,38,DDX3X,1,2.38
TERA_HUMAN,P55072,VCP,Transitional endoplasmic reticulum ATPase,17,47,23,87,bin_5,2464,506,ATP2C1,0,0.33
MK01_HUMAN,P28482,MAPK1,Mitogen-activated protein kinase 1 ,9,59,20,88,bin_5,4213,15226,MAPK1,1,2.14
GPER1_HUMAN,Q99527,GPER1,G-protein coupled estrogen receptor 1 ,6,53,29,88,bin_5,1333,1153,GPER,0,0.52
CO6A1_HUMAN,P12109,COL6A1,Collagen alpha-1(VI) chain,3,71,14,88,bin_5,534,7,COL6A1,1,2.22
WNT3A_HUMAN,P56704,WNT3A,Protein Wnt-3a,8,68,12,88,bin_5,3281,362,WNT3A,1,1.02
FLNA_HUMAN,P21333,FLNA,Filamin-A,14,49,25,88,bin_5,902,1954,FLNA,1,0.21
MDM2_HUMAN,Q53XW0,MDM2,E3 ubiquitin-protein ligase Mdm2,17,63,9,89,bin_5,11949,7147,MDM2,1,2.13
CAV3_HUMAN,P56539,CAV3,Caveolin-3,9,66,14,89,bin_5,1805,947,CAV3,1,4.09
RARA_HUMAN,P10276,RARA,Retinoic acid receptor alpha,23,53,13,89,bin_5,4525,6327,RARA,1,0.62
SIR2_HUMAN,Q8IXJ6,SIRT2,NAD-dependent protein deacetylase sirtuin-2,16,46,27,89,bin_5,2154,354,SIRT2,1,0.41
FYN_HUMAN,P06241,FYN,Tyrosine-protein kinase Fyn,18,57,14,89,bin_5,3966,2872,FYN,1,2.69
AAPK1_HUMAN,Q13131,PRKAA1,5'-AMP-activated protein kinase catalytic subunit alpha-1,13,65,11,89,bin_5,613,65,PRKAA1,1,0.65
HMGB1_HUMAN,P09429,HMGB1,High mobility group protein B1,23,54,13,90,bin_5,11292,669,HMGB1,1,1.52
SKDASYTKAL,Q13315,ATM,Serine-protein kinase ATM,9,69,12,90,bin_5,31071,10,ATM,1,0.31
ACTB_HUMAN,P60709,ACTB,"Actin, cytoplasmic 1, N-terminally processed",10,39,43,92,bin_5,1674,3,ACTB,1,0.51
CXA1_HUMAN,P17302,GJA1,Gap junction alpha-1 protein,14,54,24,92,bin_5,1747,232,GJA1,1,2.37
ASC_HUMAN,Q9ULZ3,PYCARD,Apoptosis-associated speck-like protein containing a CARD ,12,60,20,92,bin_5,1001,815,CASP8,0,0.97
P2RX7_HUMAN,Q4VKI0,P2RX7,P2X purinoceptor 7,6,75,11,92,bin_5,1514,2014,P2RX7,1,0.3
CDK5_HUMAN,Q00535,CDK5,Cyclin-dependent kinase 5 ,13,60,20,93,bin_5,3213,2616,CDK5,1,1.94
PTEN_HUMAN,P60484,PTEN,"Phosphatidylinositol 3,4,5-trisphosphate 3-phosphatase and dual-specificity protein phosphatase PTEN ",18,61,14,93,bin_5,24965,7,PTEN,1,1.36
HS90A_HUMAN,P07900,HSP90AA1,Heat shock protein HSP 90-alpha ,27,40,27,94,bin_5,909,43,HSP90AA1,1,3.76
DHX9_HUMAN,Q08211,DHX9,ATP-dependent RNA helicase A ,35,43,16,94,bin_5,342,949,DDX5,0,0.47
ATP7A_HUMAN,Q04656,ATP7A,Copper-transporting ATPase 1,11,59,24,94,bin_5,1100,1682,ATP7A,1,3.19
EXT1_HUMAN,Q16394,EXT1,Exostosin-1 ,8,81,6,95,bin_5,592,391,EXT1,1,1.83
GLI3_HUMAN,P10071,GLI3,Transcriptional repressor GLI3R,11,71,13,95,bin_5,1274,45,GLI3,1,1.81
IL6_HUMAN,P05231,IL6,Interleukin-6 ,3,88,4,95,bin_5,171417,115741,IL6,1,0.59
DLG1_HUMAN,E9PG21,DLG1,Disks large homolog 1 ,12,50,33,95,bin_5,809,1126,DLG1,1,1.91
DAB2P_HUMAN,Q5VWQ8,DAB2IP,Disabled homolog 2-interacting protein,20,64,12,96,bin_5,234,15,DPF2,0,0.65
SFRP1_HUMAN,Q8N474,SFRP1,Secreted frizzled-related protein 1,5,84,7,96,bin_5,1238,695,SFRP1,1,0.51
EAA3_HUMAN,P43005,SLC1A1,Excitatory amino acid transporter 3 ,11,59,27,97,bin_5,593,605,SLC1A1,1,6.76
TGFR1_HUMAN,P36897,TGFBR1,TGF-beta receptor type-1,14,73,10,97,bin_5,2933,1670,TGFBR1,1,0.58
FMR1_HUMAN,Q06787,FMR1,Fragile X messenger ribonucleoprotein 1 ,28,35,34,97,bin_5,4572,112,FXN,0,0.44
CDC42_HUMAN,P60953,CDC42,Cell division control protein 42 homolog ,11,60,26,97,bin_5,8223,5243,CDKN1C,0,2.41
TSP1_HUMAN,P07996,THBS1,Thrombospondin-1,16,68,14,98,bin_5,1124,3791,THBS1,1,2.4
HDAC6_HUMAN,Q9UBN7,HDAC6,Histone deacetylase 6,20,60,19,99,bin_5,2552,1764,HDAC6,1,0.88
PAX6_HUMAN,P26367,PAX6,Paired box protein Pax-6,19,75,5,99,bin_5,4111,2587,PAX6,1,0.38
XBP1_HUMAN,P17861,XBP1,"X-box-binding protein 1, luminal form ",15,77,7,99,bin_5,3702,0,BXF1,0,1.63
FGF2_HUMAN,Q9UCS5,FGF2,Fibroblast growth factor 2,10,85,4,99,bin_5,20472,17640,FGF2,1,0.72
RHOA_HUMAN,P61586,RHOA,Transforming protein RhoA ,5,73,21,99,bin_5,13173,566,RHOA,1,1.25
PINK1_HUMAN,Q9BXM7,PINK1,"Serine/threonine-protein kinase PINK1, mitochondrial",14,69,17,100,bin_5,4272,507,PINK1,1,0.89
IL1B_HUMAN,P01584,IL1B,Interleukin-1 beta ,4,92,5,101,bin_5,10725,59787,IL1B,1,1.99
KSYK_HUMAN,P43405,SYK,Tyrosine-protein kinase SYK,16,77,8,101,bin_5,5719,3661,SYK,1,1.17
PARP1_HUMAN,P09874,PARP1,"Poly [ADP-ribose] polymerase 1, processed N-terminus ",29,56,16,101,bin_5,8331,10,PARP1,1,2.36
NRP1_HUMAN,O14786,NRP1,Neuropilin-1 ,10,77,15,102,bin_5,1880,2438,NRP1,1,1.5
LEP_HUMAN,P41159,LEP,Leptin ,4,96,3,103,bin_5,4515,44876,LEP,1,1.24
MECP2_HUMAN,P51608,MECP2,Methyl-CpG-binding protein 2,19,77,7,103,bin_5,3829,2954,MCBP2,0,0.8
NOD2_HUMAN,Q9HC29,NOD2,Nucleotide-binding oligomerization domain-containing protein 2 ,13,79,12,104,bin_5,3933,897,NOD2,1,0.25
PKD2_HUMAN,Q13563,PKD2,Polycystin-2 ,21,58,25,104,bin_5,7060,1136,PKD2,1,2.83
STAT3_HUMAN,P40763,STAT3,Signal transducer and activator of transcription 3 ,20,77,7,104,bin_5,38358,26221,STAT3,1,1.12
TAU_HUMAN,Q5XWF0,MAPT,Microtubule-associated protein tau ,23,57,24,104,bin_5,5168,22334,MAPT,1,0.33
EP300_HUMAN,Q09472,EP300,Histone acetyltransferase p300 ,37,59,8,104,bin_5,2183,4602,EP300,1,0.95
GSK3B_HUMAN,P49841,GSK3B,Glycogen synthase kinase-3 beta ,16,74,14,104,bin_5,5527,10224,GSK3B,1,1.31
TGFB2_HUMAN,P61812,TGFB2,Transforming growth factor beta-2,8,91,6,105,bin_5,1143,4025,TGFBR2,0,0.93
PPARG_HUMAN,Q15180,PPARG,Peroxisome proliferator-activated receptor gamma,27,72,7,106,bin_5,3270,32796,PPARG,1,1.55
SSFSLVSVTI,Q5VZI9,TLR4,Toll-like receptor 4,9,86,11,106,bin_5,33074,25049,TLR4,1,2.35
MEF2C_HUMAN,Q06413,MEF2C,Myocyte-specific enhancer factor 2C ,13,84,10,107,bin_5,1696,2302,MEF2C,1,0.52
SMAD4_HUMAN,Q13485,SMAD4,Mothers against decapentaplegic homolog 4,18,80,10,108,bin_5,6129,5303,SMAD4,1,0.35
ITB3_HUMAN,P05106,ITGB3,Integrin beta-3 ,15,66,29,110,bin_5,1370,4774,ITGB3,1,2.13
BMP2_HUMAN,P12643,BMP2,Bone morphogenetic protein 2,7,98,5,110,bin_5,12509,11131,BMP2,1,0.63
CD36_HUMAN,Q9BQC2,CD36,Platelet glycoprotein 4,17,76,17,110,bin_5,8735,13932,ITGA2B,0,1.27
TF65_HUMAN,Q04206,RELA,Transcription factor p65,25,78,9,112,bin_5,12326,13428,REL,0,1.77
NF1_HUMAN,P21359,NF1,Neurofibromin truncated,3,99,11,113,bin_5,9137,122,NF1,1,0.66
BAX_HUMAN,Q9UCZ7,BAX,Apoptosis regulator BAX,8,90,15,113,bin_5,58440,26714,BAX,1,0.34
HES1_HUMAN,Q14469,HES1,Transcription factor HES-1,15,94,5,114,bin_5,3153,1350,HEY1,0,1.62
FGFR2_HUMAN,Q9UQH7,FGFR2,Fibroblast growth factor receptor 2,7,96,11,114,bin_5,4527,2750,FGFR2,1,0.23
FAK2_HUMAN,Q14289,PTK2B,Protein-tyrosine kinase 2-beta,9,84,21,114,bin_5,602,253,PTK2B,1,0.85
MTOR_HUMAN,P42345,MTOR,Serine/threonine-protein kinase mTOR ,12,88,17,117,bin_5,54229,30522,MTOR,1,2.12
FGF10_HUMAN,O15520,FGF10,Fibroblast growth factor 10,5,107,6,118,bin_5,1349,1331,FGF10,1,0.3
HSP7C_HUMAN,P11142,HSPA8,Heat shock cognate 71 kDa protein ,23,52,43,118,bin_5,1199,138,HSC70,0,0.63
LYN_HUMAN,P07948,LYN,Tyrosine-protein kinase Lyn,18,83,17,118,bin_5,3718,2075,LYN,1,1.3
HIF1A_HUMAN,Q16665,HIF1A,Hypoxia-inducible factor 1-alpha ,21,86,11,118,bin_5,13099,19347,HIF1A,1,1.62
GATA3_HUMAN,P23771,GATA3,Trans-acting T-cell-specific transcription factor GATA-3,16,100,3,119,bin_5,5790,6,GATA3,1,0.46
SYUA_HUMAN,P37840,SNCA,Alpha-synuclein,23,77,20,120,bin_5,3746,18501,SNCA,1,1.15
ITB1_HUMAN,Q13090,ITGB1,Integrin beta-1 ,17,66,41,124,bin_5,1057,6172,ITGB1,1,0.28
SMAD3_HUMAN,O35273,SMAD3,Mothers against decapentaplegic homolog 3,34,83,10,127,bin_5,9665,8231,SMAD3,1,0.18
TREM2_HUMAN,Q9NZC2,TREM2,Triggering receptor expressed on myeloid cells 2,22,103,5,130,bin_5,2055,3638,TREM2,1,0.61
DRD2_HUMAN,P14416,DRD2,D(2) dopamine receptor,9,100,22,131,bin_5,3376,5358,DRD2,1,0.37
A4_HUMAN,Q9UC33,APP,Amyloid-beta precursor protein,12,79,41,132,bin_5,49394,56653,APP,1,0.25
EGFR_HUMAN,Q9H2C9,EGFR,Epidermal growth factor receptor ,23,85,25,133,bin_5,132994,110450,EGFR,1,0.92
PSN1_HUMAN,P49768,PSEN1,Presenilin-1 CTF12,9,89,35,133,bin_5,3585,0,PSEN1,1,2.25
JAK2_HUMAN,O60674,JAK2,Tyrosine-protein kinase JAK2 ,19,96,18,133,bin_5,15421,9786,JAK2,1,0.18
EDN1_HUMAN,P05305,EDN1,Big endothelin-1,4,125,7,136,bin_5,657,21988,EDN1,1,0.42
PARK7_HUMAN,Q99497,PARK7,Parkinson disease protein 7 ,29,94,18,141,bin_5,1380,7002,DJ-1,0,0.49
CAV1_HUMAN,Q03135,CAV1,Caveolin-1,19,103,22,144,bin_5,7021,6946,CAV1,1,1.59
VEGFA_HUMAN,Q9H1W9,VEGFA,VEGFA ,15,117,13,145,bin_5,24252,24252,VEGFA,1,2.38
BMP4_HUMAN,P12644,BMP4,Bone morphogenetic protein 4 ,6,137,3,146,bin_5,6125,4108,BMP4,1,1.26
APOE_HUMAN,P02649,APOE,Apolipoprotein E ,21,97,31,149,bin_5,35550,30743,APOE,1,0.23
BCL2_HUMAN,P10415,BCL2,Apoptosis regulator Bcl-2,12,128,12,152,bin_5,81064,54117,BCL2,1,1.2
SOX9_HUMAN,P48436,SOX9,Transcription factor SOX-9 ,12,135,5,152,bin_5,7484,4045,SOX9,1,0.45
ABL1_HUMAN,P00519,ABL1,Tyrosine-protein kinase ABL1,25,114,17,156,bin_5,4147,2520,ABL1,1,0.74
SIR1_HUMAN,Q96EB6,SIRT1,SirtT1 75 kDa fragment ,29,112,16,157,bin_5,15722,0,SIRT1,1,1.91
SRC_HUMAN,P12931,SRC,Proto-oncogene tyrosine-protein kinase Src ,22,115,23,160,bin_5,43697,8309,SRC,1,0.39
LRRK2_HUMAN,Q5S007,LRRK2,Leucine-rich repeat serine/threonine-protein kinase 2,27,93,42,162,bin_5,3568,2316,LRRK2,1,1.22
WNT5A_HUMAN,P41221,WNT5A,Protein Wnt-5a,7,149,13,169,bin_5,3138,1663,WNT5A,1,0.18
AKT1_HUMAN,P31749,AKT1,RAC-alpha serine/threonine-protein kinase,17,136,17,170,bin_5,12042,225,AKT1,1,2.09
P53_HUMAN,Q8J016,TP53,Cellular tumor antigen p53,33,124,18,175,bin_5,32525,69475,TP53,1,0.23
SHH_HUMAN,Q15465,SHH,Sonic hedgehog protein N-product,9,156,12,177,bin_5,9169,1,SHH,1,0.83
NOTC1_HUMAN,P46531,NOTCH1,Notch 1 intracellular domain,11,159,14,184,bin_5,9658,1314,NOTCH1,1,0.43
TNFA_HUMAN,P01375,TNF,"Tumor necrosis factor, soluble form",6,177,9,192,bin_5,236054,1329,TNF,1,1.98
TGFB1_HUMAN,P01137,TGFB1,Transforming growth factor beta-1 ,11,175,12,198,bin_5,9895,41947,TGFBR1,0,0.64
CTNB1_HUMAN,P35222,CTNNB1,Catenin beta-1 ,21,152,44,217,bin_5,11381,407,CTNB1,0,2.48
