ID,AC,GN,protein_name,GO_F Count,GO_P Count,GO_C Count,go_counts,bin,normalized_protein,normalized_gene_name,Match_GN,pmc_GN,PMC_protein_name
EXD2_HUMAN,Q9NVH0,EXD2,Exonuclease 3'-5' domain-containing protein 2 ,8,5,7,20,bin_5,Exonuclease 3'-5' domain-containing protein 2,EXD3,0,25,8
EXOS6_HUMAN,Q5RKV6,EXOSC6,Exosome complex component MTR3,1,11,8,20,bin_5,Exosome complex component MTR3,MTR3,0,7,4
INAVA_HUMAN,Q3KP66,INAVA,Innate immunity activator protein ,0,18,2,20,bin_5,Innate immunity activator protein,XXXX,0,19,67770
RS16_HUMAN,P62249,RPS16,Small ribosomal subunit protein uS9 ,2,6,12,20,bin_5,Small ribosomal subunit protein uS9,RPS9,0,625,2
BMAL2_HUMAN,Q9NYQ4,BMAL2,Basic helix-loop-helix ARNT-like protein 2 ,5,8,7,20,bin_5,Basic helix-loop-helix ARNT-like protein 2,BHLHE41,0,68,20
QFYFSNTFDL,P56715,RP1,Oxygen-regulated protein 1,1,12,7,20,bin_5,Oxygen-regulated protein 1,HYOU1,0,1122,346
RSSA_HUMAN,P08865,RPSA,Small ribosomal subunit protein uS2 ,7,4,9,20,bin_5,Small ribosomal subunit protein uS2,RPS2,0,358,6
SYSC_HUMAN,P49591,SARS1,"Serine--tRNA ligase, cytoplasmic",8,8,4,20,bin_5,"Serine--tRNA ligase, cytoplasmic",SARS,0,37,62
ADHX_HUMAN,P11766,ADH5,Alcohol dehydrogenase class-3 ,9,8,3,20,bin_5,Alcohol dehydrogenase class-3,ADH3,0,242,14
SKAP_HUMAN,Q9Y448,KNSTRN,Small kinetochore-associated protein ,2,8,10,20,bin_5,Small kinetochore-associated protein,SKAP,0,38,41
AEVYTLRPLF,Q9UPZ9,CILK1,Serine/threonine-protein kinase ICK,5,8,7,20,bin_5,Serine/threonine-protein kinase ICK,ICK,0,56,42
SLF1_HUMAN,Q9BQI6,SLF1,SMC5-SMC6 complex localization factor protein 1 ,2,9,9,20,bin_5,SMC5-SMC6 complex localization factor protein 1,NSE1,0,41,4
CLCN4_HUMAN,P51793,CLCN4,H(+)/Cl(-) exchange transporter 4,4,3,13,20,bin_5,H(+)/Cl(-) exchange transporter 4,CLC4,0,61,1834
SMN_HUMAN,Q16637,SMN2,Survival motor neuron protein,2,4,14,20,bin_5,Survival motor neuron protein,SMN1,0,1339,8014
HEN2_HUMAN,Q02577,NHLH2,Helix-loop-helix protein 2,6,11,3,20,bin_5,Helix-loop-helix protein 2,TCF4,0,69,13784
BARX2_HUMAN,Q9UMQ3,BARX2,Homeobox protein BarH-like 2,6,7,7,20,bin_5,Homeobox protein BarH-like 2,BARHL2,0,63,19
TYB4_HUMAN,P62328,TMSB4X,Hemoregulatory peptide AcSDKP ,4,10,6,20,bin_5,Hemoregulatory peptide AcSDKP,no appropriate match,0,83,22
ATF6B_HUMAN,Q9H3W1,ATF6B,Processed cyclic AMP-dependent transcription factor ATF-6 beta,4,7,9,20,bin_5,Processed cyclic AMP-dependent transcription factor ATF-6 beta,CREB3L2,0,49,0
HYES_HUMAN,P34913,EPHX2,Lipid-phosphate phosphatase,8,8,4,20,bin_5,Lipid-phosphate phosphatase,PLPP1,0,438,239
COIA1_HUMAN,Q9UK38,COL18A1,Non-collagenous domain 1 ,2,11,7,20,bin_5,no appropriate match,XXXX,0,2207,191
PRAF3_HUMAN,O75915,ARL6IP5,PRA1 family protein 3,0,15,5,20,bin_5,PRA1 family protein 3,PRAF3,0,108,7
GFRAL_HUMAN,Q6UXV0,GFRAL,GDNF family receptor alpha-like ,4,10,6,20,bin_5,GDNF family receptor alpha-like,GFRA4,0,133,45
UB2R1_HUMAN,P49427,CDC34,Ubiquitin-conjugating enzyme E2 R1,3,13,4,20,bin_5,Ubiquitin-conjugating enzyme E2 R1,UBE2R1,0,257,6
HBA_HUMAN,P69905,HBA2,Hemopressin ,5,6,9,20,bin_5,no appropriate match,XXXX,0,1123,91
ARAP1_HUMAN,Q96L71,ARAP1,"Arf-GAP with Rho-GAP domain, ANK repeat and PH domain-containing protein 1",4,8,8,20,bin_5,"Arf-GAP with Rho-GAP domain, ANK repeat and PH domain-containing protein 1",AGAP1,0,93,4
NECT3_HUMAN,Q9NQS3,NECTIN3,Nectin-3,3,8,9,20,bin_5,Nectin-3,PVRL3,0,142,817
RAPSN_HUMAN,Q13702,RAPSN,43 kDa receptor-associated protein of the synapse,5,9,6,20,bin_5,43 kDa receptor-associated protein of the synapse,DLGAP1,0,100,6
CSK22_HUMAN,P19784,CSNK2A2,Casein kinase II subunit alpha',3,11,6,20,bin_5,Casein kinase II subunit alpha,CSNK2A1,0,56,676
H2B1J_HUMAN,P06899,H2BC11,Histone H2B type 1-J,4,10,6,20,bin_5,Histone H2B type 1-J,HIST1H2BJ,0,2,0
CC50A_HUMAN,Q9NV96,TMEM30A,Cell cycle control protein 50A ,2,7,11,20,bin_5,Cell cycle control protein 50A,CDCA5,0,78,5
PCLI1_HUMAN,Q7Z2X4,PID1,"PTB-containing, cubilin and LRP1-interacting protein",0,20,1,21,bin_5,"PTB-containing, cubilin and LRP1-interacting protein",CUBN,0,86,0
UHMK1_HUMAN,Q8TAS1,UHMK1,Serine/threonine-protein kinase Kist,8,6,7,21,bin_5,Serine/threonine-protein kinase Kist,no appropriate match,0,65,174
GGT1_HUMAN,P19440,GGT1,Glutathione hydrolase 1 light chain,4,14,3,21,bin_5,Glutathione hydrolase 1 light chain,no appropriate match,0,195,128
AT11B_HUMAN,Q9Y2G3,ATP11B,Phospholipid-transporting ATPase IF,7,4,10,21,bin_5,Phospholipid-transporting ATPase IF,ATP11C,0,33,42
DAA11_HUMAN,Q86X45,DNAAF11,Dynein axonemal assembly factor 11 ,0,14,7,21,bin_5,Dynein axonemal assembly factor 11,LRRC6,0,3,2
DAAF4_HUMAN,Q8WXU2,DNAAF4,Dynein axonemal assembly factor 4 ,1,11,9,21,bin_5,Dynein axonemal assembly factor 4,CCDC103,0,76,10
SEPT6_HUMAN,Q14141,SEPTIN6,Septin-6,3,6,12,21,bin_5,Septin-6,6-Sep,0,56,30
SYAC_HUMAN,P49588,AARS1,"Alanine--tRNA ligase, cytoplasmic ",7,9,5,21,bin_5,"Alanine--tRNA ligase, cytoplasmic",AARS,0,28,47
AIMP1_HUMAN,Q12904,AIMP1,Endothelial monocyte-activating polypeptide 2,4,9,8,21,bin_5,Endothelial monocyte-activating polypeptide 2,EMAP2,0,106,73
FZR1_HUMAN,Q9UM11,FZR1,Fizzy-related protein homolog ,3,13,5,21,bin_5,Fizzy-related protein homolog,CCNB1,0,216,12
FBLN4_HUMAN,O95967,EFEMP2,EGF-containing fibulin-like extracellular matrix protein 2 ,4,9,8,21,bin_5,EGF-containing fibulin-like extracellular matrix protein 2,FBLN2,0,162,33
FBH1_HUMAN,Q96SW7,FBH1,F-box DNA helicase 1 ,8,10,3,21,bin_5,F-box DNA helicase 1,FBXO18,0,60,32
IASPP_HUMAN,Q8WUF5,PPP1R13L,RelA-associated inhibitor,3,13,5,21,bin_5,RelA-associated inhibitor,NFKBIA,0,190,10
KDM8_HUMAN,Q8N371,KDM8,Bifunctional peptidase and arginyl-hydroxylase JMJD5 ,8,9,4,21,bin_5,Bifunctional peptidase and arginyl-hydroxylase JMJD5,JMJD5,0,59,0
NPL4_HUMAN,Q8TAT6,NPLOC4,Nuclear protein localization protein 4 homolog,7,7,7,21,bin_5,Nuclear protein localization protein 4 homolog,NPL4,0,66,1115
VVAGKKYFID,P01042,KNG1,Low molecular weight growth-promoting factor,5,8,8,21,bin_5,no appropriate match,XXXX,0,247,75
KMT5A_HUMAN,Q9NQR1,KMT5A,N-lysine methyltransferase KMT5A ,7,9,5,21,bin_5,N-lysine methyltransferase KMT5A,SUV420H1,0,182,2
OXLA_HUMAN,Q96RQ9,IL4I1,L-amino-acid oxidase ,3,13,5,21,bin_5,L-amino-acid oxidase,no appropriate match,0,151,1193
IMA1_HUMAN,P52292,KPNA2,Importin subunit alpha-1 ,4,7,10,21,bin_5,Importin subunit alpha-1,KPNA1,0,350,16
FUBP2_HUMAN,Q92945,KHSRP,Far upstream element-binding protein 2,5,12,5,22,bin_5,Far upstream element-binding protein 2,FUBP2,0,210,63
U17L2_HUMAN,Q6R6M4,USP17L2,Ubiquitin carboxyl-terminal hydrolase 17,1,18,3,22,bin_5,Ubiquitin carboxyl-terminal hydrolase 17,USP17,0,51,355
PTHR_HUMAN,P12272,PTHLH,Osteostatin,2,14,6,22,bin_5,Osteostatin,PTH,0,1448,54
NH2L1_HUMAN,P55769,SNU13,"NHP2-like protein 1, N-terminally processed",6,5,11,22,bin_5,"NHP2-like protein 1, N-terminally processed",NHP2,0,60,396
WASH3_HUMAN,C4AMC7,WASH3P,Putative WAS protein family homolog 3,3,9,10,22,bin_5,Putative WAS protein family homolog 3,WASHC3,0,0,926
CSTN1_HUMAN,O94985,CLSTN1,CTF1-alpha ,4,8,10,22,bin_5,CTF1-alpha,CTF1,0,64,2
IGJ_HUMAN,P01591,JCHAIN,Immunoglobulin J chain,5,9,8,22,bin_5,Immunoglobulin J chain,IGJ,0,239,38100
MBOA5_HUMAN,Q6P1A2,LPCAT3,Lysophospholipid acyltransferase 5,6,14,2,22,bin_5,Lysophospholipid acyltransferase 5,MBOAT5,0,168,158
DHB4_HUMAN,P51659,HSD17B4,Enoyl-CoA hydratase 2,9,8,5,22,bin_5,Enoyl-CoA hydratase 2,ECHS1,0,251,171
H2AW_HUMAN,Q9P0M6,MACROH2A2,Core histone macro-H2A.2,6,9,7,22,bin_5,Core histone macro-H2A.2,H2AFY2,0,39,9150
H15_HUMAN,P16401,H1-5,Histone H1.5,6,8,8,22,bin_5,Histone H1.5,HIST1H1B,0,144,78
SYEP_HUMAN,P07814,EPRS1,Proline--tRNA ligase ,8,7,7,22,bin_5,Proline--tRNA ligase,PARS2,0,16,21
CHM4P_HUMAN,P59074,CHMP4BP1,Putative charged multivesicular body protein 4B-like protein CHMP4BP1,0,12,10,22,bin_5,Putative charged multivesicular body protein 4B-like protein CHMP4BP1,no appropriate match,0,0,0
SFRP3_HUMAN,Q92765,FRZB,Secreted frizzled-related protein 3,1,18,3,22,bin_5,Secreted frizzled-related protein 3,SFRP3,0,273,61
JIP4_HUMAN,Q8IZX7,SPAG9,C-Jun-amino-terminal kinase-interacting protein 4,5,10,7,22,bin_5,C-Jun-amino-terminal kinase-interacting protein 4,MAPK8IP4,0,149,3
SCAP_HUMAN,Q12770,SCAP,Sterol regulatory element-binding protein cleavage-activating protein ,3,12,7,22,bin_5,Sterol regulatory element-binding protein cleavage-activating protein,MBTPS1,0,1242,378
PTPA_HUMAN,Q9NNZ8,PTPA,Serine/threonine-protein phosphatase 2A activator,8,7,7,22,bin_5,Serine/threonine-protein phosphatase 2A activator,PPP2R4,0,251,374
EFC4B_HUMAN,Q9BSW2,CRACR2A,EF-hand calcium-binding domain-containing protein 4B,3,8,11,22,bin_5,EF-hand calcium-binding domain-containing protein 4B,EFCAB4B,0,31,1
SYLC_HUMAN,Q9P2J5,LARS1,"Leucine--tRNA ligase, cytoplasmic ",5,12,6,23,bin_5,"Leucine--tRNA ligase, cytoplasmic",LARS,0,27,112
GRP_HUMAN,P07492,GRP,Neuromedin-C,2,16,5,23,bin_5,Neuromedin-C,NMB,0,6146,169
ISK5_HUMAN,Q96PP3,SPINK5,Hemofiltrate peptide HF7665,1,13,9,23,bin_5,no appropriate match,XXXX,0,375,0
IRG1_HUMAN,A6NK06,ACOD1,Cis-aconitate decarboxylase,2,20,1,23,bin_5,Cis-aconitate decarboxylase,IRG1,0,130,80
TGO1_HUMAN,Q5JRB1,MIA3,Transport and Golgi organization protein 1 homolog ,1,17,5,23,bin_5,Transport and Golgi organization protein 1 homolog,TANGO1,0,52,24
NSD1_HUMAN,Q96L73,NSD1,"Histone-lysine N-methyltransferase, H3 lysine-36 specific",14,6,3,23,bin_5,"Histone-lysine N-methyltransferase, H3 lysine-36 specific",SETD2,0,579,67
PMYT1_HUMAN,Q99640,PKMYT1,Membrane-associated tyrosine- and threonine-specific cdc2-inhibitory kinase,6,7,10,23,bin_5,Membrane-associated tyrosine- and threonine-specific cdc2-inhibitory kinase,MYT1,0,134,1
SMS_HUMAN,P61278,SST,Neuronostatin ,1,17,5,23,bin_5,Neuronostatin,NTS,0,7855,36
DEF1_HUMAN,P59665,DEFA1B,Neutrophil defensin 2,1,16,6,23,bin_5,Neutrophil defensin 2,DEFA4,0,15,797
S26A7_HUMAN,Q8TE54,SLC26A7,Anion exchange transporter,6,10,7,23,bin_5,anion exchange transporter,SLC4A1,0,82,13779
NDST1_HUMAN,P52848,NDST1,Heparan sulfate N-sulfotransferase 1,4,16,3,23,bin_5,Heparan sulfate N-sulfotransferase 1,HS6ST1,0,155,135
MRCKB_HUMAN,Q9Y5S2,CDC42BPB,Serine/threonine-protein kinase MRCK beta,7,7,9,23,bin_5,Serine/threonine-protein kinase MRCK beta,CDC42BPG,0,50,6
DCNP1_HUMAN,Q8TF63,DCANP1,Dendritic cell nuclear protein 1 ,1,19,3,23,bin_5,Dendritic cell nuclear protein 1,DCNP1,0,6,3546
AT11A_HUMAN,P98196,ATP11A,Phospholipid-transporting ATPase IH,7,4,12,23,bin_5,Phospholipid-transporting ATPase IH,ATP11C,0,69,0
CCN4_HUMAN,O95388,CCN4,CCN family member 4 ,2,18,3,23,bin_5,CCN family member 4,WISP2,0,329,188
AMBP_HUMAN,P02760,AMBP,Trypstatin ,8,5,11,24,bin_5,Trypstatin,no appropriate match,0,285,19
ACHB_HUMAN,P11230,CHRNB1,Acetylcholine receptor subunit beta ,6,14,4,24,bin_5,Acetylcholine receptor subunit beta,CHRNB,0,66,2157
RL26_HUMAN,P61254,RPL26,Large ribosomal subunit protein uL24 ,3,12,9,24,bin_5,Large ribosomal subunit protein uL24,RPL24,0,98,7
APLP1_HUMAN,P51693,APLP1,C30,6,13,5,24,bin_5,C30,no appropriate match,0,293,9150
VEGFD_HUMAN,O43915,VEGFD,Vascular endothelial growth factor D ,6,14,4,24,bin_5,Vascular endothelial growth factor D,FIGF,0,1226,790
TFPT_HUMAN,P0C1Z6,TFPT,TCF3 fusion partner,3,16,5,24,bin_5,no appropriate match,XXXX,0,60,26
DRC4_HUMAN,O95995,GAS8,Dynein regulatory complex subunit 4 ,2,12,10,24,bin_5,Dynein regulatory complex subunit 4,DRC4,0,70,18
NIBA2_HUMAN,Q96TA1,NIBAN2,Protein Niban 2 ,2,15,7,24,bin_5,Protein Niban 2,FAM129B,0,12,13
GEPH_HUMAN,Q9NQX3,GPHN,Molybdopterin molybdenumtransferase,7,7,10,24,bin_5,Molybdopterin molybdenumtransferase,MOCS2,0,62,752
NLRC3_HUMAN,Q7RTR2,NLRC3,NLR family CARD domain-containing protein 3,2,17,5,24,bin_5,NLR family CARD domain-containing protein 3,NLRP3,0,154,1005
NSD2_HUMAN,Q6IS00,NSD2,Histone-lysine N-methyltransferase NSD2,8,11,5,24,bin_5,Histone-lysine N-methyltransferase NSD2,WHSC1,0,362,242
HABP4_HUMAN,Q5JVS0,HABP4,Intracellular hyaluronan-binding protein 4 ,4,8,12,24,bin_5,Intracellular hyaluronan-binding protein 4,IHABP4,0,21,306
PCD16_HUMAN,Q96JQ0,DCHS1,Protocadherin-16,3,18,3,24,bin_5,Protocadherin-16,PCDH16,0,61,0
ANFB_HUMAN,P16860,NPPB,BNP(5-29),4,17,4,25,bin_5,no appropriate match,XXXX,0,1490,8
AAAT_HUMAN,Q9BWQ3,SLC1A5,Neutral amino acid transporter B(0),11,9,5,25,bin_5,Neutral amino acid transporter B(0),SLC6A19,0,614,215
REQU_HUMAN,Q92785,DPF2,Zinc finger protein ubi-d4,4,13,8,25,bin_5,Zinc finger protein ubi-d4,no appropriate match,0,59,5
ATIF1_HUMAN,Q9UII2,ATP5IF1,"ATPase inhibitor, mitochondrial ",8,14,3,25,bin_5,"ATPase inhibitor, mitochondrial",ATPIF1,0,18,3914
VGF_HUMAN,O15240,VGF,Antimicrobial peptide VGF[554-577],3,14,8,25,bin_5,no appropriate match,XXXX,0,723,2
ATP7B_HUMAN,P35670,ATP7B,WND/140 kDa ,6,12,7,25,bin_5,no appropriate match,XXXX,0,1608,1
RL40_HUMAN,Q8WYN8,UBA52,Large ribosomal subunit protein eL40 ,3,4,18,25,bin_5,Large ribosomal subunit protein eL40,RPL40,0,133,3
RL13A_HUMAN,P40429,RPL13A,Large ribosomal subunit protein uL13 ,3,9,13,25,bin_5,Large ribosomal subunit protein uL13,RPL13,0,244,3
CARL1_HUMAN,Q5VZK9,CARMIL1,F-actin-uncapping protein LRRC16A ,1,15,9,25,bin_5,F-actin-uncapping protein LRRC16A,LRRC16A,0,62,1
CLM8_HUMAN,Q9UGN4,CD300A,CMRF35-like molecule 8,3,17,5,25,bin_5,CMRF35-like molecule 8,CD300LF,0,137,4
AICDA_HUMAN,Q9GZX7,AICDA,Single-stranded DNA cytosine deaminase,6,14,5,25,bin_5,APOBEC3A,APOBEC3A,0,1367,214
CPSF5_HUMAN,O43809,NUDT21,Cleavage and polyadenylation specificity factor subunit 5 ,7,10,9,26,bin_5,Cleavage and polyadenylation specificity factor subunit 5,CPSF5,0,85,25
CHP3_HUMAN,Q96BS2,TESC,Calcineurin B homologous protein 3,5,13,8,26,bin_5,Calcineurin B homologous protein 3,CHP3,0,87,221
RNC_HUMAN,Q9NRR4,DROSHA,Ribonuclease 3,9,10,7,26,bin_5,Ribonuclease 3,RNASE3,0,1286,19726
TAZ_HUMAN,Q86XQ8,TAFAZZIN,Tafazzin ,3,19,4,26,bin_5,Tafazzin,TAZ,0,775,775
JARD2_HUMAN,Q92833,JARID2,Protein Jumonji,5,15,6,26,bin_5,Protein Jumonji,KDM2A,0,290,2718
ACHA_HUMAN,P02708,CHRNA1,Acetylcholine receptor subunit alpha ,4,14,8,26,bin_5,Acetylcholine receptor subunit alpha,CHRNA,0,141,4155
HNRPQ_HUMAN,Q96LC2,SYNCRIP,Heterogeneous nuclear ribonucleoprotein Q,2,12,12,26,bin_5,Heterogeneous nuclear ribonucleoprotein Q,HNRNPQ,0,119,95
SETMR_HUMAN,Q53H47,SETMAR,Transposon Hsmar1 transposase ,11,12,3,26,bin_5,Transposon Hsmar1 transposase,HSMAR1,0,65,18
CBPC1_HUMAN,Q9NVK1,AGTPBP1,Cytosolic carboxypeptidase 1 ,3,16,7,26,bin_5,Cytosolic carboxypeptidase 1,AGBL1,0,75,187
GIPLADAVER,Q15311,RALBP1,RalA-binding protein 1 ,8,12,7,27,bin_5,RalA-binding protein 1,RALA,0,436,16
RS27A_HUMAN,Q9UPK7,RPS27A,Small ribosomal subunit protein eS31 ,5,4,18,27,bin_5,Small ribosomal subunit protein eS31,RPS27,0,132,3
SMBP2_HUMAN,P38935,IGHMBP2,DNA-binding protein SMUBP-2,17,2,8,27,bin_5,DNA-binding protein SMUBP-2,SMARCA5,0,170,8
COLI_HUMAN,P01189,POMC,Met-enkephalin,6,16,5,27,bin_5,Met-enkephalin,PENK,0,67007,6943
PAG15_HUMAN,Q8NCC3,PLA2G15,Lysosomal phospholipase A and acyltransferase,10,10,7,27,bin_5,Lysosomal phospholipase A and acyltransferase,LIPA,0,29,32
BIRC1_HUMAN,Q13075,NAIP,Baculoviral IAP repeat-containing protein 1,6,17,4,27,bin_5,Baculoviral IAP repeat-containing protein 1,BIRC1,0,643,345
CAMP_HUMAN,P49913,CAMP,Antibacterial peptide FF-33 ,1,19,7,27,bin_5,Antibacterial peptide FF-33,no appropriate match,0,106725,2
TEN1_HUMAN,Q9UKZ4,TENM1,Teneurin C-terminal-associated peptide,4,12,11,27,bin_5,Teneurin C-terminal-associated peptide,no appropriate match,0,30,30
CMGA_HUMAN,P10645,CHGA,p-Glu serpinin precursor,0,21,7,28,bin_5,no appropriate match,XXXX,0,840,0
HBB_HUMAN,Q6FI08,HBB,Spinorphin,7,11,10,28,bin_5,Spinorphin,no appropriate match,0,2428,24
RIPR2_HUMAN,Q9Y4F9,RIPOR2,Rho family-interacting cell polarization regulator 2,1,21,6,28,bin_5,Rho family-interacting cell polarization regulator 2,FAM65B,0,36,2
SEPT7_HUMAN,Q16181,SEPTIN7,Septin-7,6,7,15,28,bin_5,Septin-7,7-Sep,0,120,81
S10AC_HUMAN,P80511,S100A12,Calcitermin,6,15,7,28,bin_5,Calcitermin,CAMP,0,991,7
WHRN_HUMAN,Q9H9F4,WHRN,Whirlin ,1,12,15,28,bin_5,Whirlin,DFNB31,0,91,82
TEAD2_HUMAN,Q15562,TEAD2,Transcriptional enhancer factor TEF-4,6,16,7,29,bin_5,Transcriptional enhancer factor TEF-4,TEAD4,0,136,5
ARBK1_HUMAN,P25098,GRK2,Beta-adrenergic receptor kinase 1,7,15,7,29,bin_5,Beta-adrenergic receptor kinase 1,ADRBK1,0,1525,1238
PLOD3_HUMAN,O60568,PLOD3,Procollagen glycosyltransferase,7,13,9,29,bin_5,Procollagen glycosyltransferase,GLT25D1,0,108,151
TIGAR_HUMAN,Q9NQ88,TIGAR,"Fructose-2,6-bisphosphatase TIGAR ",1,24,4,29,bin_5,"Fructose-2,6-bisphosphatase TIGAR",C12orf5,0,323,28
RORG_HUMAN,P51449,RORC,Nuclear receptor ROR-gamma,9,16,4,29,bin_5,Nuclear receptor ROR-gamma,RORG,0,1373,1943
TESK1_HUMAN,Q15569,TESK1,Dual specificity testis-specific protein kinase 1,8,14,7,29,bin_5,Dual specificity testis-specific protein kinase 1,DSTK1,0,43,2
RRAGA_HUMAN,Q7L523,RRAGA,Ras-related GTP-binding protein A ,7,14,8,29,bin_5,Ras-related GTP-binding protein A,RAB1A,0,76,63485
MYH10_HUMAN,Q6PK16,MYH10,Myosin-10,8,7,14,29,bin_5,Myosin-10,MYO10,0,170,69
PRRX1_HUMAN,P54821,PRRX1,Paired mesoderm homeobox protein 1,7,18,4,29,bin_5,Paired mesoderm homeobox protein 1,PHOX1,0,486,130
SULF1_HUMAN,Q8IWU6,SULF1,Extracellular sulfatase Sulf-2 secreted form ,4,22,7,33,bin_5,Extracellular sulfatase Sulf-2 secreted form,SULF2,0,323,4
HUNIN_HUMAN,Q8IVG9,MT-RNR2,Humanin ,4,17,8,29,bin_5,Humanin,MTRNR2,0,46,482
S4A10_HUMAN,Q6U841,SLC4A10,Sodium-driven chloride bicarbonate exchanger ,3,13,14,30,bin_5,Sodium-driven chloride bicarbonate exchanger,SLC4A8,0,62,958
PALS1_HUMAN,Q8N3R9,PALS1,Protein PALS1 ,3,12,15,30,bin_5,protein,MPP5,0,146,140
HINFP_HUMAN,Q9BQA5,HINFP,Histone H4 transcription factor,12,15,3,30,bin_5,Histone H4 transcription factor,no appropriate match,0,59,17275
MYO1G_HUMAN,B0I1T2,MYO1G,Minor histocompatibility antigen HA-2 ,7,11,12,30,bin_5,Minor histocompatibility antigen HA-2,HMHA2,0,55,48
H33_HUMAN,P84243,H3-3B,Histone H3.3,5,17,9,31,bin_5,Histone H3.3,H3F3A,0,40,62758
PGBM_HUMAN,CESCAPGYEG,HSPG2,LG3 peptide,5,16,10,31,bin_5,no appropriate match,XXXX,0,308,48
ERBIN_HUMAN,Q9NW48,ERBIN,Erbin ,3,15,13,31,bin_5,Erbin,ERBB2IP,0,271,271
NECT1_HUMAN,Q15223,NECTIN1,Nectin-1,8,14,10,32,bin_5,Nectin-1,PVRL1,0,408,899
AT8A2_HUMAN,AAKHTCKKTL,ATP8A2,Phospholipid-transporting ATPase IB ,7,18,7,32,bin_5,Phospholipid-transporting ATPase IB,ATP8B1,0,82,0
RS19_HUMAN,P39019,RPS19,Small ribosomal subunit protein eS19 ,5,15,12,32,bin_5,Small ribosomal subunit protein eS19,RPS15,0,473,1
ACK1_HUMAN,Q07912,TNK2,Activated CDC42 kinase 1,12,6,14,32,bin_5,Activated CDC42 kinase 1,ACK1,0,181,1623
ATPB_HUMAN,P06576,ATP5F1B,"ATP synthase subunit beta, mitochondrial ",6,12,14,32,bin_5,"ATP synthase subunit beta, mitochondrial",ATP5B,0,108,816
SHIP1_HUMAN,Q92835,INPP5D,"Phosphatidylinositol 3,4,5-trisphosphate 5-phosphatase 1",7,21,4,32,bin_5,"Phosphatidylinositol 3,4,5-trisphosphate 5-phosphatase 1",INPP5J,0,394,27
NOP53_HUMAN,Q9NZM5,NOP53,Ribosome biogenesis protein NOP53 ,4,23,5,32,bin_5,Ribosome biogenesis protein NOP53,GLTSCR2,0,71,13
RHG07_HUMAN,HDRAPVVGVR,DLC1,Rho GTPase-activating protein 7,3,20,10,33,bin_5,Rho GTPase-activating protein 7,ARHGAP7,0,457,122
SEPT2_HUMAN,Q15019,SEPTIN2,Septin-2,5,7,21,33,bin_5,Septin-2,2-Sep,0,96,85
PPAP_HUMAN,P15309,ACP3,PAPf39,11,9,13,33,bin_5,PAPf39,no appropriate match,0,39,4
NSG1_HUMAN,P42857,NSG1,Neuronal vesicle trafficking-associated protein 1 ,2,13,19,34,bin_5,Neuronal vesicle trafficking-associated protein 1,NVTN,0,49,2
SEPT4_HUMAN,Q9H315,SEPTIN4,Septin-4 ,6,12,16,34,bin_5,Septin-4,4-Sep,0,93,35
FANCJ_HUMAN,Q9BX63,BRIP1,Fanconi anemia group J protein ,9,19,6,34,bin_5,Fanconi anemia group J protein,FANCD2,0,618,0
H2AX_HUMAN,P16104,H2AX,Histone H2AX,8,15,11,34,bin_5,Histone H2AX,H2AFX,0,7584,4883
RED1_HUMAN,O00691,ADARB1,Double-stranded RNA-specific editase 1 ,7,21,6,34,bin_5,Double-stranded RNA-specific editase 1,ADAR,0,672,3
FAS_HUMAN,P49327,FASN,Acyl-[acyl-carrier-protein] hydrolase,15,12,8,35,bin_5,Acyl-[acyl-carrier-protein] hydrolase,no appropriate match,0,3109,10976
SELS_HUMAN,Q9BQE4,SELENOS,Selenoprotein S ,5,22,8,35,bin_5,Selenoprotein S,SELS,0,1796,16838
FTM_HUMAN,Q68CZ1,RPGRIP1L,Protein fantom,1,20,14,35,bin_5,no appropriate match,XXXX,0,147,120
MYH6_HUMAN,P13533,MYH6,Myosin-6,6,20,10,36,bin_5,Myosin-6,MYO6,0,615,34
OGG1_HUMAN,Q9UIK0,OGG1,DNA-(apurinic or apyrimidinic site) lyase,9,20,7,36,bin_5,DNA-(apurinic or apyrimidinic site) lyase,APEX1,0,1810,2677
AGRB1_HUMAN,O14514,ADGRB1,Vasculostatin-120 ,4,22,10,36,bin_5,Vasculostatin-120,no appropriate match,0,97,1
FYV1_HUMAN,Q9Y2I7,PIKFYVE,1-phosphatidylinositol 3-phosphate 5-kinase ,8,17,11,36,bin_5,1-phosphatidylinositol 3-phosphate 5-kinase,PIP5K3,0,364,18
HEYL_HUMAN,Q9NQ87,HEYL,Hairy/enhancer-of-split related with YRPW motif-like protein,7,25,4,36,bin_5,Hairy/enhancer-of-split related with YRPW motif-like protein,HEY-like,0,661,3
ANLRRSHILE,Q6ZNE5,ATG14,Beclin 1-associated autophagy-related key regulator ,4,20,12,36,bin_5,Beclin 1-associated autophagy-related key regulator,BARKOR,0,386,9
AJUBA_HUMAN,Q96IF1,AJUBA,LIM domain-containing protein ajuba,6,18,12,36,bin_5,LIM domain-containing protein ajuba,JUB,0,182,17
CASL_HUMAN,Q14511,NEDD9,Enhancer of filamentation 1 p55,1,21,15,37,bin_5,Enhancer of filamentation 1 p55,no appropriate match,0,383,0
CO2A1_HUMAN,Q9UE38,COL2A1,Chondrocalcin ,6,25,6,37,bin_5,Chondrocalcin,MATN1,0,2699,74
VRLVGRGGRR,P78559,MAP1A,MAP1 light chain LC2,6,16,15,37,bin_5,MAP1 light chain LC2,MAP1LC2,0,218,3
ZPR1_HUMAN,O75312,ZPR1,Zinc finger protein ZPR1,4,22,11,37,bin_5,Zinc finger protein ZPR1,ZNF259,0,113,42
CCN1_HUMAN,O00622,CCN1,CCN family member 1 ,4,30,3,37,bin_5,CCN family member 1,CYR61,0,970,441
TDGF1_HUMAN,P13385,CRIPTO,Protein Cripto ,4,26,8,38,bin_5,protein,TDGF1,0,491,435
ABCA3_HUMAN,Q99758,ABCA3,150 Kda mature form ,7,20,11,38,bin_5,no appropriate match,XXXX,0,473,47
MUL1_HUMAN,SCVFLECGHV,MUL1,Mitochondrial ubiquitin ligase activator of NFKB 1,7,27,4,38,bin_5,Mitochondrial ubiquitin ligase activator of NFKB 1,MULAN,0,976,11
UCP2_HUMAN,P55851,UCP2,Dicarboxylate carrier SLC25A8 ,11,25,2,38,bin_5,Dicarboxylate carrier SLC25A8,SLC25A8,0,2755,1
KAT8_HUMAN,Q9NR35,KAT8,Histone acetyltransferase KAT8 ,12,15,12,39,bin_5,Histone acetyltransferase KAT8,MYST1,0,254,203
FBW1A_HUMAN,Q9Y297,BTRC,F-box/WD repeat-containing protein 1A,7,28,4,39,bin_5,F-box/WD repeat-containing protein 1A,FBXW1A,0,308,11
CGAS_HUMAN,Q8N884,CGAS,Cyclic GMP-AMP synthase ,12,20,7,39,bin_5,Cyclic GMP-AMP synthase,MB21D1,0,10890,1378
CCN3_HUMAN,P48745,CCN3,CCN family member 3 ,4,28,8,40,bin_5,CCN family member 3,NOV,0,481,315
RAD21_HUMAN,O60216,RAD21,64-kDa C-terminal product ,4,22,14,40,bin_5,no appropriate match,XXXX,0,719,25
RIGI_HUMAN,O95786,RIGI,Antiviral innate immune response receptor RIG-I ,11,23,6,40,bin_5,RIG-I,DDX58,0,3257,1398
GRP1_HUMAN,Q9UNN9,RASGRP1,RAS guanyl-releasing protein 1,7,27,6,40,bin_5,RAS guanyl-releasing protein 1,RAP1A,0,300,42
DEMA_HUMAN,Q08495,DMTN,Dematin,4,25,12,41,bin_5,Dematin,EPB41L3,0,64,66
PICK1_HUMAN,Q9NRD5,PICK1,PRKCA-binding protein,10,17,14,41,bin_5,PRKCA-binding protein,no appropriate match,0,405,1
PA24A_HUMAN,P47712,PLA2G4A,Lysophospholipase,12,19,10,41,bin_5,Lysophospholipase,LYPLA1,0,362,1489
USP9X_HUMAN,Q93008,USP9X,Ubiquitin carboxyl-terminal hydrolase 9X,9,26,7,42,bin_5,Ubiquitin carboxyl-terminal hydrolase 9X,no appropriate match,0,397,58
ANFC_HUMAN,P23582,NPPC,CNP-53,3,35,4,42,bin_5,CNP-53,no appropriate match,0,335,2038
ERN1_HUMAN,O75460,ERN1,Endoribonuclease,13,20,9,42,bin_5,endoribonuclease,no appropriate match,0,1268,28862
VTNC_HUMAN,P04004,VTN,Somatomedin-B,8,22,13,43,bin_5,Somatomedin-B,SMB,0,267,125
STK3_HUMAN,Q13188,STK3,Serine/threonine-protein kinase 3 20kDa subunit,7,32,5,44,bin_5,Serine/threonine-protein kinase 3 20kDa subunit,no appropriate match,0,333,9
BMAL1_HUMAN,O00316,BMAL1,Basic helix-loop-helix ARNT-like protein 1 ,12,26,8,46,bin_5,Basic helix-loop-helix ARNT-like protein 1,BHLHE40,0,3274,34
STING_HUMAN,Q86WV6,STING1,Stimulator of interferon genes protein ,9,23,16,48,bin_5,Stimulator of interferon genes protein,TMEM173,0,2021,11582
FINC_HUMAN,Q96KP8,FN1,Ugl-Y3,9,28,13,50,bin_5,Ugl-Y3,no appropriate match,0,2356,0
PDE2A_HUMAN,O00408,PDE2A,"cGMP-dependent 3',5'-cyclic phosphodiesterase ",11,28,12,51,bin_5,"cGMP-dependent 3',5'-cyclic phosphodiesterase",PDE5A,0,267,986
CADH1_HUMAN,P12830,CDH1,E-Cad/CTF3,9,25,17,51,bin_5,E-Cad/CTF3,CTNND1,0,6034,1
H2AY_HUMAN,O75367,MACROH2A1,Core histone macro-H2A.1,16,22,13,51,bin_5,Core histone macro-H2A.1,H2AFY,0,174,1
RET_HUMAN,P07949,RET,Extracellular cell-membrane anchored RET cadherin 120 kDa fragment ,5,38,8,51,bin_5,Extracellular cell-membrane anchored RET cadherin 120 kDa fragment,CDH16,0,11979,0
MAP1B_HUMAN,P46821,MAP1B,MAP1 light chain LC1,5,29,19,53,bin_5,MAP1 light chain LC1,MAP1LC1,0,815,3
VPP3_HUMAN,Q13488,TCIRG1,V-type proton ATPase 116 kDa subunit a 3,2,40,11,53,bin_5,V-type proton ATPase 116 kDa subunit a 3,ATP6V0A3,0,205,2
TRFL_HUMAN,Q16789,LTF,Lactoferroxin-C,8,32,14,54,bin_5,Lactoferroxin-C,no appropriate match,0,1588,1
PHB1_HUMAN,P35232,PHB1,Prohibitin 1 ,7,39,11,57,bin_5,Prohibitin 1,PHB,0,244,1679
MMP2_HUMAN,P08253,MMP2,PEX,6,45,7,58,bin_5,peroxisomal biogenesis factor,PEX,0,27129,1899
FACE1_HUMAN,O75844,ZMPSTE24,CAAX prenyl protease 1 homolog,5,46,7,58,bin_5,CAAX prenyl protease 1 homolog,RCE1,0,304,1
ANGT_HUMAN,P01019,AGT,Angiotensin 1-4,5,48,6,59,bin_5,Angiotensin 1-4,XXXX,0,4315,2991
MLAPLLEVIK,Q14191,WRN,ATP-dependent helicase,24,26,9,59,bin_5,ATP-dependent helicase,no appropriate match,0,1397,1733
TNAP3_HUMAN,P21580,TNFAIP3,A20p37,10,48,5,63,bin_5,A20p37,no appropriate match,0,1809,0
GBA1_HUMAN,Q9UMJ8,GBA1,Lysosomal acid glucosylceramidase ,6,51,6,63,bin_5,Lysosomal acid glucosylceramidase,GBA,0,640,319
RACK1_HUMAN,P63244,RACK1,"Small ribosomal subunit protein RACK1, N-terminally processed",19,36,14,69,bin_5,RACK1,GNB2L1,0,1058,0
NHRF1_HUMAN,O14745,NHERF1,Na(+)/H(+) exchange regulatory cofactor NHE-RF1 ,17,42,17,76,bin_5,Na(+)/H(+) exchange regulatory cofactor NHE-RF1,SLC9A3R1,0,473,0
LIS1_HUMAN,P43034,PAFAH1B1,Platelet-activating factor acetylhydrolase IB subunit beta ,10,52,22,84,bin_5,Platelet-activating factor acetylhydrolase IB subunit beta,PAFAH1B2,0,479,42
PRKN_HUMAN,Q8NI43,PRKN,E3 ubiquitin-protein ligase parkin ,26,100,17,143,bin_5,E3 ubiquitin-protein ligase parkin,PARK2,0,564,3850
CLN6_HUMAN,Q9NWW5,CLN6,Ceroid-lipofuscinosis neuronal protein 6,3,9,8,20,bin_5,Ceroid-lipofuscinosis neuronal protein 6,CLN6,1,220,322
S6A14_HUMAN,Q9UN76,SLC6A14,Sodium- and chloride-dependent neutral and basic amino acid transporter B(0+) ,7,8,5,20,bin_5,Sodium- and chloride-dependent neutral and basic amino acid transporter B(0+),SLC6A14,1,166,3
S6A20_HUMAN,Q9NP91,SLC6A20,Sodium- and chloride-dependent transporter XTRP3 ,7,11,2,20,bin_5,Sodium- and chloride-dependent transporter XTRP3,SLC6A20,1,84,0
SC5A7_HUMAN,Q9GZV3,SLC5A7,High affinity choline transporter 1 ,3,7,10,20,bin_5,High affinity choline transporter 1,SLC5A7,1,103,341
TPC1_HUMAN,Q9ULQ1,TPCN1,Two pore channel protein 1 ,9,3,8,20,bin_5,Two pore channel protein 1,TPCN1,1,98,2960
ITA11_HUMAN,Q9UKX5,ITGA11,Integrin alpha-11,5,9,6,20,bin_5,Integrin alpha-11,ITGA11,1,110,49
SC5A6_HUMAN,Q9Y289,SLC5A6,Sodium-dependent multivitamin transporter ,7,7,6,20,bin_5,Sodium-dependent multivitamin transporter,SLC5A6,1,51,93
RL27_HUMAN,P61353,RPL27,Large ribosomal subunit protein eL27 ,2,4,14,20,bin_5,Large ribosomal subunit protein eL27,RPL27,1,70,2
SC5A5_HUMAN,Q92911,SLC5A5,Sodium/iodide cotransporter,4,10,6,20,bin_5,Sodium/iodide cotransporter,SLC5A5,1,137,1747
MYPR_HUMAN,P60201,PLP1,Myelin proteolipid protein,4,12,4,20,bin_5,Myelin proteolipid protein,PLP1,1,827,2968
MYRF_HUMAN,Q9Y2G1,MYRF,"Myelin regulatory factor, C-terminal",5,10,5,20,bin_5,"Myelin regulatory factor, C-terminal",MYRF,1,150,9
NAL10_HUMAN,Q86W26,NLRP10,"NACHT, LRR and PYD domains-containing protein 10",3,12,5,20,bin_5,"NACHT, LRR and PYD domains-containing protein 10",NLRP10,1,51,40
SC16A_HUMAN,O15027,SEC16A,Protein transport protein Sec16A,0,13,7,20,bin_5,protein transport protein Sec16A,SEC16A,1,62,46
NANO3_HUMAN,P60323,NANOS3,Nanos homolog 3,4,9,7,20,bin_5,Nanos homolog 3,NANOS3,1,151,29
ITB5_HUMAN,P18084,ITGB5,Integrin beta-5,3,9,8,20,bin_5,Integrin beta-5,ITGB5,1,179,624
MOV10_HUMAN,Q9HCE1,MOV10,Helicase MOV-10 ,4,9,7,20,bin_5,Helicase MOV-10,MOV10,1,132,3
JAG2_HUMAN,Q9Y219,JAG2,Protein jagged-2,3,16,1,20,bin_5,protein,JAG2,1,335,273
EXOC7_HUMAN,Q9UPT5,EXOC7,Exocyst complex component 7,2,9,9,20,bin_5,Exocyst complex component 7,EXOC7,1,77,48
RILP_HUMAN,Q96NA2,RILP,Rab-interacting lysosomal protein,3,9,8,20,bin_5,Rab-interacting lysosomal protein,RILP,1,171,65
YMEL1_HUMAN,Q96TA2,YME1L1,ATP-dependent zinc metalloprotease YME1L1,5,11,4,20,bin_5,ATP-dependent zinc metalloprotease YME1L1,YME1L1,1,56,2
SC24B_HUMAN,O95487,SEC24B,Protein transport protein Sec24B ,2,13,5,20,bin_5,protein transport protein Sec24B,SEC24B,1,37,21
IREB2_HUMAN,Q9UF17,IREB2,Iron-responsive element-binding protein 2,5,12,3,20,bin_5,Iron-responsive element-binding protein 2,IREB2,1,144,403
CUL7_HUMAN,Q14999,CUL7,Cullin-7,1,11,8,20,bin_5,Cullin-7,CUL7,1,159,35
CDD_HUMAN,P32320,CDA,Cytidine deaminase ,6,9,5,20,bin_5,Cytidine deaminase,CDA,1,6960,5445
MTF1_HUMAN,Q14872,MTF1,Metal regulatory transcription factor 1,8,9,3,20,bin_5,Metal regulatory transcription factor 1,MTF1,1,570,1887
RN135_HUMAN,Q8IUD6,RNF135,E3 ubiquitin-protein ligase RNF135 ,6,10,4,20,bin_5,E3 ubiquitin-protein ligase RNF135,RNF135,1,55,38
TRAP1_HUMAN,Q12931,TRAP1,"Heat shock protein 75 kDa, mitochondrial",7,6,7,20,bin_5,"Heat shock protein 75 kDa, mitochondrial",TRAP1,1,479,33
RN139_HUMAN,Q8WU17,RNF139,E3 ubiquitin-protein ligase RNF139,6,9,5,20,bin_5,E3 ubiquitin-protein ligase RNF139,RNF139,1,37,20
ACPM_HUMAN,O14561,NDUFAB1,"Acyl carrier protein, mitochondrial ",5,8,7,20,bin_5,"Acyl carrier protein, mitochondrial",NDUFAB1,1,43,378
RS28_HUMAN,P62857,RPS28,Small ribosomal subunit protein eS28 ,2,7,11,20,bin_5,Small ribosomal subunit protein eS28,RPS28,1,59,2
RRP8_HUMAN,O43159,RRP8,Ribosomal RNA-processing protein 8,3,10,7,20,bin_5,Ribosomal RNA-processing protein 8,RRP8,1,31,619
CTCFL_HUMAN,A6XGN2,CTCFL,Transcriptional repressor CTCFL,8,7,5,20,bin_5,Transcriptional repressor CTCFL,CTCFL,1,170,23
FBX2_HUMAN,Q9UK22,FBXO2,F-box only protein 2,4,9,7,20,bin_5,F-box only protein 2,FBXO2,1,60,311
IMDH2_HUMAN,P12268,IMPDH2,Inosine-5'-monophosphate dehydrogenase 2 ,5,6,9,20,bin_5,Inosine-5'-monophosphate dehydrogenase 2,IMPDH2,1,258,896
RNF5_HUMAN,Q99942,RNF5,E3 ubiquitin-protein ligase RNF5 ,6,10,4,20,bin_5,E3 ubiquitin-protein ligase RNF5,RNF5,1,95,69
FABP4_HUMAN,P15090,FABP4,"Fatty acid-binding protein, adipocyte",4,11,5,20,bin_5,"Fatty acid-binding protein, adipocyte",FABP4,1,2710,2899
CDK16_HUMAN,Q00536,CDK16,Cyclin-dependent kinase 16,4,7,9,20,bin_5,Cyclin-dependent kinase 16,CDK16,1,69,4442
ACOT8_HUMAN,O14734,ACOT8,Acyl-coenzyme A thioesterase 8,10,8,2,20,bin_5,Acyl-coenzyme A thioesterase 8,ACOT8,1,34,35
WNT2B_HUMAN,Q93097,WNT2B,Protein Wnt-2b,2,14,4,20,bin_5,Protein Wnt-2b,WNT2B,1,343,27
WNT16_HUMAN,Q9UBV4,WNT16,Protein Wnt-16,2,15,3,20,bin_5,Protein Wnt-16,WNT16,1,274,15
MTCL1_HUMAN,Q9Y4B5,MTCL1,Microtubule cross-linking factor 1,3,6,11,20,bin_5,Microtubule cross-linking factor 1,MTCL1,1,22,72
RL7_HUMAN,P18124,RPL7,Large ribosomal subunit protein uL30 ,5,5,10,20,bin_5,Large ribosomal subunit protein uL30,RPL7,1,123,3
MPIP2_HUMAN,Q9BRA6,CDC25B,M-phase inducer phosphatase 2,3,11,6,20,bin_5,M-phase inducer phosphatase 2,CDC25B,1,681,2053
IL34_HUMAN,Q6ZMJ4,IL34,Interleukin-34,4,14,2,20,bin_5,Interleukin-34,IL34,1,511,304
S23A1_HUMAN,Q9UHI7,SLC23A1,Solute carrier family 23 member 1 ,6,8,6,20,bin_5,Solute carrier family 23 member 1,SLC23A1,1,128,366
MPRD_HUMAN,P20645,M6PR,Cation-dependent mannose-6-phosphate receptor,4,6,10,20,bin_5,Cation-dependent mannose-6-phosphate receptor,M6PR,1,233,185
S1PR2_HUMAN,O95136,S1PR2,Sphingosine 1-phosphate receptor 2,6,11,3,20,bin_5,Sphingosine 1-phosphate receptor 2,S1PR2,1,529,4275
ISCU_HUMAN,Q9H1K1,ISCU,Iron-sulfur cluster assembly enzyme ISCU ,6,7,7,20,bin_5,Iron-sulfur cluster assembly enzyme ISCU,ISCU,1,467,142
S15A2_HUMAN,Q16348,SLC15A2,Solute carrier family 15 member 2 ,3,13,4,20,bin_5,Solute carrier family 15 member 2,SLC15A2,1,67,539
TPM4_HUMAN,Q9UCS4,TPM4,Tropomyosin alpha-4 chain,6,4,10,20,bin_5,Tropomyosin alpha-4 chain,TPM4,1,178,17
ANX13_HUMAN,P27216,ANXA13,Annexin A13,4,3,13,20,bin_5,Annexin A13,ANXA13,1,26,36
FCRL3_HUMAN,Q96P29,FCRL3,Fc receptor-like protein 3 ,5,12,3,20,bin_5,Fc receptor-like protein 3,FCRL3,1,186,143
XRP2_HUMAN,O75695,RP2,Protein XRP2,4,5,11,20,bin_5,protein,RP2,1,1029,5
S10A1_HUMAN,P23297,S100A1,Protein S100-A1,6,5,9,20,bin_5,Protein S100-A1,S100A1,1,537,3
IL2RB_HUMAN,P14784,IL2RB,Interleukin-2 receptor subunit beta,5,9,6,20,bin_5,Interleukin-2 receptor subunit beta,IL2RB,1,413,1607
LEDLRSKLSV,Q96J66,ABCC11,ATP-binding cassette sub-family C member 11 ,9,6,5,20,bin_5,ATP-binding cassette sub-family C member 11,ABCC11,1,187,54
MYO5B_HUMAN,Q9ULV0,MYO5B,Unconventional myosin-Vb,5,6,9,20,bin_5,Unconventional myosin-Vb,MYO5B,1,204,7
AP1M1_HUMAN,Q9BXS5,AP1M1,AP-1 complex subunit mu-1,1,6,13,20,bin_5,AP-1 complex subunit mu-1,AP1M1,1,27,21
TRIB1_HUMAN,Q96RU8,TRIB1,Tribbles homolog 1,5,12,3,20,bin_5,Tribbles homolog 1,TRIB1,1,285,174
AP2A2_HUMAN,O94973,AP2A2,AP-2 complex subunit alpha-2 ,4,4,12,20,bin_5,AP-2 complex subunit alpha-2,AP2A2,1,31,31
MSRE_HUMAN,P21757,MSR1,Macrophage scavenger receptor types I and II,4,11,5,20,bin_5,Macrophage scavenger receptor types I and II,MSR1,1,648,113
TRIA1_HUMAN,O43715,TRIAP1,TP53-regulated inhibitor of apoptosis 1,1,14,5,20,bin_5,TP53-regulated inhibitor of apoptosis 1,TRIAP1,1,55,24
CAR16_HUMAN,Q5EG05,CARD16,Caspase recruitment domain-containing protein 16,5,10,5,20,bin_5,Caspase recruitment domain-containing protein 16,CARD16,1,20,48
SH3K1_HUMAN,Q96B97,SH3KBP1,SH3 domain-containing kinase-binding protein 1,2,8,10,20,bin_5,SH3 domain-containing kinase-binding protein 1,SH3KBP1,1,156,4
EST1A_HUMAN,Q86US8,SMG6,Telomerase-binding protein EST1A ,7,7,6,20,bin_5,Telomerase-binding protein EST1A,SMG6,1,121,0
DQA2_HUMAN,P01906,HLA-DQA2,"HLA class II histocompatibility antigen, DQ alpha 2 chain",3,6,11,20,bin_5,"HLA class II histocompatibility antigen, DQ alpha 2 chain",HLA-DQA2,1,103,891
LTK_HUMAN,P29376,LTK,Leukocyte tyrosine kinase receptor ,5,12,3,20,bin_5,Leukocyte tyrosine kinase receptor,LTK,1,821,12814
STAT4_HUMAN,Q14765,STAT4,Signal transducer and activator of transcription 4,4,10,6,20,bin_5,Signal transducer and activator of transcription 4,STAT4,1,1973,1367
LY96_HUMAN,Q9Y6Y9,LY96,Lymphocyte antigen 96,4,11,5,20,bin_5,Lymphocyte antigen 96,LY96,1,619,755
STAR3_HUMAN,Q14849,STARD3,StAR-related lipid transfer protein 3 ,3,7,10,20,bin_5,StAR-related lipid transfer protein 3,STARD3,1,155,13
KKCC2_HUMAN,Q8WY06,CAMKK2,Calcium/calmodulin-dependent protein kinase kinase 2,7,10,3,20,bin_5,Calcium/calmodulin-dependent protein kinase kinase 2,CAMKK2,1,371,17565
SSXT_HUMAN,Q15532,SS18,Protein SSXT,2,12,6,20,bin_5,protein,SS18,1,457,3
SSR3_HUMAN,P32745,SSTR3,Somatostatin receptor type 3,4,11,5,20,bin_5,Somatostatin receptor type 3,SSTR3,1,370,1097
M2OM_HUMAN,Q02978,SLC25A11,Mitochondrial 2-oxoglutarate/malate carrier protein ,8,8,4,20,bin_5,Mitochondrial 2-oxoglutarate/malate carrier protein,SLC25A11,1,39,13
SRY_HUMAN,Q05066,SRY,Sex-determining region Y protein ,6,9,5,20,bin_5,Sex-determining region Y protein,SRY,1,5485,1232
SRSF1_HUMAN,Q07955,SRSF1,Serine/arginine-rich splicing factor 1 ,4,10,6,20,bin_5,Serine/arginine-rich splicing factor 1,SRSF1,1,557,352
ADCY5_HUMAN,AVQVVGLLLP,ADCY5,Adenylate cyclase type 5,5,12,3,20,bin_5,Adenylate cyclase type 5,ADCY5,1,239,2633
ADCY3_HUMAN,O60266,ADCY3,Adenylate cyclase type 3,4,10,6,20,bin_5,Adenylate cyclase type 3,ADCY3,1,163,3022
DQB2_HUMAN,P05538,HLA-DQB2,"HLA class II histocompatibility antigen, DQ beta 2 chain",3,6,11,20,bin_5,"HLA class II histocompatibility antigen, DQ beta 2 chain",HLA-DQB2,1,66,1683
SP7_HUMAN,Q8TDD2,SP7,Transcription factor Sp7,6,11,3,20,bin_5,Transcription factor Sp7,SP7,1,1616,1011
BUB1_HUMAN,O43683,BUB1,Mitotic checkpoint serine/threonine-protein kinase BUB1,5,8,7,20,bin_5,Mitotic checkpoint serine/threonine-protein kinase BUB1,BUB1,1,1369,564
BUB1B_HUMAN,Q8WV50,BUB1B,Mitotic checkpoint serine/threonine-protein kinase BUB1 beta,4,6,10,20,bin_5,Mitotic checkpoint serine/threonine-protein kinase BUB1 beta,BUB1B,1,519,21
THAP1_HUMAN,Q9NVV9,THAP1,THAP domain-containing protein 1,8,6,6,20,bin_5,THAP domain-containing protein 1,THAP1,1,223,19
SPY1_HUMAN,O43609,SPRY1,Protein sprouty homolog 1,0,16,4,20,bin_5,protein,SPRY1,1,330,34
LLSAEFGKHL,P11277,SPTB,"Spectrin beta chain, erythrocytic",4,3,13,20,bin_5,"Spectrin beta chain, erythrocytic",SPTB,1,738,159
DSG1_HUMAN,Q02413,DSG1,Desmoglein-1,3,7,10,20,bin_5,Desmoglein-1,DSG1,1,838,1236
SPRC_HUMAN,P09486,SPARC,SPARC,3,4,13,20,bin_5,SPARC,SPARC,1,3539,3539
SPIR2_HUMAN,Q8WWL2,SPIRE2,Protein spire homolog 2,2,13,5,20,bin_5,protein spire homolog 2,SPIRE2,1,28,6
MAL_HUMAN,P21145,MAL,Myelin and lymphocyte protein,3,10,7,20,bin_5,Myelin and lymphocyte protein,MAL,1,54090,6578
SPD2B_HUMAN,A1X283,SH3PXD2B,SH3 and PX domain-containing protein 2B,5,11,4,20,bin_5,SH3 and PX domain-containing protein 2B,SH3PXD2B,1,55,0
BTC_HUMAN,P35070,BTC,Betacellulin,4,12,4,20,bin_5,Betacellulin,BTC,1,3598,440
MAPK3_HUMAN,Q16644,MAPKAPK3,MAP kinase-activated protein kinase 3,8,8,4,20,bin_5,MAP kinase-activated protein kinase 3,MAPKAPK3,1,122,501
TFAM_HUMAN,Q00059,TFAM,"Transcription factor A, mitochondrial ",8,6,6,20,bin_5,"Transcription factor A, mitochondrial",TFAM,1,2444,29969
DNLI1_HUMAN,P18858,LIG1,DNA ligase 1,5,11,4,20,bin_5,DNA ligase 1,LIG1,1,397,10377
STK36_HUMAN,Q9NRP7,STK36,Serine/threonine-protein kinase 36,5,9,6,20,bin_5,Serine/threonine-protein kinase 36,STK36,1,34,10394
LSM1_HUMAN,O15116,LSM1,U6 snRNA-associated Sm-like protein LSm1,3,8,9,20,bin_5,U6 snRNA-associated Sm-like protein LSm1,LSM1,1,219,0
KSR1_HUMAN,Q8IVT5,KSR1,Kinase suppressor of Ras 1,7,5,8,20,bin_5,Kinase suppressor of Ras 1,KSR1,1,225,211
DEAF1_HUMAN,O75513,DEAF1,Deformed epidermal autoregulatory factor 1 homolog,4,10,6,20,bin_5,Deformed epidermal autoregulatory factor 1 homolog,DEAF1,1,137,3
TBG2_HUMAN,Q9NRH3,TUBG2,Tubulin gamma-2 chain,3,6,11,20,bin_5,Tubulin gamma-2 chain,TUBG2,1,16,9
TBB2B_HUMAN,Q9BVA1,TUBB2B,Tubulin beta-2B chain,5,8,7,20,bin_5,Tubulin beta-2B chain,TUBB2B,1,125,5
KPYR_HUMAN,P30613,PKLR,Pyruvate kinase PKLR,6,10,4,20,bin_5,Pyruvate kinase PKLR,PKLR,1,324,230
DGKH_HUMAN,Q86XP1,DGKH,Diacylglycerol kinase eta ,6,8,6,20,bin_5,Diacylglycerol kinase eta,DGKH,1,91,113
ZNT3_HUMAN,Q99726,SLC30A3,Probable proton-coupled zinc antiporter SLC30A3 ,3,5,12,20,bin_5,Probable proton-coupled zinc antiporter SLC30A3,SLC30A3,1,152,0
DHRS4_HUMAN,Q58IU4,DHRS4,Dehydrogenase/reductase SDR family member 4 ,8,5,7,20,bin_5,Dehydrogenase/reductase SDR family member 4,DHRS4,1,43,67
RYINHSCAPN,O14686,KMT2D,Histone-lysine N-methyltransferase 2D,7,10,3,20,bin_5,Histone-lysine N-methyltransferase 2D,KMT2D,1,1131,63
DHX58_HUMAN,Q96C10,DHX58,ATP-dependent RNA helicase DHX58 ,7,12,1,20,bin_5,ATP-dependent RNA helicase DHX58,DHX58,1,149,4
LMO4_HUMAN,P61968,LMO4,LIM domain transcription factor LMO4,3,14,3,20,bin_5,LIM domain transcription factor LMO4,LMO4,1,214,121
AGRB3_HUMAN,O60242,ADGRB3,Adhesion G protein-coupled receptor B3 ,2,12,6,20,bin_5,Adhesion G protein-coupled receptor B3,ADGRB3,1,59,7
ZN830_HUMAN,Q96NB3,ZNF830,Zinc finger protein 830 ,2,13,5,20,bin_5,Zinc finger protein 830,ZNF830,1,4,23
SYCP1_HUMAN,Q15431,SYCP1,Synaptonemal complex protein 1 ,2,11,7,20,bin_5,Synaptonemal complex protein 1,SYCP1,1,195,626
DCNL3_HUMAN,Q8IWE4,DCUN1D3,DCN1-like protein 3,3,12,5,20,bin_5,DCN1-like protein 3,DCUN1D3,1,8,1
SUN2_HUMAN,Q9UH99,SUN2,SUN domain-containing protein 2,5,8,7,20,bin_5,SUN domain-containing protein 2,SUN2,1,227,1332
DCLK1_HUMAN,O15075,DCLK1,Serine/threonine-protein kinase DCLK1,4,14,2,20,bin_5,Serine/threonine-protein kinase DCLK1,DCLK1,1,477,311
LRAT_HUMAN,O95237,LRAT,Lecithin retinol acyltransferase ,6,9,5,20,bin_5,Lecithin retinol acyltransferase,LRAT,1,462,323
DCDC2_HUMAN,Q9UHG0,DCDC2,Doublecortin domain-containing protein 2,1,9,10,20,bin_5,Doublecortin domain-containing protein 2,DCDC2,1,163,41
LRRT1_HUMAN,Q86UE6,LRRTM1,Leucine-rich repeat transmembrane neuronal protein 1,0,11,9,20,bin_5,Leucine-rich repeat transmembrane neuronal protein 1,LRRTM1,1,55,85
STML2_HUMAN,Q9UJZ1,STOML2,"Stomatin-like protein 2, mitochondrial",3,10,7,20,bin_5,"Stomatin-like protein 2, mitochondrial",STOML2,1,110,44
STK38_HUMAN,Q15208,STK38,Serine/threonine-protein kinase 38 ,8,7,5,20,bin_5,Serine/threonine-protein kinase 38,STK38,1,97,8874
DNJC2_HUMAN,Q99543,DNAJC2,"DnaJ homolog subfamily C member 2, N-terminally processed",7,7,6,20,bin_5,"DnaJ homolog subfamily C member 2, N-terminally processed",DNAJC2,1,45,0
SCGEARVTFS,Q6B0I6,KDM4D,Lysine-specific demethylase 4D,6,8,6,20,bin_5,Lysine-specific demethylase 4D,KDM4D,1,102,9
3BHS1_HUMAN,P14060,HSD3B1,3 beta-hydroxysteroid dehydrogenase/Delta 5-->4-isomerase type 1,5,6,9,20,bin_5,3 beta-hydroxysteroid dehydrogenase/Delta 5-->4-isomerase type 1,HSD3B1,1,567,81
TNNT2_HUMAN,P45379,TNNT2,"Troponin T, cardiac muscle",5,9,6,20,bin_5,"Troponin T, cardiac muscle",TNNT2,1,670,3228
SF01_HUMAN,Q969H7,SF1,Splicing factor 1,5,9,6,20,bin_5,Splicing factor 1,SF1,1,2458,13382
SKOR2_HUMAN,Q2VWA4,SKOR2,SKI family transcriptional corepressor 2 ,6,11,3,20,bin_5,SKI family transcriptional corepressor 2,SKOR2,1,29,6
MEP50_HUMAN,Q9BQA1,WDR77,Methylosome protein WDR77 ,3,10,7,20,bin_5,Methylosome protein WDR77,WDR77,1,92,9
SIAT1_HUMAN,P15907,ST6GAL1,"Beta-galactoside alpha-2,6-sialyltransferase 1",3,11,6,20,bin_5,"Beta-galactoside alpha-2,6-sialyltransferase 1",ST6GAL1,1,399,409
KALRN_HUMAN,O60229,KALRN,Kalirin ,5,8,7,20,bin_5,Kalirin,KALRN,1,201,185
CD5R2_HUMAN,Q13319,CDK5R2,Cyclin-dependent kinase 5 activator 2,4,9,7,20,bin_5,Cyclin-dependent kinase 5 activator 2,CDK5R2,1,28,810
MFF_HUMAN,Q9GZY8,MFF,Mitochondrial fission factor,2,12,6,20,bin_5,Mitochondrial fission factor,MFF,1,1195,4204
MFHA1_HUMAN,Q9Y4C4,MFHAS1,Malignant fibrous histiocytoma-amplified sequence 1 ,3,16,1,20,bin_5,Malignant fibrous histiocytoma-amplified sequence 1,MFHAS1,1,41,2
MIB1_HUMAN,Q86YT6,MIB1,E3 ubiquitin-protein ligase MIB1,3,12,5,20,bin_5,E3 ubiquitin-protein ligase MIB1,MIB1,1,4534,353
CGAT1_HUMAN,Q8TDX6,CSGALNACT1,Chondroitin sulfate N-acetylgalactosaminyltransferase 1 ,6,12,2,20,bin_5,Chondroitin sulfate N-acetylgalactosaminyltransferase 1,CSGALNACT1,1,53,34
SF3B3_HUMAN,Q15393,SF3B3,Splicing factor 3B subunit 3,2,8,10,20,bin_5,Splicing factor 3B subunit 3,SF3B3,1,55,68
SETD5_HUMAN,Q9C0A6,SETD5,Histone-lysine N-methyltransferase SETD5 ,7,7,6,20,bin_5,Histone-lysine N-methyltransferase SETD5,SETD5,1,84,6
DAPLE_HUMAN,Q9P219,CCDC88C,Protein Daple,7,9,4,20,bin_5,Protein Daple,CCDC88C,1,58,45
EPHA5_HUMAN,P54756,EPHA5,Ephrin type-A receptor 5,4,9,7,20,bin_5,Ephrin type-A receptor 5,EPHA5,1,254,765
EPHA8_HUMAN,P29322,EPHA8,Ephrin type-A receptor 8,5,11,4,20,bin_5,Ephrin type-A receptor 8,EPHA8,1,94,506
TNF10_HUMAN,P50591,TNFSF10,Tumor necrosis factor ligand superfamily member 10,6,11,3,20,bin_5,Tumor necrosis factor ligand superfamily member 10,TNFSF10,1,3805,7780
K1C16_HUMAN,GFSSSSSFGS,KRT16,"Keratin, type I cytoskeletal 16",1,12,7,20,bin_5,"Keratin, type I cytoskeletal 16",KRT16,1,213,39
K1C10_HUMAN,P13645,KRT10,"Keratin, type I cytoskeletal 10",2,7,11,20,bin_5,"Keratin, type I cytoskeletal 10",KRT10,1,443,78
ZBT20_HUMAN,Q9HC78,ZBTB20,Zinc finger and BTB domain-containing protein 20,5,11,4,20,bin_5,Zinc finger and BTB domain-containing protein 20,ZBTB20,1,205,42
CDT1_HUMAN,Q9H211,CDT1,DNA replication factor Cdt1,3,13,4,20,bin_5,DNA replication factor Cdt1,CDT1,1,688,247
ERCC8_HUMAN,Q13216,ERCC8,DNA excision repair protein ERCC-8,1,13,6,20,bin_5,DNA excision repair protein ERCC-8,ERCC8,1,180,1
ZBT17_HUMAN,Q13105,ZBTB17,Zinc finger and BTB domain-containing protein 17,8,10,2,20,bin_5,Zinc finger and BTB domain-containing protein 17,ZBTB17,1,124,23
SEM3E_HUMAN,O15041,SEMA3E,Semaphorin-3E,3,14,3,20,bin_5,Semaphorin-3E,SEMA3E,1,286,101
SECR_HUMAN,P09683,SCT,Secretin ,4,14,2,20,bin_5,Secretin,SCT,1,12225,9093
JMY_HUMAN,Q8N9B5,JMY,Junction-mediating and -regulatory protein,4,8,8,20,bin_5,Junction-mediating and -regulatory protein,JMY,1,208,18
SKP2_HUMAN,Q13309,SKP2,S-phase kinase-associated protein 2,2,13,5,20,bin_5,S-phase kinase-associated protein 2,SKP2,1,1737,846
SLIB_HUMAN,P01286,GHRH,Somatoliberin,4,12,4,20,bin_5,Somatoliberin,GHRH,1,3771,8139
TIE1_HUMAN,P35590,TIE1,Tyrosine-protein kinase receptor Tie-1,2,16,2,20,bin_5,Tyrosine-protein kinase receptor Tie-1,TIE1,1,541,255
SOX30_HUMAN,O94993,SOX30,Transcription factor SOX-30,6,7,7,20,bin_5,Transcription factor SOX-30,SOX30,1,63,0
MAS_HUMAN,P04201,MAS1,Proto-oncogene Mas,4,14,2,20,bin_5,Proto-oncogene Mas,MAS1,1,8546,9734
AL3B1_HUMAN,P43353,ALDH3B1,Aldehyde dehydrogenase family 3 member B1,5,8,7,20,bin_5,Aldehyde dehydrogenase family 3 member B1,ALDH3B1,1,44,13
DYR_HUMAN,P00374,DHFR,Dihydrofolate reductase,7,11,2,20,bin_5,Dihydrofolate reductase,DHFR,1,4487,9262
AL5AP_HUMAN,P20292,ALOX5AP,Arachidonate 5-lipoxygenase-activating protein,9,6,5,20,bin_5,Arachidonate 5-lipoxygenase-activating protein,ALOX5AP,1,531,528
SOST_HUMAN,Q9BQB4,SOST,Sclerostin ,5,11,4,20,bin_5,Sclerostin,SOST,1,1945,2903
CAC1A_HUMAN,RLPNGYYPAH,CACNA1A,Voltage-dependent P/Q-type calcium channel subunit alpha-1A ,5,7,8,20,bin_5,Voltage-dependent P/Q-type calcium channel subunit alpha-1A,CACNA1A,1,1102,77
ALDOB_HUMAN,P05062,ALDOB,Fructose-bisphosphate aldolase B,7,9,4,20,bin_5,Fructose-bisphosphate aldolase B,ALDOB,1,186,723
EAF6_HUMAN,Q9HAF1,MEAF6,Chromatin modification-related protein MEAF6,0,12,8,20,bin_5,Chromatin modification-related protein MEAF6,MEAF6,1,31,0
CELR2_HUMAN,Q9HCU4,CELSR2,Cadherin EGF LAG seven-pass G-type receptor 2 ,2,15,3,20,bin_5,Cadherin EGF LAG seven-pass G-type receptor 2,CELSR2,1,157,17
SNX33_HUMAN,Q8WV41,SNX33,Sorting nexin-33,2,13,5,20,bin_5,Sorting nexin-33,SNX33,1,18,4
CELF4_HUMAN,Q9BZC1,CELF4,CUGBP Elav-like family member 4,4,11,5,20,bin_5,CUGBP Elav-like family member 4,CELF4,1,115,26
MCM3_HUMAN,P25205,MCM3,DNA replication licensing factor MCM3 ,5,6,9,20,bin_5,DNA replication licensing factor MCM3,MCM3,1,429,194
SND1_HUMAN,Q7KZF4,SND1,Staphylococcal nuclease domain-containing protein 1,8,5,7,20,bin_5,Staphylococcal nuclease domain-containing protein 1,SND1,1,348,83
ZDHC5_HUMAN,Q9C0B5,ZDHHC5,Palmitoyltransferase ZDHHC5,2,9,9,20,bin_5,Palmitoyltransferase ZDHHC5,ZDHHC5,1,79,14
KCNC3_HUMAN,Q14003,KCNC3,Voltage-gated potassium channel KCNC3 ,2,6,12,20,bin_5,Voltage-gated potassium channel KCNC3,KCNC3,1,104,76
SMCA1_HUMAN,P28370,SMARCA1,Probable global transcription activator SNF2L1,8,6,6,20,bin_5,Probable global transcription activator SNF2L1,SMARCA1,1,140,0
KIKYWHKEIS,Q9NTJ3,SMC4,Structural maintenance of chromosomes protein 4,4,9,7,20,bin_5,Structural maintenance of chromosomes protein 4,SMC4,1,192,728
EFNB1_HUMAN,P98172,EFNB1,Ephrin-B1 intracellular domain ,1,10,9,20,bin_5,Ephrin-B1 intracellular domain,EFNB1,1,575,41
SMAD9_HUMAN,O15198,SMAD9,Mothers against decapentaplegic homolog 9,5,8,7,20,bin_5,Mothers against decapentaplegic homolog 9,SMAD9,1,245,2296
KCC4_HUMAN,Q16566,CAMK4,Calcium/calmodulin-dependent protein kinase type IV,5,10,5,20,bin_5,Calcium/calmodulin-dependent protein kinase type IV,CAMK4,1,467,554
SLU7_HUMAN,O95391,SLU7,Pre-mRNA-splicing factor SLU7,3,7,10,20,bin_5,Pre-mRNA-splicing factor SLU7,SLU7,1,63,28
TM1L1_HUMAN,O75674,TOM1L1,TOM1-like protein 1,6,6,8,20,bin_5,TOM1-like protein 1,TOM1L1,1,44,5
NBR1_HUMAN,Q14596,NBR1,Next to BRCA1 gene 1 protein,3,4,13,20,bin_5,NBR1,NBR1,1,430,359
KRIT1_HUMAN,O00522,KRIT1,Krev interaction trapped protein 1,3,11,6,20,bin_5,Krev interaction trapped protein 1,KRIT1,1,486,402
PEX2_HUMAN,P28328,PEX2,Peroxisome biogenesis factor 2 ,3,13,4,20,bin_5,Peroxisome biogenesis factor 2,PEX2,1,137,91
VPS16_HUMAN,Q9H269,VPS16,Vacuolar protein sorting-associated protein 16 homolog,1,7,12,20,bin_5,Vacuolar protein sorting-associated protein 16 homolog,VPS16,1,91,1
CRIPT_HUMAN,Q9P021,CRIPT,Cysteine-rich PDZ-binding protein,4,7,9,20,bin_5,Cysteine-rich PDZ-binding protein,CRIPT,1,80,20
GPX4_HUMAN,P36969,GPX4,Phospholipid hydroperoxide glutathione peroxidase GPX4 ,4,11,5,20,bin_5,Phospholipid hydroperoxide glutathione peroxidase GPX4,GPX4,1,5390,1593
PTBP1_HUMAN,P26599,PTBP1,Polypyrimidine tract-binding protein 1,4,11,5,20,bin_5,Polypyrimidine tract-binding protein 1,PTBP1,1,608,718
ARP8_HUMAN,Q9H981,ACTR8,Actin-related protein 8,1,15,4,20,bin_5,Actin-related protein 8,ACTR8,1,14,278
GBRA1_HUMAN,P14867,GABRA1,Gamma-aminobutyric acid receptor subunit alpha-1,3,5,12,20,bin_5,Gamma-aminobutyric acid receptor subunit alpha-1,GABRA1,1,576,988
GBRA6_HUMAN,Q16445,GABRA6,Gamma-aminobutyric acid receptor subunit alpha-6 ,4,6,10,20,bin_5,Gamma-aminobutyric acid receptor subunit alpha-6,GABRA6,1,141,189
PGRC1_HUMAN,O00264,PGRMC1,Membrane-associated progesterone receptor component 1,5,3,12,20,bin_5,Membrane-associated progesterone receptor component 1,PGRMC1,1,462,39
NNTM_HUMAN,Q13423,NNT,"NAD(P) transhydrogenase, mitochondrial",4,12,4,20,bin_5,"NAD(P) transhydrogenase, mitochondrial",NNT,1,3996,321
CCL26_HUMAN,Q9Y258,CCL26,C-C motif chemokine 26,5,14,1,20,bin_5,C-C motif chemokine 26,CCL26,1,550,0
GPD1L_HUMAN,Q8N335,GPD1L,Glycerol-3-phosphate dehydrogenase 1-like protein,5,12,3,20,bin_5,Glycerol-3-phosphate dehydrogenase 1-like protein,GPD1L,1,77,24
UBX2A_HUMAN,P68543,UBXN2A,UBX domain-containing protein 2A ,2,10,8,20,bin_5,UBX domain-containing protein 2A,UBXN2A,1,16,0
NOC2L_HUMAN,Q9Y3T9,NOC2L,Nucleolar complex protein 2 homolog,6,7,7,20,bin_5,Nucleolar complex protein 2 homolog,NOC2L,1,25,47
CREM_HUMAN,Q8IVD4,CREM,cAMP-responsive element modulator ,7,9,4,20,bin_5,cAMP-responsive element modulator,CREM,1,1121,914
OTU7B_HUMAN,Q6GQQ9,OTUD7B,OTU domain-containing protein 7B,6,11,3,20,bin_5,OTU domain-containing protein 7B,OTUD7B,1,82,10
PIDD1_HUMAN,Q9HB75,PIDD1,PIDD-CC ,2,11,7,20,bin_5,PIDD-CC,PIDD1,1,120,7
OTC_HUMAN,P00480,OTC,"Ornithine transcarbamylase, mitochondrial ",5,12,3,20,bin_5,"Ornithine transcarbamylase, mitochondrial",OTC,1,6948,503
NPHP1_HUMAN,O15259,NPHP1,Nephrocystin-1,1,9,10,20,bin_5,Nephrocystin-1,NPHP1,1,280,37
UB2D1_HUMAN,P51668,UBE2D1,Ubiquitin-conjugating enzyme E2 D1,5,9,6,20,bin_5,Ubiquitin-conjugating enzyme E2 D1,UBE2D1,1,141,45
GDF3_HUMAN,Q9NR23,GDF3,Growth/differentiation factor 3,3,15,2,20,bin_5,Growth/differentiation factor 3,GDF3,1,281,82
BAG2_HUMAN,O95816,BAG2,BAG family molecular chaperone regulator 2,7,8,5,20,bin_5,BAG family molecular chaperone regulator 2,BAG2,1,273,79
OSBL8_HUMAN,Q9BZF1,OSBPL8,Oxysterol-binding protein-related protein 8,5,9,6,20,bin_5,Oxysterol-binding protein-related protein 8,OSBPL8,1,19,27
ACER2_HUMAN,Q5QJU3,ACER2,Alkaline ceramidase 2 ,4,14,2,20,bin_5,Alkaline ceramidase 2,ACER2,1,62,99
VP13B_HUMAN,Q9NWV1,VPS13B,Intermembrane lipid transfer protein VPS13B ,1,11,8,20,bin_5,Intermembrane lipid transfer protein VPS13B,VPS13B,1,148,1
ATG12_HUMAN,O94817,ATG12,Ubiquitin-like protein ATG12 ,0,10,10,20,bin_5,Ubiquitin-like protein ATG12,ATG12,1,1231,375
GRHL1_HUMAN,Q9NZI5,GRHL1,Grainyhead-like protein 1 homolog ,10,6,4,20,bin_5,Grainyhead-like protein 1 homolog,GRHL1,1,70,7
RAB1B_HUMAN,Q9H0U4,RAB1B,Ras-related protein Rab-1B,3,7,10,20,bin_5,Ras-related protein Rab-1B,RAB1B,1,153,6
ARL8A_HUMAN,Q96BM9,ARL8A,ADP-ribosylation factor-like protein 8A,4,4,12,20,bin_5,ADP-ribosylation factor-like protein 8A,ARL8A,1,8,0
UCP3_HUMAN,P55916,UCP3,Putative mitochondrial transporter UCP3 ,2,16,2,20,bin_5,Putative mitochondrial transporter UCP3,UCP3,1,1475,45
ATX1_HUMAN,P54253,ATXN1,Ataxin-1,4,9,7,20,bin_5,Ataxin-1,ATXN1,1,722,707
RAB12_HUMAN,Q6IQ22,RAB12,Ras-related protein Rab-12,3,7,10,20,bin_5,Ras-related protein Rab-12,RAB12,1,63,0
NINJ1_HUMAN,Q92982,NINJ1,Secreted ninjurin-1 ,3,14,3,20,bin_5,Secreted ninjurin-1,NINJ1,1,151,39
NISCH_HUMAN,Q9Y2I1,NISCH,Nischarin,5,5,10,20,bin_5,Nischarin,NISCH,1,167,83
CRP_HUMAN,P02741,CRP,C-reactive protein(1-205),6,12,2,20,bin_5,C-reactive protein,CRP,1,72780,15
NKX32_HUMAN,P78367,NKX3-2,Homeobox protein Nkx-3.2,4,14,2,20,bin_5,Homeobox protein Nkx-3.2,NKX3-2,1,130,3
PGWPGAPGVP,P02462,COL4A1,Arresten,3,12,5,20,bin_5,Arresten,COL4A1,1,885,40
TWSG1_HUMAN,Q9GZX9,TWSG1,Twisted gastrulation protein homolog 1,2,17,1,20,bin_5,Twisted gastrulation protein homolog 1,TWSG1,1,61,12
P3H1_HUMAN,Q32P28,P3H1,Prolyl 3-hydroxylase 1 ,3,10,7,20,bin_5,Prolyl 3-hydroxylase 1,P3H1,1,120,97
CP2S1_HUMAN,Q96SQ9,CYP2S1,Cytochrome P450 2S1 ,10,6,4,20,bin_5,Cytochrome P450 2S1,CYP2S1,1,95,54
P2RY6_HUMAN,Q15077,P2RY6,P2Y purinoceptor 6,4,13,3,20,bin_5,P2Y purinoceptor 6,P2RY6,1,41,2038
CP2W1_HUMAN,Q8TAV3,CYP2W1,Cytochrome P450 2W1 ,8,6,6,20,bin_5,Cytochrome P450 2W1,CYP2W1,1,72,68
GRAP1_HUMAN,Q9ULQ3,GRIPAP1,GRASP-1 C-terminal chain ,3,5,12,20,bin_5,GRASP-1 C-terminal chain,GRIPAP1,1,14,0
HXB3_HUMAN,P14651,HOXB3,Homeobox protein Hox-B3,3,14,3,20,bin_5,Homeobox protein Hox-B3,HOXB3,1,176,13
CP3A7_HUMAN,P24462,CYP3A7,Cytochrome P450 3A7 ,11,8,1,20,bin_5,Cytochrome P450 3A7,CYP3A7,1,399,110
CCNE1_HUMAN,P24864,CCNE1,G1/S-specific cyclin-E1,3,11,6,20,bin_5,G1/S-specific cyclin-E1,CCNE1,1,1156,5
PRS7_HUMAN,P35998,PSMC2,26S proteasome regulatory subunit 7,3,4,13,20,bin_5,26S proteasome regulatory subunit 7,PSMC2,1,77,84
HSP76_HUMAN,P17066,HSPA6,Heat shock 70 kDa protein 6,7,4,9,20,bin_5,Heat shock 70 kDa protein 6,HSPA6,1,203,6732
DILKIHAGPI,P62333,PSMC6,26S proteasome regulatory subunit 10B,5,5,10,20,bin_5,26S proteasome regulatory subunit 10B,PSMC6,1,41,0
PLS3_HUMAN,Q9NRY6,PLSCR3,Phospholipid scramblase 3,7,8,5,20,bin_5,Phospholipid scramblase 3,PLSCR3,1,35,1235
UBE2A_HUMAN,P49459,UBE2A,Ubiquitin-conjugating enzyme E2 A ,5,11,4,20,bin_5,Ubiquitin-conjugating enzyme E2 A,UBE2A,1,126,4901
TAPACPGKVH,Q00G26,PLIN5,Perilipin-5,2,13,5,20,bin_5,Perilipin-5,PLIN5,1,238,170
PLK4_HUMAN,O00444,PLK4,Serine/threonine-protein kinase PLK4 ,4,6,10,20,bin_5,Serine/threonine-protein kinase PLK4,PLK4,1,529,357
PPM1D_HUMAN,O15297,PPM1D,Protein phosphatase 1D,5,11,4,20,bin_5,protein phosphatase 1D,PPM1D,1,532,301
OLIG2_HUMAN,Q13516,OLIG2,Oligodendrocyte transcription factor 2,6,11,3,20,bin_5,Oligodendrocyte transcription factor 2,OLIG2,1,1853,770
ABCD4_HUMAN,O14678,ABCD4,Lysosomal cobalamin transporter ABCD4 ,6,8,6,20,bin_5,Lysosomal cobalamin transporter ABCD4,ABCD4,1,71,16
OFD1_HUMAN,O75665,OFD1,Centriole and centriolar satellite protein OFD1 ,4,5,11,20,bin_5,Centriole and centriolar satellite protein OFD1,OFD1,1,232,17
NUBP1_HUMAN,P53384,NUBP1,Cytosolic Fe-S cluster assembly factor NUBP1 ,7,7,6,20,bin_5,Cytosolic Fe-S cluster assembly factor NUBP1,NUBP1,1,38,3
GLE1_HUMAN,Q53GS7,GLE1,mRNA export factor GLE1 ,4,4,12,20,bin_5,mRNA export factor GLE1,GLE1,1,111,37
PLPP_HUMAN,Q96GD0,PDXP,Chronophin ,6,8,6,20,bin_5,Chronophin,PDXP,1,38,34
NUCG_HUMAN,Q14249,ENDOG,"Endonuclease G, mitochondrial",6,11,3,20,bin_5,"Endonuclease G, mitochondrial",ENDOG,1,325,398
HINT1_HUMAN,P49773,HINT1,Adenosine 5'-monophosphoramidase HINT1 ,5,7,8,20,bin_5,Adenosine 5'-monophosphoramidase HINT1,HINT1,1,273,0
PLXB2_HUMAN,O15031,PLXNB2,Plexin-B2,1,15,4,20,bin_5,Plexin-B2,PLXNB2,1,106,97
HMR1_HUMAN,Q9TQB3,MR1,Major histocompatibility complex class I-related gene protein,3,8,9,20,bin_5,Major histocompatibility complex class I-related gene protein,MR1,1,2170,637
NUDT5_HUMAN,Q9UKK9,NUDT5,ADP-sugar pyrophosphatase,9,8,3,20,bin_5,ADP-sugar pyrophosphatase,NUDT5,1,71,10
GLMN_HUMAN,Q92990,GLMN,Glomulin,4,11,5,20,bin_5,Glomulin,GLMN,1,64,44
PON1_HUMAN,P27169,PON1,Serum paraoxonase/arylesterase 1 ,6,7,7,20,bin_5,Serum paraoxonase/arylesterase 1,PON1,1,3720,99
COL11_HUMAN,B4E1G0,COLEC11,Collectin-11,7,8,5,20,bin_5,Collectin-11,COLEC11,1,80,72
PLXB3_HUMAN,Q9ULL4,PLXNB3,Plexin-B3,4,13,3,20,bin_5,Plexin-B3,PLXNB3,1,38,33
GLR_HUMAN,P47871,GCGR,Glucagon receptor,3,14,3,20,bin_5,Glucagon receptor,GCGR,1,460,18098
PO4F3_HUMAN,Q15319,POU4F3,"POU domain, class 4, transcription factor 3",5,11,4,20,bin_5,"POU domain, class 4, transcription factor 3",POU4F3,1,195,138
NT5C_HUMAN,Q8TCD5,NT5C,"5'(3')-deoxyribonucleotidase, cytosolic type",6,10,4,20,bin_5,"5'(3')-deoxyribonucleotidase, cytosolic type",NT5C,1,19,2
AT2B3_HUMAN,Q16720,ATP2B3,Plasma membrane calcium-transporting ATPase 3,8,4,8,20,bin_5,Plasma membrane calcium-transporting ATPase 3,ATP2B3,1,125,2822
B2CL2_HUMAN,Q92843,BCL2L2,Bcl-2-like protein 2,4,14,2,20,bin_5,Bcl-2-like protein 2,BCL2L2,1,306,2374
UBQL4_HUMAN,Q9NRR5,UBQLN4,Ubiquilin-4 ,3,7,10,20,bin_5,Ubiquilin-4,UBQLN4,1,49,20
PRP6_HUMAN,O94906,PRPF6,Pre-mRNA-processing factor 6,4,7,9,20,bin_5,Pre-mRNA-processing factor 6,PRPF6,1,49,85
CBY1_HUMAN,Q9Y3M2,CBY1,Protein chibby homolog 1,3,10,7,20,bin_5,protein chibby homolog 1,CBY1,1,57,3
PROP1_HUMAN,O75360,PROP1,Homeobox protein prophet of Pit-1,7,10,3,20,bin_5,Homeobox protein prophet of Pit-1,PROP1,1,426,235
CC14A_HUMAN,Q9UNH5,CDC14A,Dual specificity protein phosphatase CDC14A,3,6,11,20,bin_5,Dual specificity protein phosphatase CDC14A,CDC14A,1,105,36
CPLN2_HUMAN,Q9BU20,CPLANE2,Ciliogenesis and planar polarity effector 2 ,2,13,5,20,bin_5,Ciliogenesis and planar polarity effector 2,CPLANE2,1,3,12
CPLX1_HUMAN,O14810,CPLX1,Complexin-1,3,8,9,20,bin_5,Complexin-1,CPLX1,1,68,67
NR2E3_HUMAN,Q9Y5X4,NR2E3,Photoreceptor-specific nuclear receptor,6,11,3,20,bin_5,Photoreceptor-specific nuclear receptor,NR2E3,1,294,51
HS71L_HUMAN,P34931,HSPA1L,Heat shock 70 kDa protein 1-like,7,5,8,20,bin_5,Heat shock 70 kDa protein 1-like,HSPA1L,1,141,28
CCG4_HUMAN,Q9UBN1,CACNG4,Voltage-dependent calcium channel gamma-4 subunit,4,7,9,20,bin_5,Voltage-dependent calcium channel gamma-4 subunit,CACNG4,1,40,29
ABCA5_HUMAN,Q8WWZ7,ABCA5,Cholesterol transporter ABCA5 ,5,9,6,20,bin_5,Cholesterol transporter ABCA5,ABCA5,1,61,13
B2L10_HUMAN,Q9HD36,BCL2L10,Bcl-2-like protein 10 ,3,9,8,20,bin_5,Bcl-2-like protein 10,BCL2L10,1,76,290
GOPC_HUMAN,Q9HD26,GOPC,Golgi-associated PDZ and coiled-coil motif-containing protein ,3,6,11,20,bin_5,Golgi-associated PDZ and coiled-coil motif-containing protein,GOPC,1,237,20
PRKX_HUMAN,P51817,PRKX,cAMP-dependent protein kinase catalytic subunit PRKX,3,14,3,20,bin_5,cAMP-dependent protein kinase catalytic subunit PRKX,PRKX,1,74,14
UB2V1_HUMAN,Q9H4J3,UBE2V1,Ubiquitin-conjugating enzyme E2 variant 1,0,11,9,20,bin_5,Ubiquitin-conjugating enzyme E2 variant 1,UBE2V1,1,92,107
NRG3_HUMAN,P56975,NRG3,Neuregulin-3,5,11,4,20,bin_5,Neuregulin-3,NRG3,1,165,58
OPN4_HUMAN,Q9UHM6,OPN4,Melanopsin,2,11,7,20,bin_5,Melanopsin,OPN4,1,201,1348
PRDX4_HUMAN,Q13162,PRDX4,Peroxiredoxin-4,4,9,7,20,bin_5,Peroxiredoxin-4,PRDX4,1,249,4522
PLCB3_HUMAN,Q01970,PLCB3,"1-phosphatidylinositol 4,5-bisphosphate phosphodiesterase beta-3 ",7,7,6,20,bin_5,"1-phosphatidylinositol 4,5-bisphosphate phosphodiesterase beta-3",PLCB3,1,158,93
VATB2_HUMAN,P21281,ATP6V1B2,"V-type proton ATPase subunit B, brain isoform",3,5,12,20,bin_5,"V-type proton ATPase subunit B, brain isoform",ATP6V1B2,1,76,4
CRX_HUMAN,O43186,CRX,Cone-rod homeobox protein,10,7,3,20,bin_5,Cone-rod homeobox protein,CRX,1,810,296
PO2F3_HUMAN,Q9UKI9,POU2F3,"POU domain, class 2, transcription factor 3",6,6,8,20,bin_5,"POU domain, class 2, transcription factor 3",POU2F3,1,210,28
HYYGWNVRYD,P29374,ARID4A,AT-rich interactive domain-containing protein 4A,2,13,5,20,bin_5,AT-rich interactive domain-containing protein 4A,ARID4A,1,372,1
CD11B_HUMAN,Q9UP58,CDK11B,Cyclin-dependent kinase 11B,6,11,3,20,bin_5,Cyclin-dependent kinase 11B,CDK11B,1,25,12
RFPL1_HUMAN,O75677,RFPL1,Ret finger protein-like 1,4,13,3,20,bin_5,Ret finger protein-like 1,RFPL1,1,7,10
I27RA_HUMAN,Q6UWB1,IL27RA,Interleukin-27 receptor subunit alpha,3,14,3,20,bin_5,Interleukin-27 receptor subunit alpha,IL27RA,1,229,28
ATP4A_HUMAN,P20648,ATP4A,Potassium-transporting ATPase alpha chain 1,6,10,4,20,bin_5,Potassium-transporting ATPase alpha chain 1,ATP4A,1,100,7
NFIL3_HUMAN,Q16649,NFIL3,Nuclear factor interleukin-3-regulated protein,6,11,3,20,bin_5,Nuclear factor interleukin-3-regulated protein,NFIL3,1,380,31
NFE2_HUMAN,Q16621,NFE2,Transcription factor NF-E2 45 kDa subunit,8,5,7,20,bin_5,Transcription factor NF-E2 45 kDa subunit,NFE2,1,1008,7
PCID2_HUMAN,Q9NW44,PCID2,PCI domain-containing protein 2,2,14,4,20,bin_5,PCI domain-containing protein 2,PCID2,1,27,21
VPS72_HUMAN,Q15906,VPS72,Vacuolar protein sorting-associated protein 72 homolog,4,10,6,20,bin_5,Vacuolar protein sorting-associated protein 72 homolog,VPS72,1,20,2
ARGI1_HUMAN,P05089,ARG1,Arginase-1,2,11,7,20,bin_5,Arginase-1,ARG1,1,3813,2397
AAK1_HUMAN,Q2M2I8,AAK1,AP2-associated protein kinase 1,5,7,8,20,bin_5,AP2-associated protein kinase 1,AAK1,1,151,19
RFIP5_HUMAN,Q9BXF6,RAB11FIP5,Rab11 family-interacting protein 5 ,2,5,13,20,bin_5,Rab11 family-interacting protein 5,RAB11FIP5,1,34,18
FUMH_HUMAN,P07954,FH,"Fumarate hydratase, mitochondrial ",2,10,8,20,bin_5,"Fumarate hydratase, mitochondrial",FH,1,19178,361
PADI2_HUMAN,Q9Y2J8,PADI2,Protein-arginine deiminase type-2,6,7,7,20,bin_5,protein,PADI2,1,216,172
RFC1_HUMAN,P35251,RFC1,Replication factor C subunit 1,10,5,5,20,bin_5,Replication factor C subunit 1,RFC1,1,659,668
PCLO_HUMAN,Q9Y6V0,PCLO,Protein piccolo,4,8,8,20,bin_5,protein,PCLO,1,200,853
FOXA3_HUMAN,P55318,FOXA3,Hepatocyte nuclear factor 3-gamma,6,10,4,20,bin_5,Hepatocyte nuclear factor 3-gamma,FOXA3,1,270,187
PDE4A_HUMAN,Q9H3H2,PDE4A,"3',5'-cyclic-AMP phosphodiesterase 4A ",4,8,8,20,bin_5,"3',5'-cyclic-AMP phosphodiesterase 4A",PDE4A,1,359,105
WASF3_HUMAN,Q9UPY6,WASF3,Actin-binding protein WASF3 ,3,10,7,20,bin_5,Actin-binding protein WASF3,WASF3,1,93,67
NEUR3_HUMAN,Q9UQ49,NEU3,Sialidase-3,5,6,9,20,bin_5,Sialidase-3,NEU3,1,239,10
PADI4_HUMAN,Q9UM07,PADI4,Protein-arginine deiminase type-4,8,8,4,20,bin_5,protein,PADI4,1,625,680
RB6I2_HUMAN,Q8NAS1,ERC1,ELKS/Rab6-interacting/CAST family member 1,4,8,8,20,bin_5,ELKS/Rab6-interacting/CAST family member 1,ERC1,1,123,4
NEK7_HUMAN,Q8TDX7,NEK7,Serine/threonine-protein kinase Nek7 ,5,8,7,20,bin_5,Serine/threonine-protein kinase Nek7,NEK7,1,287,159
GUC2D_HUMAN,Q02846,GUCY2D,Retinal guanylyl cyclase 1,9,5,6,20,bin_5,Retinal guanylyl cyclase 1,GUCY2D,1,213,575
IEX1_HUMAN,P46695,IER3,Radiation-inducible immediate-early gene IEX-1,0,16,4,20,bin_5,Radiation-inducible immediate-early gene IEX-1,IER3,1,267,2
I12R1_HUMAN,P42701,IL12RB1,Interleukin-12 receptor subunit beta-1,2,13,5,20,bin_5,Interleukin-12 receptor subunit beta-1,IL12RB1,1,365,87
USH1G_HUMAN,Q495M9,USH1G,pre-mRNA splicing regulator USH1G ,2,7,11,20,bin_5,pre-mRNA splicing regulator USH1G,USH1G,1,84,3
IF2B2_HUMAN,Q9Y6M1,IGF2BP2,Insulin-like growth factor 2 mRNA-binding protein 2,6,8,6,20,bin_5,Insulin-like growth factor 2 mRNA-binding protein 2,IGF2BP2,1,823,618
RAB31_HUMAN,Q13636,RAB31,Ras-related protein Rab-31,3,7,10,20,bin_5,Ras-related protein Rab-31,RAB31,1,121,6
HYOU1_HUMAN,Q9Y4L1,HYOU1,Hypoxia up-regulated protein 1,5,6,9,20,bin_5,Hypoxia up-regulated protein 1,HYOU1,1,106,2135
PBIP1_HUMAN,Q96AQ6,PBXIP1,Pre-B-cell leukemia transcription factor-interacting protein 1,3,10,7,20,bin_5,Pre-B-cell leukemia transcription factor-interacting protein 1,PBXIP1,1,42,10
RGS9_HUMAN,O75916,RGS9,Regulator of G-protein signaling 9,2,12,6,20,bin_5,Regulator of G-protein signaling 9,RGS9,1,242,133
TTYH1_HUMAN,Q8WUU2,TTYH1,Protein tweety homolog 1,5,8,7,20,bin_5,protein,TTYH1,1,45,15
PA24E_HUMAN,Q3MJ16,PLA2G4E,Cytosolic phospholipase A2 epsilon ,12,4,4,20,bin_5,Cytosolic phospholipase A2 epsilon,PLA2G4E,1,34,995
RAB3B_HUMAN,P20337,RAB3B,Ras-related protein Rab-3B,4,6,10,20,bin_5,Ras-related protein Rab-3B,RAB3B,1,122,3
ULK2_HUMAN,Q8IYT8,ULK2,Serine/threonine-protein kinase ULK2,3,11,6,20,bin_5,Serine/threonine-protein kinase ULK2,ULK2,1,189,119
VPS28_HUMAN,Q9UK41,VPS28,Vacuolar protein sorting-associated protein 28 homolog,2,9,9,20,bin_5,Vacuolar protein sorting-associated protein 28 homolog,VPS28,1,96,0
PELO_HUMAN,Q9BRX2,PELO,Protein pelota homolog ,3,14,3,20,bin_5,protein pelota homolog,PELO,1,2234,26
TRRAP_HUMAN,Q9Y4A5,TRRAP,Transformation/transcription domain-associated protein,1,11,8,20,bin_5,Transformation/transcription domain-associated protein,TRRAP,1,233,115
CNOT9_HUMAN,Q92600,CNOT9,CCR4-NOT transcription complex subunit 9 ,5,8,7,20,bin_5,CCR4-NOT transcription complex subunit 9,CNOT9,1,21,19
DLDSLPEKLA,O75143,ATG13,Autophagy-related protein 13,3,9,8,20,bin_5,Autophagy-related protein 13,ATG13,1,468,1733
FOXN1_HUMAN,O15353,FOXN1,Forkhead box protein N1,3,15,2,20,bin_5,Forkhead box protein N1,FOXN1,1,555,95
CNOT2_HUMAN,Q9NZN8,CNOT2,CCR4-NOT transcription complex subunit 2,2,9,9,20,bin_5,CCR4-NOT transcription complex subunit 2,CNOT2,1,61,60
PAK6_HUMAN,Q9NQU5,PAK6,Serine/threonine-protein kinase PAK 6,4,10,6,20,bin_5,Serine/threonine-protein kinase PAK 6,PAK6,1,136,253
NFS1_HUMAN,Q9Y697,NFS1,Cysteine desulfurase ,5,6,9,20,bin_5,cysteine desulfurase,NFS1,1,193,456
BGAL_HUMAN,P16278,GLB1,Beta-galactosidase,3,7,10,20,bin_5,Beta-galactosidase,GLB1,1,358,37354
GPM6A_HUMAN,P51674,GPM6A,Neuronal membrane glycoprotein M6-a,1,9,11,21,bin_5,Neuronal membrane glycoprotein M6-a,GPM6A,1,128,1
H10_HUMAN,P07305,H1-0,"Histone H1.0, N-terminally processed",7,5,9,21,bin_5,Histone H1.0,H1-0,1,331,0
ATF7_HUMAN,P17544,ATF7,Cyclic AMP-dependent transcription factor ATF-7,11,4,6,21,bin_5,Cyclic AMP-dependent transcription factor ATF-7,ATF7,1,82,0
PTPRM_HUMAN,P28827,PTPRM,Receptor-type tyrosine-protein phosphatase mu,5,10,6,21,bin_5,Receptor-type tyrosine-protein phosphatase mu,PTPRM,1,89,1
ATF1_HUMAN,P18846,ATF1,Cyclic AMP-dependent transcription factor ATF-1,7,8,6,21,bin_5,Cyclic AMP-dependent transcription factor ATF-1,ATF1,1,1111,33
GNPAT_HUMAN,O15228,GNPAT,Dihydroxyacetone phosphate acyltransferase ,2,13,6,21,bin_5,Dihydroxyacetone phosphate acyltransferase,GNPAT,1,79,251
PLPP6_HUMAN,Q8IY26,PLPP6,Polyisoprenoid diphosphate/phosphate phosphohydrolase PLPP6 ,7,9,5,21,bin_5,Polyisoprenoid diphosphate/phosphate phosphohydrolase PLPP6,PLPP6,1,2,0
ARPC2_HUMAN,O15144,ARPC2,Actin-related protein 2/3 complex subunit 2,2,6,13,21,bin_5,Actin-related protein 2/3 complex subunit 2,ARPC2,1,97,345
GBB3_HUMAN,P16520,GNB3,Guanine nucleotide-binding protein G(I)/G(S)/G(T) subunit beta-3,4,10,7,21,bin_5,Guanine nucleotide-binding protein G(I)/G(S)/G(T) subunit beta-3,GNB3,1,533,0
GP1BA_HUMAN,P07359,GP1BA,Glycocalicin,1,12,8,21,bin_5,Glycocalicin,GP1BA,1,148,300
ARNT2_HUMAN,Q9HBZ2,ARNT2,Aryl hydrocarbon receptor nuclear translocator 2,7,8,6,21,bin_5,Aryl hydrocarbon receptor nuclear translocator 2,ARNT2,1,181,1012
PEN2_HUMAN,Q9NZ42,PSENEN,Gamma-secretase subunit PEN-2,2,9,10,21,bin_5,Gamma-secretase subunit PEN-2,PSENEN,1,158,66
PRDM5_HUMAN,Q9NQX1,PRDM5,PR domain zinc finger protein 5,9,8,4,21,bin_5,PR domain zinc finger protein 5,PRDM5,1,90,96
GRB10_HUMAN,Q92907,GRB10,Growth factor receptor-bound protein 10,3,14,4,21,bin_5,Growth factor receptor-bound protein 10,GRB10,1,483,308
PLGF_HUMAN,P49763,PGF,Placenta growth factor,4,14,3,21,bin_5,Placenta growth factor,PGF,1,7853,8820
ULK3_HUMAN,Q6PHR2,ULK3,Serine/threonine-protein kinase ULK3,3,12,6,21,bin_5,Serine/threonine-protein kinase ULK3,ULK3,1,64,28
PAXI1_HUMAN,Q6ZW49,PAXIP1,PAX-interacting protein 1,0,15,6,21,bin_5,PAX-interacting protein 1,PAXIP1,1,110,7
PTN23_HUMAN,Q9H3S7,PTPN23,Tyrosine-protein phosphatase non-receptor type 23,2,10,9,21,bin_5,Tyrosine-protein phosphatase non-receptor type 23,PTPN23,1,64,645
CP3A5_HUMAN,P20815,CYP3A5,Cytochrome P450 3A5 ,9,10,2,21,bin_5,Cytochrome P450 3A5,CYP3A5,1,13256,12430
ARSB_HUMAN,P15848,ARSB,Arylsulfatase B,3,10,8,21,bin_5,Arylsulfatase B,ARSB,1,1026,614
UN13C_HUMAN,Q8NB66,UNC13C,Protein unc-13 homolog C,5,7,9,21,bin_5,protein,UNC13C,1,39,15
PHEX_HUMAN,P78562,PHEX,Phosphate-regulating neutral endopeptidase PHEX,2,15,4,21,bin_5,Phosphate-regulating neutral endopeptidase PHEX,PHEX,1,845,415
CCND3_HUMAN,P30281,CCND3,G1/S-specific cyclin-D3 ,4,9,8,21,bin_5,G1/S-specific cyclin-D3,CCND3,1,887,5
PLSI_HUMAN,Q14651,PLS1,Plastin-1,3,9,9,21,bin_5,Plastin-1,PLS1,1,364,17
PLXA3_HUMAN,P51805,PLXNA3,Plexin-A3,1,18,2,21,bin_5,Plexin-A3,PLXNA3,1,85,35
ACADV_HUMAN,P49748,ACADVL,"Very long-chain specific acyl-CoA dehydrogenase, mitochondrial ",6,8,7,21,bin_5,"Very long-chain specific acyl-CoA dehydrogenase, mitochondrial",ACADVL,1,450,214
GDIB_HUMAN,P50395,GDI2,Rab GDP dissociation inhibitor beta,4,6,11,21,bin_5,Rab GDP dissociation inhibitor beta,GDI2,1,80,65
GROA_HUMAN,P09341,CXCL1,GRO-alpha(6-73),5,12,4,21,bin_5,CXCL1,CXCL1,1,6692,1
PPA5_HUMAN,P13686,ACP5,Tartrate-resistant acid phosphatase type 5,3,15,3,21,bin_5,Tartrate-resistant acid phosphatase type 5,ACP5,1,979,7304
GLHA_HUMAN,P01215,CGA,Glycoprotein hormones alpha chain,2,14,5,21,bin_5,Glycoprotein hormones alpha chain,CGA,1,6778,1833
UBE2S_HUMAN,Q16763,UBE2S,Ubiquitin-conjugating enzyme E2 S,4,13,4,21,bin_5,Ubiquitin-conjugating enzyme E2 S,UBE2S,1,131,3821
PSA6_HUMAN,P60900,PSMA6,Proteasome subunit alpha type-6,4,4,13,21,bin_5,Proteasome subunit alpha type-6,PSMA6,1,100,29
CP250_HUMAN,Q9BV73,CEP250,Centrosome-associated protein CEP250,1,11,9,21,bin_5,Centrosome-associated protein CEP250,CEP250,1,58,6
GCYB1_HUMAN,Q02153,GUCY1B1,Guanylate cyclase soluble subunit beta-1 ,9,8,4,21,bin_5,Guanylate cyclase soluble subunit beta-1,GUCY1B1,1,24,111
PITX3_HUMAN,O75364,PITX3,Pituitary homeobox 3,3,16,2,21,bin_5,Pituitary homeobox 3,PITX3,1,536,304
PDK2_HUMAN,Q15119,PDK2,"[Pyruvate dehydrogenase (acetyl-transferring)] kinase isozyme 2, mitochondrial",4,12,5,21,bin_5,"Pyruvate dehydrogenase (acetyl-transferring) kinase isozyme 2, mitochondrial",PDK2,1,272,34
PDE9A_HUMAN,Q86WN8,PDE9A,"High affinity cGMP-specific 3',5'-cyclic phosphodiesterase 9A ",5,7,9,21,bin_5,"High affinity cGMP-specific 3',5'-cyclic phosphodiesterase 9A",PDE9A,1,150,3
PIWL1_HUMAN,Q96J94,PIWIL1,Piwi-like protein 1,7,9,5,21,bin_5,Piwi-like protein 1,PIWIL1,1,381,77
UBP14_HUMAN,P54578,USP14,Ubiquitin carboxyl-terminal hydrolase 14,6,7,8,21,bin_5,Ubiquitin carboxyl-terminal hydrolase 14,USP14,1,391,608
PDCL3_HUMAN,Q9H2J4,PDCL3,Phosducin-like protein 3,2,12,7,21,bin_5,Phosducin-like protein 3,PDCL3,1,30,32
ATN1_HUMAN,P54259,ATN1,Atrophin-1,3,12,6,21,bin_5,Atrophin-1,ATN1,1,107,237
GLRA2_HUMAN,P23416,GLRA2,Glycine receptor subunit alpha-2 ,7,6,8,21,bin_5,Glycine receptor subunit alpha-2,GLRA2,1,91,75
PLAP_HUMAN,Q9Y263,PLAA,Phospholipase A-2-activating protein,2,15,4,21,bin_5,Phospholipase A-2-activating protein,PLAA,1,351,8
GBRR1_HUMAN,P24046,GABRR1,Gamma-aminobutyric acid receptor subunit rho-1 ,7,4,10,21,bin_5,Gamma-aminobutyric acid receptor subunit rho-1,GABRR1,1,53,71
PDCD4_HUMAN,Q53EL6,PDCD4,Programmed cell death protein 4,1,19,1,21,bin_5,Programmed cell death protein 4,PDCD4,1,1197,49859
CPNE3_HUMAN,O75131,CPNE3,Copine-3 ,6,4,11,21,bin_5,Copine-3,CPNE3,1,25,8
GPC5B_HUMAN,Q9NZH0,GPRC5B,G-protein coupled receptor family C group 5 member B,4,7,10,21,bin_5,G-protein coupled receptor family C group 5 member B,GPRC5B,1,76,0
ATOH7_HUMAN,Q8N100,ATOH7,Transcription factor ATOH7 ,6,11,4,21,bin_5,Transcription factor ATOH7,ATOH7,1,225,174
PCSK6_HUMAN,Q9Y4G9,PCSK6,Proprotein convertase subtilisin/kexin type 6,4,9,8,21,bin_5,Proprotein convertase subtilisin/kexin type 6,PCSK6,1,236,1070
GBRG3_HUMAN,Q99928,GABRG3,Gamma-aminobutyric acid receptor subunit gamma-3 ,3,6,12,21,bin_5,Gamma-aminobutyric acid receptor subunit gamma-3,GABRG3,1,82,63
PPIE_HUMAN,Q9UIZ5,PPIE,Peptidyl-prolyl cis-trans isomerase E,5,5,11,21,bin_5,Peptidyl-prolyl cis-trans isomerase E,PPIE,1,198,1181
CR3L3_HUMAN,Q68CJ9,CREB3L3,Processed cyclic AMP-responsive element-binding protein 3-like protein 3,8,5,8,21,bin_5,Processed cyclic AMP-responsive element-binding protein 3-like protein 3,CREB3L3,1,134,6
GLIS2_HUMAN,Q9BZE0,GLIS2,Zinc finger protein GLIS2,6,10,5,21,bin_5,Zinc finger protein GLIS2,GLIS2,1,130,31
PTPRN_HUMAN,Q16849,PTPRN,ICA512-cleaved cytosolic fragment,3,8,10,21,bin_5,ICA512-cleaved cytosolic fragment,PTPRN,1,391,6931
SMG1_HUMAN,Q96Q15,SMG1,Serine/threonine-protein kinase SMG1,8,8,5,21,bin_5,Serine/threonine-protein kinase SMG1,SMG1,1,227,107
SIA4A_HUMAN,Q11201,ST3GAL1,"CMP-N-acetylneuraminate-beta-galactosamide-alpha-2,3-sialyltransferase 1",3,12,6,21,bin_5,"CMP-N-acetylneuraminate-beta-galactosamide-alpha-2,3-sialyltransferase 1",ST3GAL1,1,208,0
SIA4B_HUMAN,Q16842,ST3GAL2,"CMP-N-acetylneuraminate-beta-galactosamide-alpha-2,3-sialyltransferase 2",4,13,4,21,bin_5,"CMP-N-acetylneuraminate-beta-galactosamide-alpha-2,3-sialyltransferase 2",ST3GAL2,1,42,1
SIA4C_HUMAN,Q11206,ST3GAL4,"CMP-N-acetylneuraminate-beta-galactosamide-alpha-2,3-sialyltransferase 4",4,13,4,21,bin_5,"CMP-N-acetylneuraminate-beta-galactosamide-alpha-2,3-sialyltransferase 4",ST3GAL4,1,110,0
SIR3_HUMAN,Q9NTG7,SIRT3,"NAD-dependent protein deacetylase sirtuin-3, mitochondrial",7,9,5,21,bin_5,"NAD-dependent protein deacetylase sirtuin-3, mitochondrial",SIRT3,1,3209,229
SL9B2_HUMAN,Q86UD5,SLC9B2,Sodium/hydrogen exchanger 9B2,3,9,9,21,bin_5,Sodium/hydrogen exchanger 9B2,SLC9B2,1,22,0
SLX4_HUMAN,Q8IY92,SLX4,Structure-specific endonuclease subunit SLX4,3,12,6,21,bin_5,Structure-specific endonuclease subunit SLX4,SLX4,1,307,14
ADA2C_HUMAN,P18825,ADRA2C,Alpha-2C adrenergic receptor,5,13,3,21,bin_5,Alpha-2C adrenergic receptor,ADRA2C,1,244,11148
E41L3_HUMAN,Q9Y2J2,EPB41L3,"Band 4.1-like protein 3, N-terminally processed",3,11,7,21,bin_5,EPB41L3,EPB41L3,1,171,0
SNAA_HUMAN,P54920,NAPA,Alpha-soluble NSF attachment protein,4,10,7,21,bin_5,Alpha-soluble NSF attachment protein,NAPA,1,1724,57
SNAT_HUMAN,Q16613,AANAT,Serotonin N-acetyltransferase,3,15,3,21,bin_5,Serotonin N-acetyltransferase,AANAT,1,635,1107
EEA1_HUMAN,Q15075,EEA1,Early endosome antigen 1,5,6,10,21,bin_5,Early endosome antigen 1,EEA1,1,786,480
CELR1_HUMAN,GYVCECGPSH,CELSR1,Cadherin EGF LAG seven-pass G-type receptor 1,2,16,3,21,bin_5,Cadherin EGF LAG seven-pass G-type receptor 1,CELSR1,1,203,23
SHRPN_HUMAN,Q9H0F6,SHARPIN,Sharpin ,7,10,4,21,bin_5,SHARPIN,SHARPIN,1,277,277
CYFP2_HUMAN,Q96F07,CYFIP2,Cytoplasmic FMR1-interacting protein 2,1,11,9,21,bin_5,Cytoplasmic FMR1-interacting protein 2,CYFIP2,1,125,40
SH3G2_HUMAN,Q99962,SH3GL2,Endophilin-A1,2,10,9,21,bin_5,Endophilin-A1,SH3GL2,1,143,73
SH2B2_HUMAN,O14492,SH2B2,SH2B adapter protein 2,4,11,6,21,bin_5,SH2B adapter protein 2,SH2B2,1,61,69
TMIG1_HUMAN,Q6UXZ0,TMIGD1,Transmembrane and immunoglobulin domain-containing protein 1,2,13,6,21,bin_5,Transmembrane and immunoglobulin domain-containing protein 1,TMIGD1,1,24,133
ENPP2_HUMAN,Q9UCR2,ENPP2,Autotaxin ,9,10,2,21,bin_5,Autotaxin,ENPP2,1,239,1088
ENTP1_HUMAN,Q9UQQ9,ENTPD1,Ectonucleoside triphosphate diphosphohydrolase 1 ,13,4,4,21,bin_5,Ectonucleoside triphosphate diphosphohydrolase 1,ENTPD1,1,395,936
TNF14_HUMAN,O43557,TNFSF14,"Tumor necrosis factor ligand superfamily member 14, soluble form",5,13,3,21,bin_5,"Tumor necrosis factor ligand superfamily member 14, soluble form",TNFSF14,1,503,5
SEM6A_HUMAN,LTFEQDIERG,SEMA6A,Semaphorin-6A,2,16,3,21,bin_5,Semaphorin-6A,SEMA6A,1,140,47
TNFB_HUMAN,P01374,LTA,Lymphotoxin-alpha,3,16,2,21,bin_5,Lymphotoxin-alpha,LTA,1,4608,3927
ERR1_HUMAN,P11474,ESRRA,Steroid hormone receptor ERR1,10,4,7,21,bin_5,Steroid hormone receptor ERR1,ESRRA,1,129,4
TNIP2_HUMAN,Q8NFZ5,TNIP2,TNFAIP3-interacting protein 2,4,15,2,21,bin_5,TNFAIP3-interacting protein 2,TNIP2,1,99,27
SCNAA_HUMAN,Q9Y5Y9,SCN10A,Sodium channel protein type 10 subunit alpha,3,11,7,21,bin_5,Sodium channel protein type 10 subunit alpha,SCN10A,1,612,684
ETS2_HUMAN,P15036,ETS2,Protein C-ets-2,9,7,5,21,bin_5,Protein C-ets-2,ETS2,1,866,402
EXOC8_HUMAN,Q8IYI6,EXOC8,Exocyst complex component 8,2,11,8,21,bin_5,Exocyst complex component 8,EXOC8,1,30,56
CDN2D_HUMAN,P55273,CDKN2D,Cyclin-dependent kinase 4 inhibitor D,2,14,5,21,bin_5,Cyclin-dependent kinase 4 inhibitor D,CDKN2D,1,203,775
SOCS5_HUMAN,O75159,SOCS5,Suppressor of cytokine signaling 5,3,16,2,21,bin_5,Suppressor of cytokine signaling 5,SOCS5,1,204,2922
E2F3_HUMAN,O00716,E2F3,Transcription factor E2F3,9,8,4,21,bin_5,Transcription factor E2F3,E2F3,1,814,552
ANPRC_HUMAN,P17342,NPR3,Atrial natriuretic peptide receptor 3,7,11,3,21,bin_5,Atrial natriuretic peptide receptor 3,NPR3,1,257,2442
TA2R_HUMAN,P21731,TBXA2R,Thromboxane A2 receptor,2,16,3,21,bin_5,Thromboxane A2 receptor,TBXA2R,1,103,4041
STMN2_HUMAN,Q93045,STMN2,Stathmin-2,2,9,10,21,bin_5,Stathmin-2,STMN2,1,226,52
STRN3_HUMAN,Q13033,STRN3,Striatin-3,6,6,9,21,bin_5,Striatin-3,STRN3,1,65,10
AGRF5_HUMAN,Q8IZF2,ADGRF5,Adhesion G protein-coupled receptor F5 ,1,15,5,21,bin_5,Adhesion G protein-coupled receptor F5,ADGRF5,1,46,7
SUV92_HUMAN,Q9H5I1,SUV39H2,Histone-lysine N-methyltransferase SUV39H2,7,10,4,21,bin_5,Histone-lysine N-methyltransferase SUV39H2,SUV39H2,1,148,82
DHX33_HUMAN,Q9H6R0,DHX33,ATP-dependent RNA helicase DHX33 ,10,6,5,21,bin_5,ATP-dependent RNA helicase DHX33,DHX33,1,40,0
DDB2_HUMAN,Q92466,DDB2,DNA damage-binding protein 2,3,11,7,21,bin_5,DNA damage-binding protein 2,DDB2,1,502,80
E2F2_HUMAN,Q14209,E2F2,Transcription factor E2F2,9,8,4,21,bin_5,Transcription factor E2F2,E2F2,1,674,448
TANK_HUMAN,Q92844,TANK,TRAF family member-associated NF-kappa-B activator,5,12,4,21,bin_5,TRAF family member-associated NF-kappa-B activator,TANK,1,47754,25
AF9_HUMAN,P42568,MLLT3,Protein AF-9 ,6,9,6,21,bin_5,protein,MLLT3,1,262,24
TBX6_HUMAN,O95947,TBX6,T-box transcription factor TBX6,5,14,2,21,bin_5,T-box transcription factor TBX6,TBX6,1,238,163
TBXT_HUMAN,O15178,TBXT,T-box transcription factor T ,5,13,3,21,bin_5,T-box transcription factor T,TBXT,1,145,5778
DDX4_HUMAN,Q9NQI0,DDX4,Probable ATP-dependent RNA helicase DDX4,5,10,6,21,bin_5,Probable ATP-dependent RNA helicase DDX4,DDX4,1,480,1
ADT1_HUMAN,P12235,SLC25A4,ADP/ATP translocase 1 ,4,11,6,21,bin_5,ADP/ATP translocase 1,SLC25A4,1,119,722
STIM1_HUMAN,Q13586,STIM1,Stromal interaction molecule 1,5,9,7,21,bin_5,Stromal interaction molecule 1,STIM1,1,2345,1749
DNLI3_HUMAN,P49916,LIG3,DNA ligase 3,5,12,4,21,bin_5,DNA ligase 3,LIG3,1,240,6694
STC2_HUMAN,O76061,STC2,Stanniocalcin-2,4,12,5,21,bin_5,Stanniocalcin-2,STC2,1,400,201
SSNA1_HUMAN,O43805,SSNA1,Microtubule nucleation factor SSNA1 ,2,8,11,21,bin_5,Microtubule nucleation factor SSNA1,SSNA1,1,11,1
DPOE1_HUMAN,Q07864,POLE,DNA polymerase epsilon catalytic subunit A,7,10,4,21,bin_5,DNA polymerase epsilon catalytic subunit A,POLE,1,51945,773
TFR2_HUMAN,Q9UP52,TFR2,Transferrin receptor protein 2,2,14,5,21,bin_5,Transferrin receptor protein 2,TFR2,1,553,6572
DQA1_HUMAN,Q6ICU6,HLA-DQA1,"HLA class II histocompatibility antigen, DQ alpha 1 chain",3,6,12,21,bin_5,"HLA class II histocompatibility antigen, DQ alpha 1 chain",HLA-DQA1,1,2085,1062
SRP54_HUMAN,P61011,SRP54,Signal recognition particle subunit SRP54,8,7,6,21,bin_5,Signal recognition particle subunit SRP54,SRP54,1,292,91
AKAP4_HUMAN,Q5JQC9,AKAP4,A-kinase anchor protein 4,1,8,12,21,bin_5,A-kinase anchor protein 4,AKAP4,1,146,504
SPRE1_HUMAN,Q7Z699,SPRED1,"Sprouty-related, EVH1 domain-containing protein 1",4,13,4,21,bin_5,"Sprouty-related, EVH1 domain-containing protein 1",SPRED1,1,297,54
DTX1_HUMAN,Q86Y01,DTX1,E3 ubiquitin-protein ligase DTX1,6,11,4,21,bin_5,E3 ubiquitin-protein ligase DTX1,DTX1,1,437,60
AKP13_HUMAN,Q12802,AKAP13,A-kinase anchor protein 13,6,11,4,21,bin_5,A-kinase anchor protein 13,AKAP13,1,140,137
TIA1_HUMAN,P31483,TIA1,Cytotoxic granule associated RNA binding protein TIA1 ,4,10,7,21,bin_5,Cytotoxic granule associated RNA binding protein TIA1,TIA1,1,1214,52
SP30L_HUMAN,Q9HAJ7,SAP30L,Histone deacetylase complex subunit SAP30L,9,6,6,21,bin_5,Histone deacetylase complex subunit SAP30L,SAP30L,1,21,3
AL3A2_HUMAN,P51648,ALDH3A2,Aldehyde dehydrogenase family 3 member A2,7,8,6,21,bin_5,Aldehyde dehydrogenase family 3 member A2,ALDH3A2,1,138,22
DYRK2_HUMAN,Q92630,DYRK2,Dual specificity tyrosine-phosphorylation-regulated kinase 2,7,7,7,21,bin_5,Dual specificity tyrosine-phosphorylation-regulated kinase 2,DYRK2,1,198,861
SART3_HUMAN,Q15020,SART3,Squamous cell carcinoma antigen recognized by T-cells 3 ,6,9,6,21,bin_5,Squamous cell carcinoma antigen recognized by T-cells 3,SART3,1,117,21
SAR1A_HUMAN,Q9NR31,SAR1A,Small COPII coat GTPase SAR1A ,4,11,6,21,bin_5,Small COPII coat GTPase SAR1A,SAR1A,1,110,10
PUR2_HUMAN,P22102,GART,Phosphoribosylglycinamide formyltransferase ,5,14,2,21,bin_5,Phosphoribosylglycinamide formyltransferase,GART,1,371,283
RHOD_HUMAN,O00212,RHOD,Rho-related GTP-binding protein RhoD ,4,11,6,21,bin_5,Rho-related GTP-binding protein RhoD,RHOD,1,922,2
FOXG1_HUMAN,P55316,FOXG1,Forkhead box protein G1,3,15,3,21,bin_5,Forkhead box protein G1,FOXG1,1,638,572
RGMC_HUMAN,Q6ZVN8,HJV,Hemojuvelin ,4,10,7,21,bin_5,Hemojuvelin,HJV,1,512,396
FLVC1_HUMAN,Q9Y5Y0,FLVCR1,Heme transporter FLVCR1 ,2,15,4,21,bin_5,FLVCR1,FLVCR1,1,134,59
CD3G_HUMAN,P09693,CD3G,T-cell surface glycoprotein CD3 gamma chain,4,11,6,21,bin_5,T-cell surface glycoprotein CD3 gamma chain,CD3G,1,120,1176
CD3Z_HUMAN,P20963,CD247,T-cell surface glycoprotein CD3 zeta chain,5,9,7,21,bin_5,T-cell surface glycoprotein CD3 zeta chain,CD247,1,192,917
CD59_HUMAN,P13987,CD59,CD59 glycoprotein,1,5,15,21,bin_5,CD59 glycoprotein,CD59,1,2732,1935
APTX_HUMAN,Q6JV82,APTX,Aprataxin,13,3,5,21,bin_5,Aprataxin,APTX,1,182,158
FCGR1_HUMAN,P12314,FCGR1A,High affinity immunoglobulin gamma Fc receptor I,3,14,4,21,bin_5,High affinity immunoglobulin gamma Fc receptor I,FCGR1A,1,262,1515
CD80_HUMAN,P33681,CD80,T-lymphocyte activation antigen CD80,3,14,4,21,bin_5,CD80,CD80,1,11905,4473
RIR2B_HUMAN,Q9NTD8,RRM2B,Ribonucleoside-diphosphate reductase subunit M2 B,3,14,4,21,bin_5,Ribonucleoside-diphosphate reductase subunit M2 B,RRM2B,1,239,20
FEZF2_HUMAN,Q8TBJ5,FEZF2,Fez family zinc finger protein 2,5,15,1,21,bin_5,Fez family zinc finger protein 2,FEZF2,1,152,13
CDC37_HUMAN,Q16543,CDC37,"Hsp90 co-chaperone Cdc37, N-terminally processed",8,8,5,21,bin_5,Hsp90 co-chaperone Cdc37,CDC37,1,527,1
CDC5L_HUMAN,Q99459,CDC5L,Cell division cycle 5-like protein,7,5,9,21,bin_5,Cell division cycle 5-like protein,CDC5L,1,109,49
FCN3_HUMAN,O75636,FCN3,Ficolin-3,5,9,7,21,bin_5,Ficolin-3,FCN3,1,197,186
FOXK1_HUMAN,P85037,FOXK1,Forkhead box protein K1 ,7,10,4,21,bin_5,Forkhead box protein K1,FOXK1,1,186,77
FPR1_HUMAN,P21462,FPR1,fMet-Leu-Phe receptor,6,9,6,21,bin_5,fMet-Leu-Phe receptor,FPR1,1,628,2752
RBM8A_HUMAN,Q9Y5S9,RBM8A,RNA-binding protein 8A,2,8,11,21,bin_5,RNA-binding protein 8A,RBM8A,1,158,516
FSHB_HUMAN,P01225,FSHB,Follitropin subunit beta,1,16,4,21,bin_5,Follitropin subunit beta,FSHB,1,496,2543
RBBP6_HUMAN,Q9H3I8,RBBP6,E3 ubiquitin-protein ligase RBBP6,5,9,7,21,bin_5,E3 ubiquitin-protein ligase RBBP6,RBBP6,1,97,44
TT21B_HUMAN,Q7Z4L5,TTC21B,Tetratricopeptide repeat protein 21B ,1,15,5,21,bin_5,Tetratricopeptide repeat protein 21B,TTC21B,1,73,4
FUS_HUMAN,P35637,FUS,RNA-binding protein FUS,9,8,4,21,bin_5,RNA-binding protein FUS,FUS,1,5563,1868
FUT1_HUMAN,P19526,FUT1,"Galactoside alpha-(1,2)-fucosyltransferase 1 ",3,13,5,21,bin_5,"Galactoside alpha-(1,2)-fucosyltransferase 1",FUT1,1,339,187
TTK_HUMAN,P33981,TTK,Dual specificity protein kinase TTK,7,9,5,21,bin_5,Dual specificity protein kinase TTK,TTK,1,2250,40
RAMP1_HUMAN,O60894,RAMP1,Receptor activity-modifying protein 1,4,13,4,21,bin_5,Receptor activity-modifying protein 1,RAMP1,1,555,420
RAB9A_HUMAN,P51151,RAB9A,Ras-related protein Rab-9A,3,6,12,21,bin_5,Ras-related protein Rab-9A,RAB9A,1,111,1
R51A1_HUMAN,Q96B01,RAD51AP1,RAD51-associated protein 1 ,6,10,5,21,bin_5,RAD51-associated protein 1,RAD51AP1,1,113,35
GALR2_HUMAN,O43603,GALR2,Galanin receptor type 2,3,15,3,21,bin_5,Galanin receptor type 2,GALR2,1,375,372
ACHA2_HUMAN,Q15822,CHRNA2,Neuronal acetylcholine receptor subunit alpha-2,4,8,9,21,bin_5,Neuronal acetylcholine receptor subunit alpha-2,CHRNA2,1,120,109
ACH10_HUMAN,Q9GZZ6,CHRNA10,Neuronal acetylcholine receptor subunit alpha-10,4,8,9,21,bin_5,Neuronal acetylcholine receptor subunit alpha-10,CHRNA10,1,84,5
PUR9_HUMAN,P31939,ATIC,"Bifunctional purine biosynthesis protein ATIC, N-terminally processed",4,13,4,21,bin_5,Bifunctional purine biosynthesis protein ATIC,ATIC,1,404,0
TRIM1_HUMAN,Q9UJV3,MID2,Probable E3 ubiquitin-protein ligase MID2,8,10,3,21,bin_5,Probable E3 ubiquitin-protein ligase MID2,MID2,1,135,0
FCG3A_HUMAN,P08637,FCGR3A,Low affinity immunoglobulin gamma Fc region receptor III-A ,4,12,5,21,bin_5,Low affinity immunoglobulin gamma Fc region receptor III-A,FCGR3A,1,815,5
SAP3_HUMAN,P17900,GM2A,Ganglioside GM2 activator isoform short,4,8,9,21,bin_5,GM2 activator protein,GM2A,1,149,0
TPX2_HUMAN,Q9ULW0,TPX2,Targeting protein for Xklp2,3,8,10,21,bin_5,Targeting protein for Xklp2,TPX2,1,750,79
FA2H_HUMAN,Q7L5A8,FA2H,Fatty acid 2-hydroxylase ,3,15,3,21,bin_5,Fatty acid 2-hydroxylase,FA2H,1,169,104
TRBM_HUMAN,P07204,THBD,Thrombomodulin,3,11,7,21,bin_5,Thrombomodulin,THBD,1,714,5680
AP3S1_HUMAN,Q92572,AP3S1,AP-3 complex subunit sigma-1,0,12,9,21,bin_5,AP-3 complex subunit sigma-1,AP3S1,1,18,2
ACRO_HUMAN,P10323,ACR,Acrosin heavy chain,9,7,5,21,bin_5,Acrosin heavy chain,ACR,1,16581,25
RUFY3_HUMAN,Q7L099,RUFY3,Protein RUFY3 ,0,9,12,21,bin_5,protein,RUFY3,1,36,34
TR11B_HUMAN,O00300,TNFRSF11B,Tumor necrosis factor receptor superfamily member 11B,3,13,5,21,bin_5,Tumor necrosis factor receptor superfamily member 11B,TNFRSF11B,1,2698,8380
S10A6_HUMAN,P06703,S100A6,Protein S100-A6,7,3,11,21,bin_5,Protein S100-A6,S100A6,1,667,22
RN126_HUMAN,Q9BV68,RNF126,E3 ubiquitin-protein ligase RNF126 ,3,14,4,21,bin_5,E3 ubiquitin-protein ligase RNF126,RNF126,1,55,43
AOC1_HUMAN,P19801,AOC1,Diamine oxidase [copper-containing] ,11,3,7,21,bin_5,Diamine oxidase [copper-containing],AOC1,1,85,4878
ANXA5_HUMAN,P08758,ANXA5,Annexin A5,5,5,11,21,bin_5,Annexin A5,ANXA5,1,455,5441
ACSM1_HUMAN,Q08AH1,ACSM1,"Acyl-coenzyme A synthetase ACSM1, mitochondrial",10,8,3,21,bin_5,"Acyl-coenzyme A synthetase ACSM1, mitochondrial",ACSM1,1,36,7
CUL1_HUMAN,Q13616,CUL1,Cullin-1,3,10,8,21,bin_5,Cullin-1,CUL1,1,956,601
S22A4_HUMAN,Q9H015,SLC22A4,Solute carrier family 22 member 4 ,9,7,5,21,bin_5,Solute carrier family 22 member 4,SLC22A4,1,364,519
SAHH2_HUMAN,O43865,AHCYL1,S-adenosylhomocysteine hydrolase-like protein 1 ,3,12,6,21,bin_5,S-adenosylhomocysteine hydrolase-like protein 1,AHCYL1,1,40,9
CTR9_HUMAN,Q6PD62,CTR9,RNA polymerase-associated protein CTR9 homolog,2,15,4,21,bin_5,RNA polymerase-associated protein CTR9 homolog,CTR9,1,100,0
RRP1B_HUMAN,Q14684,RRP1B,Ribosomal RNA processing protein 1 homolog B,2,10,9,21,bin_5,Ribosomal RNA processing protein 1 homolog B,RRP1B,1,24,33
FA83D_HUMAN,Q9H4H8,FAM83D,Protein FAM83D ,3,11,7,21,bin_5,protein,FAM83D,1,66,51
AP4M1_HUMAN,O00189,AP4M1,AP-4 complex subunit mu-1 ,2,10,9,21,bin_5,AP-4 complex subunit mu-1,AP4M1,1,49,2
RPGP1_HUMAN,P47736,RAP1GAP,Rap1 GTPase-activating protein 1,4,9,8,21,bin_5,Rap1 GTPase-activating protein 1,RAP1GAP,1,191,178
FACD2_HUMAN,Q9BXW9,FANCD2,Fanconi anemia group D2 protein,1,12,8,21,bin_5,Fanconi anemia group D2 protein,FANCD2,1,1186,699
RPB1_HUMAN,P24928,POLR2A,DNA-directed RNA polymerase II subunit RPB1 ,12,4,5,21,bin_5,DNA-directed RNA polymerase II subunit RPB1,POLR2A,1,222,303
FADS1_HUMAN,Q96T10,FADS1,Acyl-CoA (8-3)-desaturase ,6,11,4,21,bin_5,Acyl-CoA (8-3)-desaturase,FADS1,1,645,8
TRI18_HUMAN,O15344,MID1,E3 ubiquitin-protein ligase Midline-1,8,6,7,21,bin_5,E3 ubiquitin-protein ligase Midline-1,MID1,1,449,26
CDK12_HUMAN,Q9NYV4,CDK12,Cyclin-dependent kinase 12,7,8,6,21,bin_5,Cyclin-dependent kinase 12,CDK12,1,556,8447
RON_HUMAN,Q04912,MST1R,Macrophage-stimulating protein receptor beta chain,4,12,5,21,bin_5,Macrophage-stimulating protein receptor beta chain,MST1R,1,122,36
RNF6_HUMAN,Q9Y252,RNF6,E3 ubiquitin-protein ligase RNF6 ,5,10,6,21,bin_5,E3 ubiquitin-protein ligase RNF6,RNF6,1,59,19
APEL_HUMAN,Q9ULZ1,APLN,Apelin-13,3,16,2,21,bin_5,Apelin-13,APLN,1,951,586
APNLITVKKY,Q9Y5B0,CTDP1,RNA polymerase II subunit A C-terminal domain phosphatase,5,7,9,21,bin_5,RNA polymerase II subunit A C-terminal domain phosphatase,CTDP1,1,29,101
CTBP2_HUMAN,P56545,CTBP2,C-terminal-binding protein 2,10,8,3,21,bin_5,C-terminal-binding protein 2,CTBP2,1,399,331
RN167_HUMAN,Q9H6Y7,RNF167,E3 ubiquitin-protein ligase RNF167 ,3,11,7,21,bin_5,E3 ubiquitin-protein ligase RNF167,RNF167,1,16,14
TCPG_HUMAN,P49368,CCT3,T-complex protein 1 subunit gamma,6,8,7,21,bin_5,T-complex protein 1 subunit gamma,CCT3,1,117,48
INSI1_HUMAN,O15503,INSIG1,Insulin-induced gene 1 protein ,2,16,3,21,bin_5,Insulin-induced gene 1 protein,INSIG1,1,416,1081
ODFP2_HUMAN,Q1W2J6,ODF2,Outer dense fiber protein 2,2,6,13,21,bin_5,Outer dense fiber protein 2,ODF2,1,143,212
EGLKFLFDSV,O00410,IPO5,Importin-5,5,7,9,21,bin_5,Importin-5,IPO5,1,76,27
MTHR_HUMAN,P42898,MTHFR,Methylenetetrahydrofolate reductase (NADPH) ,7,13,1,21,bin_5,Methylenetetrahydrofolate reductase (NADPH),MTHFR,1,8682,6241
ZFYV1_HUMAN,Q9HBF4,ZFYVE1,Zinc finger FYVE domain-containing protein 1,5,4,12,21,bin_5,Zinc finger FYVE domain-containing protein 1,ZFYVE1,1,63,19
MBD3_HUMAN,O95983,MBD3,Methyl-CpG-binding domain protein 3,2,12,7,21,bin_5,Methyl-CpG-binding domain protein 3,MBD3,1,309,321
MTA3_HUMAN,Q9BTC8,MTA3,Metastasis-associated protein MTA3,6,10,5,21,bin_5,Metastasis-associated protein MTA3,MTA3,1,131,60
ODO1_HUMAN,Q02218,OGDH,2-oxoglutarate dehydrogenase complex component E1 ,4,12,5,21,bin_5,2-oxoglutarate dehydrogenase complex component E1,OGDH,1,203,102
SSLLASICSL,P32245,MC4R,Melanocortin receptor 4,5,13,3,21,bin_5,Melanocortin receptor 4,MC4R,1,2428,2030
ONCM_HUMAN,P13725,OSM,Oncostatin-M,3,16,2,21,bin_5,Oncostatin-M,OSM,1,3319,2265
VAV2_HUMAN,Q6Q317,VAV2,Guanine nucleotide exchange factor VAV2,4,14,3,21,bin_5,Guanine nucleotide exchange factor VAV2,VAV2,1,351,252
MSHR_HUMAN,Q9UN59,MC1R,Melanocyte-stimulating hormone receptor,5,14,2,21,bin_5,Melanocyte-stimulating hormone receptor,MC1R,1,1944,351
CAC1H_HUMAN,O95180,CACNA1H,Voltage-dependent T-type calcium channel subunit alpha-1H,5,13,3,21,bin_5,Voltage-dependent T-type calcium channel subunit alpha-1H,CACNA1H,1,531,7
XRN1_HUMAN,Q8IZH2,XRN1,5'-3' exoribonuclease 1,5,9,7,21,bin_5,5'-3' exoribonuclease 1,XRN1,1,507,183
VAX1_HUMAN,Q5SQQ9,VAX1,Ventral anterior homeobox 1,6,13,2,21,bin_5,Ventral anterior homeobox 1,VAX1,1,103,127
OAS2_HUMAN,P29728,OAS2,2'-5'-oligoadenylate synthase 2,4,11,6,21,bin_5,2'-5'-oligoadenylate synthase 2,OAS2,1,312,97
MARH7_HUMAN,Q9H992,MARCHF7,E3 ubiquitin-protein ligase MARCHF7,5,12,4,21,bin_5,E3 ubiquitin-protein ligase MARCHF7,MARCHF7,1,13,11
MARE3_HUMAN,Q9UPY8,MAPRE3,Microtubule-associated protein RP/EB family member 3,4,9,8,21,bin_5,Microtubule-associated protein RP/EB family member 3,MAPRE3,1,77,8
KCNE5_HUMAN,Q9UJ90,KCNE5,Potassium voltage-gated channel subfamily E regulatory beta subunit 5,3,16,2,21,bin_5,Potassium voltage-gated channel subfamily E regulatory beta subunit 5,KCNE5,1,52,1
WWOX_HUMAN,Q9NRF6,WWOX,WW domain-containing oxidoreductase,4,10,7,21,bin_5,WW domain-containing oxidoreductase,WWOX,1,647,455
HERP1_HUMAN,Q15011,HERPUD1,Homocysteine-responsive endoplasmic reticulum-resident ubiquitin-like domain member 1 protein,2,14,5,21,bin_5,Homocysteine-responsive endoplasmic reticulum-resident ubiquitin-like domain member 1 protein,HERPUD1,1,162,4
MAEA_HUMAN,Q7L5Y9,MAEA,E3 ubiquitin-protein transferase MAEA,3,8,10,21,bin_5,E3 ubiquitin-protein transferase MAEA,MAEA,1,121,6
CASC3_HUMAN,O15234,CASC3,Protein CASC3,5,6,10,21,bin_5,CASC3,CASC3,1,55,47
WNT5B_HUMAN,Q9H1J7,WNT5B,Protein Wnt-5b,3,11,7,21,bin_5,Protein Wnt-5b,WNT5B,1,339,33
CAB39_HUMAN,Q9Y376,CAB39,Calcium-binding protein 39,3,10,8,21,bin_5,Calcium-binding protein 39,CAB39,1,101,3925
KI13A_HUMAN,Q9H1H9,KIF13A,Kinesin-like protein KIF13A,4,10,7,21,bin_5,Kinesin-like protein KIF13A,KIF13A,1,76,1
IP6K2_HUMAN,Q9UFU6,IP6K2,Inositol hexakisphosphate kinase 2,8,8,5,21,bin_5,Inositol hexakisphosphate kinase 2,IP6K2,1,57,79
MUSK_HUMAN,O15146,MUSK,"Muscle, skeletal receptor tyrosine-protein kinase",5,12,4,21,bin_5,"Muscle, skeletal receptor tyrosine-protein kinase",MUSK,1,4515,2987
OPRX_HUMAN,P41146,OPRL1,Nociceptin receptor,3,15,3,21,bin_5,Nociceptin receptor,OPRL1,1,412,1844
KDM5A_HUMAN,P29375,KDM5A,Lysine-specific demethylase 5A,10,7,4,21,bin_5,Lysine-specific demethylase 5A,KDM5A,1,311,25
MUS81_HUMAN,Q96NY9,MUS81,Crossover junction endonuclease MUS81,5,9,7,21,bin_5,Crossover junction endonuclease MUS81,MUS81,1,536,46
JIP3_HUMAN,Q9UPT6,MAPK8IP3,C-Jun-amino-terminal kinase-interacting protein 3,4,8,9,21,bin_5,C-Jun-amino-terminal kinase-interacting protein 3,MAPK8IP3,1,118,6
MCM9_HUMAN,Q9NXL9,MCM9,DNA helicase MCM9,10,7,4,21,bin_5,DNA helicase MCM9,MCM9,1,81,56
KCND3_HUMAN,Q9UK17,KCND3,A-type voltage-gated potassium channel KCND3 ,4,9,8,21,bin_5,A-type voltage-gated potassium channel KCND3,KCND3,1,249,26
ERDSMLLQQL,Q9P2E2,KIF17,Kinesin-like protein KIF17,4,4,13,21,bin_5,Kinesin-like protein KIF17,KIF17,1,132,1
MINP1_HUMAN,Q9UNW1,MINPP1,Multiple inositol polyphosphate phosphatase 1 ,13,5,3,21,bin_5,Multiple inositol polyphosphate phosphatase 1,MINPP1,1,35,45
BAZ2A_HUMAN,Q9UIF9,BAZ2A,Bromodomain adjacent to zinc finger domain protein 2A,6,8,7,21,bin_5,Bromodomain adjacent to zinc finger domain protein 2A,BAZ2A,1,78,8
BAZ1B_HUMAN,Q9UIG0,BAZ1B,Tyrosine-protein kinase BAZ1B,6,8,7,21,bin_5,Tyrosine-protein kinase BAZ1B,BAZ1B,1,103,8
KKKQEEEVST,Q9NXN3,MLX,Max-like protein X,10,5,6,21,bin_5,Max-like protein X,MLX,1,624,37
VGLU2_HUMAN,Q9P2U8,SLC17A6,Vesicular glutamate transporter 2 ,6,10,5,21,bin_5,Vesicular glutamate transporter 2,SLC17A6,1,642,1144
CBX4_HUMAN,O00257,CBX4,E3 SUMO-protein ligase CBX4,10,5,6,21,bin_5,E3 SUMO-protein ligase CBX4,CBX4,1,186,36
CLH2_HUMAN,P53675,CLTCL1,Clathrin heavy chain 2,2,6,13,21,bin_5,Clathrin heavy chain 2,CLTCL1,1,53,380
VMP1_HUMAN,Q96GC9,VMP1,Vacuole membrane protein 1 ,1,11,9,21,bin_5,Vacuole membrane protein 1,VMP1,1,186,5969
MIS_HUMAN,P03971,AMH,Muellerian-inhibiting factor,4,15,2,21,bin_5,Muellerian-inhibiting factor,AMH,1,7330,3
MIXL1_HUMAN,Q9H2W2,MIXL1,Homeobox protein MIXL1,7,12,2,21,bin_5,Homeobox protein MIXL1,MIXL1,1,94,64
MK12_HUMAN,P53778,MAPK12,Mitogen-activated protein kinase 12,5,11,5,21,bin_5,Mitogen-activated protein kinase 12,MAPK12,1,100,164
ZBP1_HUMAN,Q9H171,ZBP1,Z-DNA-binding protein 1 ,6,12,3,21,bin_5,Z-DNA-binding protein 1,ZBP1,1,504,203
NOX5_HUMAN,Q9H6E0,NOX5,NADPH oxidase 5,7,10,4,21,bin_5,NADPH oxidase 5,NOX5,1,373,198
BAIP3_HUMAN,H3BVI3,BAIAP3,BAI1-associated protein 3 ,4,9,8,21,bin_5,BAI1-associated protein 3,BAIAP3,1,20,12
ITSN1_HUMAN,Q20BK3,ITSN1,Intersectin-1 ,4,7,10,21,bin_5,Intersectin-1,ITSN1,1,148,150
NKX62_HUMAN,Q9C056,NKX6-2,Homeobox protein Nkx-6.2,6,13,2,21,bin_5,Homeobox protein Nkx-6.2,NKX6-2,1,111,6
ZDHC3_HUMAN,Q9NYG2,ZDHHC3,Palmitoyltransferase ZDHHC3 ,5,12,4,21,bin_5,Palmitoyltransferase ZDHHC3,ZDHHC3,1,54,16
HXB1_HUMAN,P14653,HOXB1,Homeobox protein Hox-B1,7,11,3,21,bin_5,Homeobox protein Hox-B1,HOXB1,1,303,4
IRPL1_HUMAN,Q9NZN1,IL1RAPL1,Interleukin-1 receptor accessory protein-like 1,3,11,7,21,bin_5,Interleukin-1 receptor accessory protein-like 1,IL1RAPL1,1,118,53
KCC2G_HUMAN,Q5SQZ3,CAMK2G,Calcium/calmodulin-dependent protein kinase type II subunit gamma,7,6,8,21,bin_5,Calcium/calmodulin-dependent protein kinase type II subunit gamma,CAMK2G,1,107,67
HOIL1_HUMAN,Q9BYM8,RBCK1,RanBP-type and C3HC4-type zinc finger-containing protein 1,7,12,2,21,bin_5,RanBP-type and C3HC4-type zinc finger-containing protein 1,RBCK1,1,155,2
MEGF8_HUMAN,Q7Z7M0,MEGF8,Multiple epidermal growth factor-like domains protein 8,1,17,3,21,bin_5,Multiple epidermal growth factor-like domains protein 8,MEGF8,1,24,28
KAP2_HUMAN,P13861,PRKAR2A,cAMP-dependent protein kinase type II-alpha regulatory subunit,6,3,12,21,bin_5,cAMP-dependent protein kinase type II-alpha regulatory subunit,PRKAR2A,1,137,282
KAP1_HUMAN,P31321,PRKAR1B,cAMP-dependent protein kinase type I-beta regulatory subunit,4,8,9,21,bin_5,cAMP-dependent protein kinase type I-beta regulatory subunit,PRKAR1B,1,62,8
ITA2B_HUMAN,P08514,ITGA2B,"Integrin alpha-IIb light chain, form 2",6,6,9,21,bin_5,"Integrin alpha-IIb light chain, form 2",ITGA2B,1,343,1
MICU1_HUMAN,Q9H9N6,MICU1,"Calcium uptake protein 1, mitochondrial ",5,9,7,21,bin_5,"Calcium uptake protein 1, mitochondrial",MICU1,1,261,1369
MORC3_HUMAN,Q14149,MORC3,MORC family CW-type zinc finger protein 3,6,10,5,21,bin_5,MORC family CW-type zinc finger protein 3,MORC3,1,101,8
ZC3H8_HUMAN,Q8N5P1,ZC3H8,Zinc finger CCCH domain-containing protein 8,4,9,8,21,bin_5,Zinc finger CCCH domain-containing protein 8,ZC3H8,1,7,8
CBPE_HUMAN,P16870,CPE,Carboxypeptidase E,5,10,6,21,bin_5,Carboxypeptidase E,CPE,1,9057,621
K22E_HUMAN,P35908,KRT2,"Keratin, type II cytoskeletal 2 epidermal",3,9,9,21,bin_5,"Keratin, type II cytoskeletal 2 epidermal",KRT2,1,83,37
MMP8_HUMAN,P22894,MMP8,Neutrophil collagenase,6,10,5,21,bin_5,Neutrophil collagenase,MMP8,1,2493,2196
HXA3_HUMAN,O43365,HOXA3,Homeobox protein Hox-A3,3,15,3,21,bin_5,Homeobox protein Hox-A3,HOXA3,1,225,2
KIBRA_HUMAN,Q8IX03,WWC1,Protein KIBRA,4,11,6,21,bin_5,protein,WWC1,1,190,200
ZBED3_HUMAN,Q96IU2,ZBED3,Zinc finger BED domain-containing protein 3,3,13,5,21,bin_5,Zinc finger BED domain-containing protein 3,ZBED3,1,42,10
MYO19_HUMAN,Q96H55,MYO19,Unconventional myosin-XIX ,7,6,8,21,bin_5,Unconventional myosin-XIX,MYO19,1,34,0
LEG1_HUMAN,P09382,LGALS1,Galectin-1,3,10,8,21,bin_5,Galectin-1,LGALS1,1,2424,2281
IFT74_HUMAN,Q96LB3,IFT74,Intraflagellar transport protein 74 homolog,2,12,7,21,bin_5,Intraflagellar transport protein 74 homolog,IFT74,1,54,2
AA2BR_HUMAN,P29275,ADORA2B,Adenosine receptor A2b,2,15,4,21,bin_5,Adenosine receptor A2b,ADORA2B,1,223,1976
ATS12_HUMAN,P58397,ADAMTS12,A disintegrin and metalloproteinase with thrombospondin motifs 12,2,17,2,21,bin_5,A disintegrin and metalloproteinase with thrombospondin motifs 12,ADAMTS12,1,109,304
NCLX_HUMAN,Q6J4K2,SLC8B1,Mitochondrial sodium/calcium exchanger protein ,4,11,6,21,bin_5,Mitochondrial sodium/calcium exchanger protein,SLC8B1,1,35,622
LIMK2_HUMAN,P53671,LIMK2,LIM domain kinase 2,4,11,6,21,bin_5,LIM domain kinase 2,LIMK2,1,255,868
LIMS1_HUMAN,P48059,LIMS1,LIM and senescent cell antigen-like-containing domain protein 1,2,14,5,21,bin_5,LIM and senescent cell antigen-like-containing domain protein 1,LIMS1,1,183,0
KLH20_HUMAN,Q9Y2M5,KLHL20,Kelch-like protein 20,3,8,10,21,bin_5,Kelch-like protein 20,KLHL20,1,33,391
IF4G2_HUMAN,Q8NI71,EIF4G2,Eukaryotic translation initiation factor 4 gamma 2,5,11,5,21,bin_5,Eukaryotic translation initiation factor 4 gamma 2,EIF4G2,1,184,380
NDRG4_HUMAN,Q9GZN3,NDRG4,Protein NDRG4,0,14,7,21,bin_5,Protein NDRG4,NDRG4,1,163,112
LNNDTKLCKD,P59047,NLRP5,"NACHT, LRR and PYD domains-containing protein 5",2,9,10,21,bin_5,"NACHT, LRR and PYD domains-containing protein 5",NLRP5,1,96,44
LPXN_HUMAN,O60711,LPXN,Leupaxin,2,9,10,21,bin_5,Leupaxin,LPXN,1,49,41
ZNT10_HUMAN,Q6XR72,SLC30A10,Calcium/manganese antiporter SLC30A10 ,3,10,8,21,bin_5,Calcium/manganese antiporter SLC30A10,SLC30A10,1,134,2
ATS9_HUMAN,Q9P2N4,ADAMTS9,A disintegrin and metalloproteinase with thrombospondin motifs 9,3,13,5,21,bin_5,ADAMTS9,ADAMTS9,1,377,345
PAK4_HUMAN,O96013,PAK4,Serine/threonine-protein kinase PAK 4,5,11,5,21,bin_5,Serine/threonine-protein kinase PAK 4,PAK4,1,497,317
LOXL3_HUMAN,P58215,LOXL3,Lysyl oxidase homolog 3 ,3,12,6,21,bin_5,Lysyl oxidase homolog 3,LOXL3,1,131,38
HCN2_HUMAN,Q9UL51,HCN2,Potassium/sodium hyperpolarization-activated cyclic nucleotide-gated channel 2,5,11,5,21,bin_5,Potassium/sodium hyperpolarization-activated cyclic nucleotide-gated channel 2,HCN2,1,738,2021
IL2RA_HUMAN,P01589,IL2RA,Interleukin-2 receptor subunit alpha,2,16,3,21,bin_5,Interleukin-2 receptor subunit alpha,IL2RA,1,2082,5935
A2GL_HUMAN,P02750,LRG1,Leucine-rich alpha-2-glycoprotein,2,11,8,21,bin_5,Leucine-rich alpha-2-glycoprotein,LRG1,1,458,336
BHE41_HUMAN,Q9C0J9,BHLHE41,Class E basic helix-loop-helix protein 41 ,11,8,2,21,bin_5,Class E basic helix-loop-helix protein 41,BHLHE41,1,162,0
IL1RA_HUMAN,P18510,IL1RN,Interleukin-1 receptor antagonist protein,7,8,6,21,bin_5,Interleukin-1 receptor antagonist protein,IL1RN,1,3660,6217
IFNK_HUMAN,Q9P0W0,IFNK,Interferon kappa,2,17,2,21,bin_5,Interferon kappa,IFNK,1,42,47
BLNK_HUMAN,Q8WV28,BLNK,B-cell linker protein,9,7,5,21,bin_5,B-cell linker protein,BLNK,1,297,227
LMTK2_HUMAN,Q8IWU2,LMTK2,Serine/threonine-protein kinase LMTK2,6,8,7,21,bin_5,Serine/threonine-protein kinase LMTK2,LMTK2,1,61,34
CSHPGCGKTY,Q13118,KLF10,Krueppel-like factor 10,7,12,2,21,bin_5,Krueppel-like factor 10,KLF10,1,312,5
PACRG_HUMAN,Q96M98,PACRG,Parkin coregulated gene protein,9,3,9,21,bin_5,Parkin coregulated gene protein,PACRG,1,93,49
ILF3_HUMAN,Q9NRN2,ILF3,Interleukin enhancer-binding factor 3,6,6,9,21,bin_5,Interleukin enhancer-binding factor 3,ILF3,1,285,293
LARP7_HUMAN,Q4G0J3,LARP7,La-related protein 7 ,4,12,5,21,bin_5,La-related protein 7,LARP7,1,104,43
CNTN2_HUMAN,Q02246,CNTN2,Contactin-2,1,11,9,21,bin_5,Contactin-2,CNTN2,1,267,325
KIF23_HUMAN,Q02241,KIF23,Kinesin-like protein KIF23,4,5,12,21,bin_5,Kinesin-like protein KIF23,KIF23,1,231,26
NB5R3_HUMAN,Q9UL56,CYB5R3,NADH-cytochrome b5 reductase 3 ,5,3,13,21,bin_5,NADH-cytochrome b5 reductase 3,CYB5R3,1,131,12
CNTN1_HUMAN,Q12860,CNTN1,Contactin-1,2,12,7,21,bin_5,Contactin-1,CNTN1,1,238,272
CA2D1_HUMAN,P54289,CACNA2D1,Voltage-dependent calcium channel subunit delta-1,2,13,6,21,bin_5,Voltage-dependent calcium channel subunit delta-1,CACNA2D1,1,312,151
L1CAM_HUMAN,P32004,L1CAM,Neural cell adhesion molecule L1,2,11,8,21,bin_5,Neural cell adhesion molecule L1,L1CAM,1,2549,2031
M3K10_HUMAN,Q02779,MAP3K10,Mitogen-activated protein kinase kinase kinase 10,8,12,1,21,bin_5,Mitogen-activated protein kinase kinase kinase 10,MAP3K10,1,69,21820
PAR16_HUMAN,Q8N5Y8,PARP16,Protein mono-ADP-ribosyltransferase PARP16 ,8,9,4,21,bin_5,protein,PARP16,1,31,21
PAPD7_HUMAN,Q5XG87,TENT4A,Terminal nucleotidyltransferase 4A ,5,10,6,21,bin_5,Terminal nucleotidyltransferase 4A,TENT4A,1,29,176
MYLK_HUMAN,Q9UIT9,MYLK,"Myosin light chain kinase, smooth muscle, deglutamylated form",5,9,7,21,bin_5,"Myosin light chain kinase, smooth muscle, deglutamylated form",MYLK,1,337,0
CNTFR_HUMAN,P26992,CNTFR,Ciliary neurotrophic factor receptor subunit alpha,4,11,6,21,bin_5,Ciliary neurotrophic factor receptor subunit alpha,CNTFR,1,183,759
AVIL_HUMAN,O75366,AVIL,Advillin ,4,9,8,21,bin_5,Advillin,AVIL,1,3033,81
LCAT_HUMAN,P04180,LCAT,Phosphatidylcholine-sterol acyltransferase,5,12,4,21,bin_5,Phosphatidylcholine-sterol acyltransferase,LCAT,1,2338,2201
BGH3_HUMAN,Q53XM1,TGFBI,Transforming growth factor-beta-induced protein ig-h3,6,7,8,21,bin_5,Transforming growth factor-beta-induced protein ig-h3,TGFBI,1,739,84
LTOR2_HUMAN,Q9Y2Q5,LAMTOR2,Ragulator complex protein LAMTOR2 ,2,10,9,21,bin_5,Ragulator complex protein LAMTOR2,LAMTOR2,1,76,22
LA_HUMAN,P05455,SSB,Lupus La protein,5,10,6,21,bin_5,Lupus La protein,SSB,1,7390,3820
UN13D_HUMAN,Q70J99,UNC13D,Protein unc-13 homolog D,2,10,10,22,bin_5,Protein unc-13 homolog D,UNC13D,1,304,9
JADE1_HUMAN,Q6IE81,JADE1,Protein Jade-1,2,11,9,22,bin_5,protein,Jade1,1,56,22
5HT1A_HUMAN,P08908,HTR1A,5-hydroxytryptamine receptor 1A,4,15,3,22,bin_5,5-hydroxytryptamine receptor 1A,HTR1A,1,569,5186
ILRL1_HUMAN,Q01638,IL1RL1,Interleukin-1 receptor-like 1,6,11,5,22,bin_5,Interleukin-1 receptor-like 1,IL1RL1,1,1665,2008
CTC1_HUMAN,Q2NKJ3,CTC1,CST complex subunit CTC1,3,14,5,22,bin_5,CST complex subunit CTC1,CTC1,1,215,20
ASAH1_HUMAN,Q13510,ASAH1,Acid ceramidase subunit beta ,6,8,8,22,bin_5,Acid ceramidase subunit beta,ASAH1,1,298,10
MMP7_HUMAN,P09237,MMP7,Matrilysin,5,13,4,22,bin_5,Matrilysin,MMP7,1,3204,2355
EXOC4_HUMAN,Q96A65,EXOC4,Exocyst complex component 4,1,10,11,22,bin_5,Exocyst complex component 4,EXOC4,1,88,79
NTF4_HUMAN,P34130,NTF4,Neurotrophin-4,2,15,5,22,bin_5,Neurotrophin-4,NTF4,1,80,1007
MYF5_HUMAN,P13349,MYF5,Myogenic factor 5,4,15,3,22,bin_5,Myogenic factor 5,MYF5,1,1590,755
MYF6_HUMAN,P23409,MYF6,Myogenic factor 6,6,10,6,22,bin_5,Myogenic factor 6,MYF6,1,231,262
MYH3_HUMAN,P11055,MYH3,Myosin-3,6,9,7,22,bin_5,Myosin-3,MYH3,1,222,23
ING4_HUMAN,Q9UNL4,ING4,Inhibitor of growth protein 4,3,14,5,22,bin_5,Inhibitor of growth protein 4,ING4,1,248,89783
SATB2_HUMAN,Q9UPW6,SATB2,DNA-binding protein SATB2,6,11,5,22,bin_5,DNA-binding protein SATB2,SATB2,1,831,489
VDAC2_HUMAN,P45880,VDAC2,Voltage-dependent anion-selective channel protein 2,7,5,10,22,bin_5,Voltage-dependent anion-selective channel protein 2,VDAC2,1,352,219
CCG7_HUMAN,P62955,CACNG7,Voltage-dependent calcium channel gamma-7 subunit,3,10,9,22,bin_5,Voltage-dependent calcium channel gamma-7 subunit,CACNG7,1,15,10
ABCE1_HUMAN,P61221,ABCE1,ATP-binding cassette sub-family E member 1,9,7,6,22,bin_5,ATP-binding cassette sub-family E member 1,ABCE1,1,196,79
BMP1_HUMAN,Q99423,BMP1,Bone morphogenetic protein 1,9,9,4,22,bin_5,Bone morphogenetic protein 1,BMP1,1,670,455
UBP36_HUMAN,Q9P275,USP36,Ubiquitin carboxyl-terminal hydrolase 36 ,5,11,6,22,bin_5,Ubiquitin carboxyl-terminal hydrolase 36,USP36,1,85,210
CML1_HUMAN,Q99788,CMKLR1,Chemerin-like receptor 1 ,6,14,2,22,bin_5,Chemerin-like receptor 1,CMKLR1,1,388,1
RN5A_HUMAN,Q05823,RNASEL,2-5A-dependent ribonuclease,9,10,3,22,bin_5,2-5A-dependent ribonuclease,RNASEL,1,259,688
FBRL_HUMAN,P22087,FBL,rRNA 2'-O-methyltransferase fibrillarin,6,6,10,22,bin_5,rRNA 2'-O-methyltransferase fibrillarin,FBL,1,3274,9
PREX1_HUMAN,Q9P2D2,PREX1,"Phosphatidylinositol 3,4,5-trisphosphate-dependent Rac exchanger 1 protein",4,13,5,22,bin_5,"Phosphatidylinositol 3,4,5-trisphosphate-dependent Rac exchanger 1 protein",PREX1,1,208,5
BAAT_HUMAN,Q14032,BAAT,Bile acid-CoA:amino acid N-acyltransferase ,9,9,4,22,bin_5,Bile acid-CoA:amino acid N-acyltransferase,BAAT,1,342,70
BOREA_HUMAN,Q53HL2,CDCA8,Borealin,0,11,11,22,bin_5,Borealin,CDCA8,1,236,139
CTNA2_HUMAN,Q53T71,CTNNA2,Catenin alpha-2,4,11,7,22,bin_5,Catenin alpha-2,CTNNA2,1,104,96
ASAH2_HUMAN,Q9NR71,ASAH2,Neutral ceramidase soluble form ,4,11,7,22,bin_5,Neutral ceramidase soluble form,ASAH2,1,72,1
S47A1_HUMAN,Q96FL8,SLC47A1,Multidrug and toxin extrusion protein 1 ,9,9,4,22,bin_5,Multidrug and toxin extrusion protein 1,SLC47A1,1,295,319
ANSTQPGEPR,P55017,SLC12A3,Solute carrier family 12 member 3,3,14,5,22,bin_5,Solute carrier family 12 member 3,SLC12A3,1,661,608
UBP25_HUMAN,Q9UHP3,USP25,Ubiquitin carboxyl-terminal hydrolase 25,8,10,4,22,bin_5,Ubiquitin carboxyl-terminal hydrolase 25,USP25,1,121,381
UBP22_HUMAN,Q9UPT9,USP22,Ubiquitin carboxyl-terminal hydrolase 22,7,10,5,22,bin_5,Ubiquitin carboxyl-terminal hydrolase 22,USP22,1,298,428
RYR3_HUMAN,Q15413,RYR3,Ryanodine receptor 3 ,5,11,6,22,bin_5,Ryanodine receptor 3,RYR3,1,7827,7745
IQGA3_HUMAN,Q86VI3,IQGAP3,Ras GTPase-activating-like protein IQGAP3,5,13,4,22,bin_5,Ras GTPase-activating-like protein IQGAP3,IQGAP3,1,98,0
NUMB_HUMAN,Q8WW73,NUMB,Protein numb homolog,3,8,11,22,bin_5,protein numb homolog,NUMB,1,1645,54
VAX2_HUMAN,Q9UIW0,VAX2,Ventral anterior homeobox 2,7,12,3,22,bin_5,Ventral anterior homeobox 2,VAX2,1,181,120
ISG20_HUMAN,Q96AZ6,ISG20,Interferon-stimulated gene 20 kDa protein,8,7,7,22,bin_5,Interferon-stimulated gene 20 kDa protein,ISG20,1,210,20
RSAD2_HUMAN,Q8WXG1,RSAD2,S-adenosylmethionine-dependent nucleotide dehydratase RSAD2 ,3,11,8,22,bin_5,S-adenosylmethionine-dependent nucleotide dehydratase RSAD2,RSAD2,1,459,0
CPSF6_HUMAN,Q16630,CPSF6,Cleavage and polyadenylation specificity factor subunit 6 ,4,7,11,22,bin_5,Cleavage and polyadenylation specificity factor subunit 6,CPSF6,1,166,34
RS9_HUMAN,P46781,RPS9,Small ribosomal subunit protein uS4 ,4,4,14,22,bin_5,Small ribosomal subunit protein uS4,RPS9,1,126,3
FA12_HUMAN,P00748,F12,Coagulation factor XIIa light chain,3,13,6,22,bin_5,Coagulation factor XIIa light chain,F12,1,4587,39
CUL4B_HUMAN,Q9UED7,CUL4B,Cullin-4B ,1,15,6,22,bin_5,Cullin-4B,CUL4B,1,289,111
RS4X_HUMAN,P62701,RPS4X,"Small ribosomal subunit protein eS4, X isoform ",3,5,14,22,bin_5,"40S ribosomal protein S4, X isoform",RPS4X,1,67,0
CDN2A_HUMAN,P42771,CDKN2A,Cyclin-dependent kinase inhibitor 2A ,4,14,4,22,bin_5,Cyclin-dependent kinase inhibitor 2A,CDKN2A,1,14563,10839
GGA1_HUMAN,Q9UG00,GGA1,ADP-ribosylation factor-binding protein GGA1,3,10,9,22,bin_5,ADP-ribosylation factor-binding protein GGA1,GGA1,1,193,20
CMA1_HUMAN,P23946,CMA1,Chymase,4,10,8,22,bin_5,Chymase,CMA1,1,160,3083
PP1B_HUMAN,P62140,PPP1CB,Serine/threonine-protein phosphatase PP1-beta catalytic subunit,6,8,8,22,bin_5,Serine/threonine-protein phosphatase PP1-beta catalytic subunit,PPP1CB,1,116,6
UBP2_HUMAN,O75604,USP2,Ubiquitin carboxyl-terminal hydrolase 2,6,11,5,22,bin_5,Ubiquitin carboxyl-terminal hydrolase 2,USP2,1,268,2224
RS3A_HUMAN,P61247,RPS3A,Small ribosomal subunit protein eS1 ,3,6,13,22,bin_5,Small ribosomal subunit protein eS1,RPS3A,1,91,0
RS14_HUMAN,P62263,RPS14,Small ribosomal subunit protein uS11 ,4,7,11,22,bin_5,Small ribosomal subunit protein uS11,RPS14,1,284,3
MTPN_HUMAN,P58546,MTPN,Myotrophin,1,15,6,22,bin_5,Myotrophin,MTPN,1,41,185
RS13_HUMAN,P62277,RPS13,Small ribosomal subunit protein uS15 ,5,4,13,22,bin_5,Small ribosomal subunit protein uS15,RPS13,1,114,0
BNI3L_HUMAN,O60238,BNIP3L,BCL2/adenovirus E1B 19 kDa protein-interacting protein 3-like,3,13,6,22,bin_5,BNIP3L,BNIP3L,1,472,0
RREB1_HUMAN,Q6BEP8,RREB1,Ras-responsive element-binding protein 1,4,12,6,22,bin_5,Ras-responsive element-binding protein 1,RREB1,1,212,53
PQBP1_HUMAN,Q4VY36,PQBP1,Polyglutamine-binding protein 1 ,4,11,7,22,bin_5,Polyglutamine-binding protein 1,PQBP1,1,133,58
MX1_HUMAN,D3DSI8,MX1,"Interferon-induced GTP-binding protein Mx1, N-terminally processed",4,10,8,22,bin_5,Interferon-induced GTP-binding protein Mx1,MX1,1,2499,0
MRP3_HUMAN,Q86X85,ABCC3,ATP-binding cassette sub-family C member 3,11,7,4,22,bin_5,ATP-binding cassette sub-family C member 3,ABCC3,1,455,144
GGA3_HUMAN,Q9NZ52,GGA3,ADP-ribosylation factor-binding protein GGA3 ,5,10,7,22,bin_5,ADP-ribosylation factor-binding protein GGA3,GGA3,1,150,18
MYPC3_HUMAN,Q14896,MYBPC3,"Myosin-binding protein C, cardiac-type",8,8,6,22,bin_5,"Myosin-binding protein C, cardiac-type",MYBPC3,1,775,8
CNBP1_HUMAN,Q9NSA3,CTNNBIP1,Beta-catenin-interacting protein 1,2,14,6,22,bin_5,Beta-catenin-interacting protein 1,CTNNBIP1,1,117,29
CASP6_HUMAN,P55212,CASP6,Caspase-6 subunit p11 ,5,13,4,22,bin_5,Caspase-6 subunit p11,CASP6,1,522,2
NMI_HUMAN,Q13287,NMI,N-myc-interactor ,1,15,6,22,bin_5,N-myc-interactor,NMI,1,1528,25
CBLN1_HUMAN,P23435,CBLN1,[des-Ser1]-cerebellin,1,15,6,22,bin_5,Cerebellin-1,CBLN1,1,133,8
TYRO_HUMAN,P14679,TYR,Tyrosinase ,4,11,7,22,bin_5,Tyrosinase,TYR,1,32683,18012
RBM14_HUMAN,Q96PK6,RBM14,RNA-binding protein 14,4,11,7,22,bin_5,RNA-binding protein 14,RBM14,1,78,17819
CCL7_HUMAN,P80098,CCL7,C-C motif chemokine 7,5,15,2,22,bin_5,C-C motif chemokine 7,CCL7,1,1142,0
RD23A_HUMAN,P54725,RAD23A,UV excision repair protein RAD23 homolog A,7,8,7,22,bin_5,UV excision repair protein RAD23 homolog A,RAD23A,1,155,21
CNTF_HUMAN,P26441,CNTF,Ciliary neurotrophic factor,5,13,4,22,bin_5,Ciliary neurotrophic factor,CNTF,1,3454,3097
CSF3_HUMAN,P09919,CSF3,Granulocyte colony-stimulating factor,4,14,4,22,bin_5,Granulocyte colony-stimulating factor,CSF3,1,388,44801
RECK_HUMAN,SLINSDSPTL,RECK,Reversion-inducing cysteine-rich protein with Kazal motifs ,5,12,5,22,bin_5,Reversion-inducing cysteine-rich protein with Kazal motifs,RECK,1,1924,226
REG3A_HUMAN,Q06141,REG3A,Regenerating islet-derived protein 3-alpha 15 kDa form,6,13,3,22,bin_5,Regenerating islet-derived protein 3-alpha,REG3A,1,931,0
KAHLLSLVDV,PGKTVMIDVC,VWF,von Willebrand antigen 2,6,7,9,22,bin_5,von Willebrand antigen 2,VWF,1,12836,245
TSK_HUMAN,Q8WUA8,TSKU,Tsukushi ,1,20,1,22,bin_5,Tsukushi,TSKU,1,37,214
CCL24_HUMAN,O00175,CCL24,C-C motif chemokine 24,4,17,1,22,bin_5,C-C motif chemokine 24,CCL24,1,565,0
RARR2_HUMAN,Q99969,RARRES2,Retinoic acid receptor responder protein 2,1,16,5,22,bin_5,Retinoic acid receptor responder protein 2,RARRES2,1,684,338
NMB_HUMAN,P08949,NMB,Neuromedin-B,3,16,3,22,bin_5,Neuromedin-B,NMB,1,5282,548
RAP2B_HUMAN,P61225,RAP2B,Ras-related protein Rap-2b,5,9,8,22,bin_5,Ras-related protein Rap-2b,RAP2B,1,99,3
RA51D_HUMAN,O76085,RAD51D,DNA repair protein RAD51 homolog 4,7,8,7,22,bin_5,DNA repair protein RAD51 homolog 4,RAD51D,1,441,484
NKX23_HUMAN,Q8TAU0,NKX2-3,Homeobox protein Nkx-2.3,3,17,2,22,bin_5,Homeobox protein Nkx-2.3,NKX2-3,1,122,5
HXA7_HUMAN,P31268,HOXA7,Homeobox protein Hox-A7,6,12,4,22,bin_5,Homeobox protein Hox-A7,HOXA7,1,249,9
VP33A_HUMAN,Q96AX1,VPS33A,Vacuolar protein sorting-associated protein 33A,0,11,11,22,bin_5,Vacuolar protein sorting-associated protein 33A,VPS33A,1,53,1
NKD2_HUMAN,Q969F2,NKD2,Protein naked cuticle homolog 2,6,9,7,22,bin_5,Protein naked cuticle homolog 2,NKD2,1,94,22
HXD3_HUMAN,P31249,HOXD3,Homeobox protein Hox-D3,5,12,5,22,bin_5,Homeobox protein Hox-D3,HOXD3,1,125,10
AATC_HUMAN,P17174,GOT1,"Aspartate aminotransferase, cytoplasmic ",4,14,4,22,bin_5,"Aspartate aminotransferase, cytoplasmic",GOT1,1,411,486
VPP2_HUMAN,Q9Y487,ATP6V0A2,V-type proton ATPase 116 kDa subunit a 2,2,7,13,22,bin_5,V-type proton ATPase 116 kDa subunit a 2,ATP6V0A2,1,84,5
TULP1_HUMAN,O00294,TULP1,Tubby-related protein 1,2,11,9,22,bin_5,Tubby-related protein 1,TULP1,1,133,6
RAB34_HUMAN,Q9BZG1,RAB34,Ras-related protein Rab-34,4,8,10,22,bin_5,Ras-related protein Rab-34,RAB34,1,78,1
RAB3I_HUMAN,Q9H673,RAB3IP,Rab-3A-interacting protein,3,10,9,22,bin_5,RAB3A-interacting protein,RAB3IP,1,31,2
I17RA_HUMAN,Q96F46,IL17RA,Interleukin-17 receptor A ,2,18,2,22,bin_5,Interleukin-17 receptor A,IL17RA,1,922,3837
FXR2_HUMAN,P51116,FXR2,RNA-binding protein FXR2 ,6,8,8,22,bin_5,RNA-binding protein FXR2,FXR2,1,100,86
NDRG1_HUMAN,Q92597,NDRG1,Protein NDRG1,4,7,11,22,bin_5,Protein NDRG1,NDRG1,1,796,651
IFI27_HUMAN,Q9H4B1,IFI27,"Interferon alpha-inducible protein 27, mitochondrial ",4,12,6,22,bin_5,"Interferon alpha-inducible protein 27, mitochondrial",IFI27,1,324,5
WASC5_HUMAN,Q12768,WASHC5,WASH complex subunit 5 ,0,14,8,22,bin_5,WASH complex subunit 5,WASHC5,1,49,45
GFI1_HUMAN,Q99684,GFI1,Zinc finger protein Gfi-1,7,11,4,22,bin_5,Zinc finger protein Gfi-1,GFI1,1,606,43
PRTN3_HUMAN,P24158,PRTN3,Myeloblastin,4,10,8,22,bin_5,Myeloblastin,PRTN3,1,92,1459
FEZ1_HUMAN,Q99689,FEZ1,Fasciculation and elongation protein zeta-1,2,11,9,22,bin_5,Fasciculation and elongation protein zeta-1,FEZ1,1,154,49
FETUA_HUMAN,P02765,AHSG,Alpha-2-HS-glycoprotein chain B,3,9,10,22,bin_5,Alpha-2-HS-glycoprotein chain B,AHSG,1,879,0
NPT4_HUMAN,O00476,SLC17A3,Sodium-dependent phosphate transport protein 4,7,9,6,22,bin_5,Sodium-dependent phosphate transport protein 4,SLC17A3,1,55,177
TRIPB_HUMAN,Q15643,TRIP11,Thyroid receptor-interacting protein 11,2,11,9,22,bin_5,Thyroid receptor-interacting protein 11,TRIP11,1,73,20
CYDFLPIKAS,P14778,IL1R1,"Interleukin-1 receptor type 1, soluble form",8,10,4,22,bin_5,"Interleukin-1 receptor type 1, soluble form",IL1R1,1,1258,88
TRIM8_HUMAN,Q9BZR9,TRIM8,E3 ubiquitin-protein ligase TRIM8,6,13,3,22,bin_5,E3 ubiquitin-protein ligase TRIM8,TRIM8,1,101,37
FGF12_HUMAN,P61328,FGF12,Fibroblast growth factor 12,4,14,4,22,bin_5,Fibroblast growth factor 12,FGF12,1,194,11192
NPY5R_HUMAN,Q15761,NPY5R,Neuropeptide Y receptor type 5,4,14,4,22,bin_5,Neuropeptide Y receptor type 5,NPY5R,1,81,152
NPY_HUMAN,P01303,NPY,C-flanking peptide of NPY,5,12,5,22,bin_5,C-flanking peptide of NPY,NPY,1,11769,21
BAF_HUMAN,O75531,BANF1,"Barrier-to-autointegration factor, N-terminally processed ",4,11,7,22,bin_5,"Barrier-to-autointegration factor, N-terminally processed",BANF1,1,199,0
MYO3A_HUMAN,Q8NEV4,MYO3A,Myosin-IIIa,9,6,7,22,bin_5,Myosin-IIIa,MYO3A,1,66,22
MYO1A_HUMAN,Q9UBC5,MYO1A,Unconventional myosin-Ia,4,6,12,22,bin_5,MYO1A,MYO1A,1,69,71
PRP31_HUMAN,Q8WWY3,PRPF31,U4/U6 small nuclear ribonucleoprotein Prp31,7,3,12,22,bin_5,U4/U6 small nuclear ribonucleoprotein Prp31,PRPF31,1,201,20
FFAR2_HUMAN,O15552,FFAR2,Free fatty acid receptor 2,2,18,2,22,bin_5,Free fatty acid receptor 2,FFAR2,1,379,3785
BL1S1_HUMAN,P78537,BLOC1S1,Biogenesis of lysosome-related organelles complex 1 subunit 1,0,12,10,22,bin_5,Biogenesis of lysosome-related organelles complex 1 subunit 1,BLOC1S1,1,95,86
CD20_HUMAN,P11836,MS4A1,B-lymphocyte antigen CD20,4,11,7,22,bin_5,B-lymphocyte antigen CD20,MS4A1,1,164,3017
IFT52_HUMAN,Q9Y366,IFT52,Intraflagellar transport protein 52 homolog,0,12,10,22,bin_5,Intraflagellar transport protein 52 homolog,IFT52,1,48,3
TSG6_HUMAN,P98066,TNFAIP6,Tumor necrosis factor-inducible gene 6 protein,4,14,4,22,bin_5,Tumor necrosis factor-inducible gene 6 protein,TNFAIP6,1,573,63
FNTA_HUMAN,P49354,FNTA,Protein farnesyltransferase/geranylgeranyltransferase type-1 subunit alpha,8,8,6,22,bin_5,protein,FNTA,1,56,0
NPAS2_HUMAN,Q99743,NPAS2,Neuronal PAS domain-containing protein 2,8,9,5,22,bin_5,Neuronal PAS domain-containing protein 2,NPAS2,1,413,69
NCOA6_HUMAN,Q14686,NCOA6,Nuclear receptor coactivator 6,7,8,7,22,bin_5,Nuclear receptor coactivator 6,NCOA6,1,170,1802
NPC2_HUMAN,P61916,NPC2,NPC intracellular cholesterol transporter 2 ,3,13,6,22,bin_5,NPC intracellular cholesterol transporter 2,NPC2,1,734,182
GDF11_HUMAN,O95390,GDF11,Growth/differentiation factor 11 ,2,16,4,22,bin_5,Growth/differentiation factor 11,GDF11,1,564,410
NCKX2_HUMAN,Q9UI40,SLC24A2,Sodium/potassium/calcium exchanger 2,3,17,2,22,bin_5,Sodium/potassium/calcium exchanger 2,SLC24A2,1,24,28
CBX1_HUMAN,P83916,CBX1,Chromobox protein homolog 1,5,4,13,22,bin_5,Chromobox protein homolog 1,CBX1,1,240,886
BIG1_HUMAN,Q9Y6D6,ARFGEF1,Brefeldin A-inhibited guanine nucleotide-exchange protein 1,3,10,9,22,bin_5,Brefeldin A-inhibited guanine nucleotide-exchange protein 1,ARFGEF1,1,68,50
GDF7_HUMAN,Q7Z4P5,GDF7,Growth/differentiation factor 7,3,18,1,22,bin_5,Growth/differentiation factor 7,GDF7,1,111,50
RHOU_HUMAN,Q7L0Q8,RHOU,Rho-related GTP-binding protein RhoU,5,10,7,22,bin_5,Rho-related GTP-binding protein RhoU,RHOU,1,157,2
CDON_HUMAN,Q4KMG0,CDON,Cell adhesion molecule-related/down-regulated by oncogenes,0,21,1,22,bin_5,Cell adhesion molecule-related/down-regulated by oncogenes,CDON,1,157,3
MLRV_HUMAN,P10916,MYL2,"Myosin regulatory light chain 2, ventricular/cardiac muscle isoform ",4,10,8,22,bin_5,"Myosin regulatory light chain 2, ventricular/cardiac muscle isoform",MYL2,1,257,11
TOM70_HUMAN,O94826,TOMM70,Mitochondrial import receptor subunit TOM70 ,3,12,7,22,bin_5,Mitochondrial import receptor subunit TOM70,TOMM70,1,70,36
MARCS_HUMAN,P29966,MARCKS,Myristoylated alanine-rich C-kinase substrate,4,9,9,22,bin_5,Myristoylated alanine-rich C-kinase substrate,MARCKS,1,1078,925
KDM4C_HUMAN,Q5VYJ3,KDM4C,Lysine-specific demethylase 4C,9,9,4,22,bin_5,Lysine-specific demethylase 4C,KDM4C,1,202,7
DVL3_HUMAN,Q92997,DVL3,Segment polarity protein dishevelled homolog DVL-3,5,15,2,22,bin_5,Segment polarity protein dishevelled homolog DVL-3,DVL3,1,258,2
SPAG5_HUMAN,Q96R06,SPAG5,Sperm-associated antigen 5,1,11,10,22,bin_5,Sperm-associated antigen 5,SPAG5,1,141,94
KDM6B_HUMAN,O15054,KDM6B,Lysine-specific demethylase 6B,6,13,3,22,bin_5,Lysine-specific demethylase 6B,KDM6B,1,725,31
AKT3_HUMAN,Q9Y243,AKT3,RAC-gamma serine/threonine-protein kinase,4,15,3,22,bin_5,RAC-gamma serine/threonine-protein kinase,AKT3,1,1142,9
DUS6_HUMAN,Q16828,DUSP6,Dual specificity protein phosphatase 6,6,13,3,22,bin_5,Dual specificity protein phosphatase 6,DUSP6,1,639,453
ZN207_HUMAN,O43670,ZNF207,BUB3-interacting and GLEBS motif-containing protein ZNF207 ,5,9,8,22,bin_5,BUB3-interacting and GLEBS motif-containing protein ZNF207,ZNF207,1,32,0
AKP8L_HUMAN,Q9ULX6,AKAP8L,A-kinase anchor protein 8-like,7,7,8,22,bin_5,A-kinase anchor protein 8-like,AKAP8L,1,43,5
PDLI5_HUMAN,Q96HC4,PDLIM5,PDZ and LIM domain protein 5 ,6,6,10,22,bin_5,PDZ and LIM domain protein 5,PDLIM5,1,133,0
THIO_HUMAN,P10599,TXN,Thioredoxin,5,11,6,22,bin_5,Thioredoxin,TXN,1,669,15410
SPTN1_HUMAN,ARLAALADQW,SPTAN1,"Spectrin alpha chain, non-erythrocytic 1",6,2,14,22,bin_5,"Spectrin alpha chain, non-erythrocytic 1",SPTAN1,1,115,10
THAP7_HUMAN,Q9BT49,THAP7,THAP domain-containing protein 7,12,4,6,22,bin_5,THAP domain-containing protein 7,THAP7,1,14,8
TGFI1_HUMAN,O43294,TGFB1I1,Transforming growth factor beta-1-induced transcript 1 protein,5,12,5,22,bin_5,Transforming growth factor beta-1-induced transcript 1 protein,TGFB1I1,1,213,121
DPYL3_HUMAN,Q14195,DPYSL3,Dihydropyrimidinase-related protein 3,5,9,8,22,bin_5,Dihydropyrimidinase-related protein 3,DPYSL3,1,169,66
ADCY6_HUMAN,O43306,ADCY6,Adenylate cyclase type 6,5,13,4,22,bin_5,Adenylate cyclase type 6,ADCY6,1,66,1712
TIAR_HUMAN,Q01085,TIAL1,Nucleolysin TIAR,5,10,7,22,bin_5,Nucleolysin TIAR,TIAL1,1,155,5
GRIK3_HUMAN,Q13003,GRIK3,"Glutamate receptor ionotropic, kainate 3",6,6,10,22,bin_5,"Glutamate receptor ionotropic, kainate 3",GRIK3,1,72,1140
ZDHC7_HUMAN,Q9NXF8,ZDHHC7,Palmitoyltransferase ZDHHC7 ,4,14,4,22,bin_5,Palmitoyltransferase ZDHHC7,ZDHHC7,1,35,11
DYH11_HUMAN,Q96DT5,DNAH11,Dynein axonemal heavy chain 11 ,5,9,8,22,bin_5,Dynein axonemal heavy chain 11,DNAH11,1,147,55
ATAT_HUMAN,Q8NDK9,ATAT1,Alpha-tubulin N-acetyltransferase 1 ,2,12,8,22,bin_5,Alpha-tubulin N-acetyltransferase 1,ATAT1,1,81,17
SNP29_HUMAN,O95721,SNAP29,Synaptosomal-associated protein 29 ,2,9,11,22,bin_5,Synaptosomal-associated protein 29,SNAP29,1,202,79
MCM7_HUMAN,P33993,MCM7,DNA replication licensing factor MCM7,4,10,8,22,bin_5,DNA replication licensing factor MCM7,MCM7,1,763,424
PFKAL_HUMAN,P17858,PFKL,"ATP-dependent 6-phosphofructokinase, liver type ",9,6,7,22,bin_5,"ATP-dependent 6-phosphofructokinase, liver type",PFKL,1,203,3
PEX19_HUMAN,P40855,PEX19,Peroxisomal biogenesis factor 19 ,4,10,8,22,bin_5,Peroxisomal biogenesis factor 19,PEX19,1,182,0
SOCS2_HUMAN,O14508,SOCS2,Suppressor of cytokine signaling 2 ,4,15,3,22,bin_5,Suppressor of cytokine signaling 2,SOCS2,1,807,6313
SOCS3_HUMAN,O14543,SOCS3,Suppressor of cytokine signaling 3 ,5,14,3,22,bin_5,Suppressor of cytokine signaling 3,SOCS3,1,4251,6721
CEMIP_HUMAN,Q8WUJ3,CEMIP,Cell migration-inducing and hyaluronan-binding protein,5,8,9,22,bin_5,Cell migration-inducing and hyaluronan-binding protein,CEMIP,1,194,28
E4F1_HUMAN,Q66K89,E4F1,Transcription factor E4F1,9,9,4,22,bin_5,Transcription factor E4F1,E4F1,1,53,48
IKQETREKEN,Q9UFE4,CCDC39,Coiled-coil domain-containing protein 39 ,0,18,4,22,bin_5,Coiled-coil domain-containing protein 39,CCDC39,1,72,13
MAX_HUMAN,P61244,MAX,Protein max ,9,4,9,22,bin_5,protein,MAX,1,252097,91846
DYLT1_HUMAN,P63172,DYNLT1,Dynein light chain Tctex-type 1,2,9,11,22,bin_5,Dynein light chain Tctex-type 1,DYNLT1,1,72,15
DAPK2_HUMAN,Q9UIK4,DAPK2,Death-associated protein kinase 2,5,11,6,22,bin_5,Death-associated protein kinase 2,DAPK2,1,1254,1212
AL1A1_HUMAN,P00352,ALDH1A1,Aldehyde dehydrogenase 1A1 ,9,8,5,22,bin_5,Aldehyde dehydrogenase 1A1,ALDH1A1,1,1879,273
PDE3B_HUMAN,Q13370,PDE3B,"cGMP-inhibited 3',5'-cyclic phosphodiesterase 3B ",6,11,5,22,bin_5,"cGMP-inhibited 3',5'-cyclic phosphodiesterase 3B",PDE3B,1,333,44
KIF4A_HUMAN,O95239,KIF4A,Chromosome-associated kinesin KIF4A,6,6,10,22,bin_5,Chromosome-associated kinesin KIF4A,KIF4A,1,247,4
STABP_HUMAN,O95630,STAMBP,STAM-binding protein,5,9,8,22,bin_5,STAM-binding protein,STAMBP,1,88,38
DOCK1_HUMAN,Q14185,DOCK1,Dedicator of cytokinesis protein 1,4,10,8,22,bin_5,Dedicator of cytokinesis protein 1,DOCK1,1,227,180
TAF12_HUMAN,Q16514,TAF12,Transcription initiation factor TFIID subunit 12 ,5,12,5,22,bin_5,Transcription initiation factor TFIID subunit 12,TAF12,1,67,24
LITAF_HUMAN,Q99732,LITAF,Lipopolysaccharide-induced tumor necrosis factor-alpha factor ,5,7,10,22,bin_5,Lipopolysaccharide-induced tumor necrosis factor-alpha factor,LITAF,1,333,3558
TAF4_HUMAN,O00268,TAF4,Transcription initiation factor TFIID subunit 4,3,12,7,22,bin_5,Transcription initiation factor TFIID subunit 4,TAF4,1,121,33
DGKI_HUMAN,O75912,DGKI,Diacylglycerol kinase iota ,3,6,13,22,bin_5,Diacylglycerol kinase iota,DGKI,1,37,50
LIN41_HUMAN,Q2Q1W2,TRIM71,E3 ubiquitin-protein ligase TRIM71 ,5,16,1,22,bin_5,E3 ubiquitin-protein ligase TRIM71,TRIM71,1,86,33
PAR10_HUMAN,Q53GL7,PARP10,Protein mono-ADP-ribosyltransferase PARP10 ,7,10,5,22,bin_5,protein mono-ADP-ribosyltransferase PARP10,PARP10,1,95,65
DGCR8_HUMAN,Q9NRW2,DGCR8,Microprocessor complex subunit DGCR8,8,4,10,22,bin_5,Microprocessor complex subunit DGCR8,DGCR8,1,703,23
TBR1_HUMAN,Q16650,TBR1,T-box brain protein 1,5,15,2,22,bin_5,T-box brain protein 1,TBR1,1,383,246
DEFB1_HUMAN,P60022,DEFB1,Beta-defensin 1,2,13,7,22,bin_5,Beta-defensin 1,DEFB1,1,627,2968
ABI3_HUMAN,Q9P2A4,ABI3,ABI gene family member 3,4,10,8,22,bin_5,ABI gene family member 3,ABI3,1,588,110
LAMA2_HUMAN,P24043,LAMA2,Laminin subunit alpha-2,2,12,8,22,bin_5,Laminin subunit alpha-2,LAMA2,1,459,305
PARVA_HUMAN,Q9NVD7,PARVA,Alpha-parvin,3,11,8,22,bin_5,Alpha-parvin,PARVA,1,2017,89
KS6A4_HUMAN,O75676,RPS6KA4,Ribosomal protein S6 kinase alpha-4,7,10,5,22,bin_5,Ribosomal protein S6 kinase alpha-4,RPS6KA4,1,73,3
LMAN1_HUMAN,Q9UQG7,LMAN1,Protein ERGIC-53,3,8,11,22,bin_5,Protein ERGIC-53,LMAN1,1,222,187
DHSO_HUMAN,Q00796,SORD,Sorbitol dehydrogenase ,9,7,6,22,bin_5,Sorbitol dehydrogenase,SORD,1,153,2180
USO1_HUMAN,O60763,USO1,General vesicular transport factor p115,2,9,11,22,bin_5,General vesicular transport factor p115,USO1,1,54,18
LTOR5_HUMAN,O43504,LAMTOR5,Ragulator complex protein LAMTOR5,0,15,7,22,bin_5,Ragulator complex protein LAMTOR5,LAMTOR5,1,119,10
C11B2_HUMAN,P19099,CYP11B2,"Cytochrome P450 11B2, mitochondrial",5,15,2,22,bin_5,"Cytochrome P450 11B2, mitochondrial",CYP11B2,1,1844,78
TFDP1_HUMAN,Q14186,TFDP1,Transcription factor Dp-1,5,10,7,22,bin_5,Transcription factor Dp-1,TFDP1,1,229,1314
UD17_HUMAN,Q9HAW7,UGT1A7,UDP-glucuronosyltransferase 1A7 ,7,13,2,22,bin_5,UDP-glucuronosyltransferase 1A7,UGT1A7,1,363,161
PAK5_HUMAN,Q9P286,PAK5,Serine/threonine-protein kinase PAK 5 ,3,12,7,22,bin_5,Serine/threonine-protein kinase PAK 5,PAK5,1,118,317
DNJC3_HUMAN,Q13217,DNAJC3,DnaJ homolog subfamily C member 3,4,8,10,22,bin_5,DnaJ homolog subfamily C member 3,DNAJC3,1,136,26
STX16_HUMAN,Q9H1T7,STX16,Syntaxin-16,3,5,14,22,bin_5,Syntaxin-16,STX16,1,112,106
DHX15_HUMAN,O43143,DHX15,ATP-dependent RNA helicase DHX15 ,7,9,6,22,bin_5,ATP-dependent RNA helicase DHX15,DHX15,1,106,4
DMPK_HUMAN,Q09013,DMPK,Myotonin-protein kinase,5,10,7,22,bin_5,Myotonin-protein kinase,DMPK,1,4522,781
SWP70_HUMAN,Q9UH65,SWAP70,Switch-associated protein 70,5,10,7,22,bin_5,Switch-associated protein 70,SWAP70,1,115,18
LMX1A_HUMAN,Q8TE12,LMX1A,LIM homeobox transcription factor 1-alpha,5,15,2,22,bin_5,LIM homeobox transcription factor 1-alpha,LMX1A,1,313,36
SYGP1_HUMAN,Q96PV0,SYNGAP1,Ras/Rap GTPase-activating protein SynGAP,2,15,5,22,bin_5,Ras/Rap GTPase-activating protein SynGAP,SYNGAP1,1,303,12
SYT5_HUMAN,O00445,SYT5,Synaptotagmin-5,8,4,10,22,bin_5,Synaptotagmin-5,SYT5,1,39,2187
CACB2_HUMAN,Q9HD32,CACNB2,Voltage-dependent L-type calcium channel subunit beta-2,4,13,5,22,bin_5,Voltage-dependent L-type calcium channel subunit beta-2,CACNB2,1,193,29
CP2J2_HUMAN,P51589,CYP2J2,Cytochrome P450 2J2,11,7,4,22,bin_5,Cytochrome P450 2J2,CYP2J2,1,730,179
TMF1_HUMAN,P82094,TMF1,TATA element modulatory factor,3,14,5,22,bin_5,TATA element modulatory factor,TMF1,1,39,26
UBR2_HUMAN,Q8IWV8,UBR2,E3 ubiquitin-protein ligase UBR2,4,13,5,22,bin_5,E3 ubiquitin-protein ligase UBR2,UBR2,1,94,63
CLD18_HUMAN,P56856,CLDN18,Claudin-18,2,16,4,22,bin_5,Claudin-18,CLDN18,1,334,303
CLD19_HUMAN,Q8N6F1,CLDN19,Claudin-19 ,2,15,5,22,bin_5,Claudin-19,CLDN19,1,101,91
CYB_HUMAN,Q9B2Z0,MT-CYB,Cytochrome b,3,15,4,22,bin_5,Cytochrome b,MT-CYB,1,131,13532
ENPP3_HUMAN,O14638,ENPP3,Ectonucleotide pyrophosphatase/phosphodiesterase family member 3 ,8,9,5,22,bin_5,Ectonucleotide pyrophosphatase/phosphodiesterase family member 3,ENPP3,1,238,59
SFTPD_HUMAN,P35247,SFTPD,Pulmonary surfactant-associated protein D,2,12,8,22,bin_5,Pulmonary surfactant-associated protein D,SFTPD,1,141,1403
SEP12_HUMAN,Q8IYM1,SEPTIN12,Septin-12,7,4,11,22,bin_5,Septin-12,SEPTIN12,1,29,6
SEM7A_HUMAN,O75326,SEMA7A,Semaphorin-7A,3,16,3,22,bin_5,Semaphorin-7A,SEMA7A,1,235,142
OPN3_HUMAN,Q9H1Y3,OPN3,Opsin-3,5,13,4,22,bin_5,Opsin-3,OPN3,1,102,39
ONEC2_HUMAN,O95948,ONECUT2,One cut domain family member 2,4,14,4,22,bin_5,ONECUT2,ONECUT2,1,135,50
SEM3F_HUMAN,Q13275,SEMA3F,Semaphorin-3F,2,17,3,22,bin_5,Semaphorin-3F,SEMA3F,1,295,144
SEH1_HUMAN,Q96EE3,SEH1L,Nucleoporin SEH1 ,1,13,8,22,bin_5,Nucleoporin SEH1,SEH1L,1,17,33
ANKH_HUMAN,Q9HCJ1,ANKH,Mineralization regulator ANKH ,3,15,4,22,bin_5,Mineralization regulator ANKH,ANKH,1,227,46
CLIC1_HUMAN,O00299,CLIC1,Chloride intracellular channel protein 1,2,5,15,22,bin_5,Chloride intracellular channel protein 1,CLIC1,1,299,4267
SDC4_HUMAN,P31431,SDC4,Syndecan-4 ,4,11,7,22,bin_5,Syndecan-4,SDC4,1,603,950
BRE1A_HUMAN,Q9NUR4,RNF20,E3 ubiquitin-protein ligase BRE1A,11,6,5,22,bin_5,E3 ubiquitin-protein ligase BRE1A,RNF20,1,173,6
CAH2_HUMAN,P00918,CA2,Carbonic anhydrase 2,4,12,6,22,bin_5,Carbonic anhydrase 2,CA2,1,230664,4843
OMA1_HUMAN,Q96E52,OMA1,"Metalloendopeptidase OMA1, mitochondrial ",3,16,3,22,bin_5,"Metalloendopeptidase OMA1, mitochondrial",OMA1,1,202,60
JPH2_HUMAN,Q9BR39,JPH2,Junctophilin-2 N-terminal fragment ,10,5,7,22,bin_5,Junctophilin-2 N-terminal fragment,JPH2,1,116,8
TNKS2_HUMAN,Q9H2K2,TNKS2,Poly [ADP-ribose] polymerase tankyrase-2 ,5,9,8,22,bin_5,Poly [ADP-ribose] polymerase tankyrase-2,TNKS2,1,161,42
SCNNG_HUMAN,P51170,SCNN1G,Amiloride-sensitive sodium channel subunit gamma,4,12,6,22,bin_5,Amiloride-sensitive sodium channel subunit gamma,SCNN1G,1,207,297
SCIMP_HUMAN,Q6UWF3,SCIMP,SLP adapter and CSK-interacting membrane protein,1,12,9,22,bin_5,SLP adapter and CSK-interacting membrane protein,SCIMP,1,28,2
MLC1_HUMAN,Q15049,MLC1,Membrane protein MLC1 ,2,6,14,22,bin_5,Membrane protein MLC1,MLC1,1,400,191
TESCTDSGAE,Q96K76,USP47,Ubiquitin carboxyl-terminal hydrolase 47,3,14,5,22,bin_5,Ubiquitin carboxyl-terminal hydrolase 47,USP47,1,67,172
SC5A8_HUMAN,Q8N695,SLC5A8,Sodium-coupled monocarboxylate transporter 1,6,12,4,22,bin_5,Sodium-coupled monocarboxylate transporter 1,SLC5A8,1,180,53
MLP3B_HUMAN,Q9GZQ8,MAP1LC3B,Microtubule-associated proteins 1A/1B light chain 3B ,4,7,11,22,bin_5,Microtubule-associated proteins 1A/1B light chain 3B,MAP1LC3B,1,2100,150
KANK1_HUMAN,Q14678,KANK1,KN motif and ankyrin repeat domain-containing protein 1,1,16,5,22,bin_5,KN motif and ankyrin repeat domain-containing protein 1,KANK1,1,132,6
MED17_HUMAN,Q9NVC6,MED17,Mediator of RNA polymerase II transcription subunit 17,6,9,7,22,bin_5,Mediator of RNA polymerase II transcription subunit 17,MED17,1,71,60
COPT1_HUMAN,O15431,SLC31A1,Truncated CTR1 form ,5,10,7,22,bin_5,Truncated CTR1 form,SLC31A1,1,401,4
CADH8_HUMAN,P55286,CDH8,Cadherin-8,4,11,7,22,bin_5,Cadherin-8,CDH8,1,105,48
KAT6B_HUMAN,Q8WYB5,KAT6B,Histone acetyltransferase KAT6B,9,8,5,22,bin_5,Histone acetyltransferase KAT6B,KAT6B,1,172,132
KCJ10_HUMAN,P78508,KCNJ10,ATP-sensitive inward rectifier potassium channel 10,3,12,7,22,bin_5,ATP-sensitive inward rectifier potassium channel 10,KCNJ10,1,536,589
PIF1_HUMAN,Q9H611,PIF1,ATP-dependent DNA helicase PIF1 ,9,9,4,22,bin_5,ATP-dependent DNA helicase PIF1,PIF1,1,513,261
CEBPE_HUMAN,Q15744,CEBPE,CCAAT/enhancer-binding protein epsilon,6,11,5,22,bin_5,CCAAT/enhancer-binding protein epsilon,CEBPE,1,199,130
EI2BE_HUMAN,Q13144,EIF2B5,Translation initiation factor eIF2B subunit epsilon,3,15,4,22,bin_5,Translation initiation factor eIF2B subunit epsilon,EIF2B5,1,118,77
MEG10_HUMAN,Q96KG7,MEGF10,Multiple epidermal growth factor-like domains protein 10 ,3,16,3,22,bin_5,Multiple epidermal growth factor-like domains protein 10,MEGF10,1,110,28
MDM4_HUMAN,O15151,MDM4,Protein Mdm4,3,16,3,22,bin_5,protein,MDM4,1,881,765
EGR3_HUMAN,Q06889,EGR3,Early growth response protein 3,6,13,3,22,bin_5,Early growth response protein 3,EGR3,1,466,212
OTX2_HUMAN,P32243,OTX2,Homeobox protein OTX2,5,13,4,22,bin_5,Homeobox protein OTX2,OTX2,1,1159,964
EHMT1_HUMAN,Q9H9B1,EHMT1,Histone-lysine N-methyltransferase EHMT1,9,9,4,22,bin_5,Histone-lysine N-methyltransferase EHMT1,EHMT1,1,292,174
SIA8B_HUMAN,Q92186,ST8SIA2,"Alpha-2,8-sialyltransferase 8B ",3,12,7,22,bin_5,"Alpha-2,8-sialyltransferase 8B",ST8SIA2,1,195,2
ELA_HUMAN,P0DMC3,APELA,Apelin receptor early endogenous ligand ,2,18,2,22,bin_5,Apelin receptor early endogenous ligand,APELA,1,132,28
SPEF1_HUMAN,Q9Y4P9,SPEF1,Sperm flagellar protein 1,2,9,12,23,bin_5,Sperm flagellar protein 1,SPEF1,1,13,419
SYPH_HUMAN,P08247,SYP,Synaptophysin,3,10,10,23,bin_5,Synaptophysin,SYP,1,1460,10622
CPLX2_HUMAN,Q6PUV4,CPLX2,Complexin-2,3,9,11,23,bin_5,Complexin-2,CPLX2,1,53,50
KLF15_HUMAN,Q9UIH9,KLF15,Krueppel-like factor 15,7,11,5,23,bin_5,Krueppel-like factor 15,KLF15,1,427,11
STK25_HUMAN,O00506,STK25,Serine/threonine-protein kinase 25,6,13,4,23,bin_5,Serine/threonine-protein kinase 25,STK25,1,94,23536
LACRT_HUMAN,Q9GZZ8,LACRT,Extracellular glycoprotein lacritin,3,17,3,23,bin_5,Extracellular glycoprotein lacritin,LACRT,1,36,9
FZD6_HUMAN,O60353,FZD6,Frizzled-6,4,13,6,23,bin_5,Frizzled-6,FZD6,1,274,65
CRFR1_HUMAN,P34998,CRHR1,Corticotropin-releasing factor receptor 1 ,3,16,4,23,bin_5,Corticotropin-releasing factor receptor 1,CRHR1,1,992,1623
VATF_HUMAN,Q16864,ATP6V1F,V-type proton ATPase subunit F,3,7,13,23,bin_5,V-type proton ATPase subunit F,ATP6V1F,1,14,50
STX5_HUMAN,Q13190,STX5,Syntaxin-5,3,11,9,23,bin_5,Syntaxin-5,STX5,1,35,3043
KIF1B_HUMAN,Q9P280,KIF1B,Kinesin-like protein KIF1B ,5,9,9,23,bin_5,Kinesin-like protein KIF1B,KIF1B,1,201,9
STX8_HUMAN,Q9UNK0,STX8,Syntaxin-8,5,6,12,23,bin_5,Syntaxin-8,STX8,1,32,3021
SURF4_HUMAN,O15260,SURF4,Surfeit locus protein 4 ,2,8,13,23,bin_5,Surfeit locus protein 4,SURF4,1,85,27
L2GL1_HUMAN,Q15334,LLGL1,Lethal(2) giant larvae protein homolog 1,4,9,10,23,bin_5,Lethal(2) giant larvae protein homolog 1,LLGL1,1,76,12
KMT2E_HUMAN,Q86WG0,KMT2E,Inactive histone-lysine N-methyltransferase 2E ,4,7,12,23,bin_5,Inactive histone-lysine N-methyltransferase 2E,KMT2E,1,84,1
KI18B_HUMAN,SVSHGRSRIA,KIF18B,Kinesin-like protein KIF18B,6,6,11,23,bin_5,Kinesin-like protein KIF18B,KIF18B,1,83,2
SYK_HUMAN,Q15046,KARS1,Lysine--tRNA ligase,7,9,7,23,bin_5,Lysine--tRNA ligase,KARS1,1,14,557
FUZZY_HUMAN,Q9BT04,FUZ,Protein fuzzy homolog,0,19,4,23,bin_5,protein,FUZ,1,77,40
SSH1_HUMAN,Q8WYL5,SSH1,Protein phosphatase Slingshot homolog 1 ,4,11,8,23,bin_5,protein,SSH1,1,171,16
STOM_HUMAN,P27105,STOM,Stomatin ,4,4,15,23,bin_5,Stomatin,STOM,1,296,385
KIF11_HUMAN,P52732,KIF11,Kinesin-like protein KIF11,5,9,9,23,bin_5,Kinesin-like protein KIF11,KIF11,1,889,22
SPTA1_HUMAN,P02549,SPTA1,"Spectrin alpha chain, erythrocytic 1",3,9,11,23,bin_5,"Spectrin alpha chain, erythrocytic 1",SPTA1,1,180,88
KLK6_HUMAN,Q92876,KLK6,Kallikrein-6,1,11,11,23,bin_5,Kallikrein-6,KLK6,1,324,138
SHGCIHHNSV,Q14145,KEAP1,Kelch-like ECH-associated protein 1 ,4,10,9,23,bin_5,Kelch-like ECH-associated protein 1,KEAP1,1,6647,4531
GDIA_HUMAN,P31150,GDI1,Rab GDP dissociation inhibitor alpha,4,9,10,23,bin_5,Rab GDP dissociation inhibitor alpha,GDI1,1,110,57
GATA5_HUMAN,Q9BWX5,GATA5,Transcription factor GATA-5,6,14,3,23,bin_5,Transcription factor GATA-5,GATA5,1,309,197
T2FA_HUMAN,P35269,GTF2F1,General transcription factor IIF subunit 1,9,9,5,23,bin_5,General transcription factor IIF subunit 1,GTF2F1,1,10,19
IF140_HUMAN,Q96RY7,IFT140,Intraflagellar transport protein 140 homolog ,0,14,9,23,bin_5,Intraflagellar transport protein 140 homolog,IFT140,1,116,6
TRI38_HUMAN,O00635,TRIM38,E3 ubiquitin-protein ligase TRIM38 ,5,15,3,23,bin_5,E3 ubiquitin-protein ligase TRIM38,TRIM38,1,44,24
TRI68_HUMAN,Q9NW18,TRIM68,E3 ubiquitin-protein ligase TRIM68,8,8,7,23,bin_5,E3 ubiquitin-protein ligase TRIM68,TRIM68,1,17,11
TRPA1_HUMAN,O75762,TRPA1,Transient receptor potential cation channel subfamily A member 1 ,5,17,1,23,bin_5,Transient receptor potential cation channel subfamily A member 1,TRPA1,1,3280,2065
TSLP_HUMAN,Q969D9,TSLP,Thymic stromal lymphopoietin,2,19,2,23,bin_5,Thymic stromal lymphopoietin,TSLP,1,2424,2349
TSP4_HUMAN,PNQSDVDNDL,THBS4,Thrombospondin-4,4,12,7,23,bin_5,Thrombospondin-4,THBS4,1,171,228
CNGA3_HUMAN,Q16281,CNGA3,Cyclic nucleotide-gated channel alpha-3,9,7,7,23,bin_5,Cyclic nucleotide-gated channel alpha-3,CNGA3,1,311,17
UTRN_HUMAN,P46939,UTRN,Utrophin ,5,5,13,23,bin_5,Utrophin,UTRN,1,357,1122
HXA10_HUMAN,P31260,HOXA10,Homeobox protein Hox-A10,5,13,5,23,bin_5,Homeobox protein Hox-A10,HOXA10,1,940,162
TXNIP_HUMAN,Q9H3M7,TXNIP,Thioredoxin-interacting protein,2,19,2,23,bin_5,Thioredoxin-interacting protein,TXNIP,1,1989,1214
GPSM2_HUMAN,P81274,GPSM2,G-protein-signaling modulator 2,6,8,9,23,bin_5,G-protein-signaling modulator 2,GPSM2,1,136,468
HNF1A_HUMAN,Q99861,HNF1A,Hepatocyte nuclear factor 1-alpha,9,10,4,23,bin_5,Hepatocyte nuclear factor 1-alpha,HNF1A,1,2141,2094
HMBX1_HUMAN,Q6NT76,HMBOX1,Homeobox-containing protein 1 ,6,7,10,23,bin_5,Homeobox-containing protein 1,HMBOX1,1,63,366
HLTF_HUMAN,Q14527,HLTF,Helicase-like transcription factor,10,6,7,23,bin_5,Helicase-like transcription factor,HLTF,1,213,113
GRIA2_HUMAN,P42262,GRIA2,Glutamate receptor 2 ,5,5,13,23,bin_5,Glutamate receptor 2,GRIA2,1,220,43500
UBP16_HUMAN,Q8NEL3,USP16,Ubiquitin carboxyl-terminal hydrolase 16 ,8,12,3,23,bin_5,Ubiquitin carboxyl-terminal hydrolase 16,USP16,1,81,409
HDGF_HUMAN,P51858,HDGF,Hepatoma-derived growth factor,10,6,7,23,bin_5,Hepatoma-derived growth factor,HDGF,1,343,315
UN13A_HUMAN,Q9UPW8,UNC13A,Protein unc-13 homolog A ,5,10,8,23,bin_5,Protein unc-13 homolog A,UNC13A,1,217,26
GTR3_HUMAN,P11169,SLC2A3,"Solute carrier family 2, facilitated glucose transporter member 3 ",5,8,10,23,bin_5,"Solute carrier family 2, facilitated glucose transporter member 3",SLC2A3,1,814,69
UNC5C_HUMAN,O95185,UNC5C,Netrin receptor UNC5C,4,11,8,23,bin_5,Netrin receptor UNC5C,UNC5C,1,166,108
TRAF5_HUMAN,O00463,TRAF5,TNF receptor-associated factor 5,5,13,5,23,bin_5,TNF receptor-associated factor 5,TRAF5,1,278,158
IFT80_HUMAN,Q9P2H3,IFT80,Intraflagellar transport protein 80 homolog,0,16,7,23,bin_5,Intraflagellar transport protein 80 homolog,IFT80,1,61,2
IKZF3_HUMAN,Q69BM3,IKZF3,Zinc finger protein Aiolos,10,9,4,23,bin_5,Zinc finger protein Aiolos,IKZF3,1,358,54
TFE3_HUMAN,P19532,TFE3,Transcription factor E3 ,7,10,6,23,bin_5,Transcription factor E3,TFE3,1,1399,7982
LQSQLPEGVP,Q15750,TAB1,TGF-beta-activated kinase 1 and MAP3K7-binding protein 1,5,11,7,23,bin_5,TGF-beta-activated kinase 1 and MAP3K7-binding protein 1,TAB1,1,390,28
GBA2_HUMAN,Q9HCG7,GBA2,Non-lysosomal glucosylceramidase ,5,12,6,23,bin_5,Non-lysosomal glucosylceramidase,GBA2,1,150,31
TBB4B_HUMAN,P68371,TUBB4B,Tubulin beta-4B chain,7,3,13,23,bin_5,Tubulin beta-4B chain,TUBB4B,1,67,8
TBL1R_HUMAN,Q9BZK7,TBL1XR1,F-box-like/WD repeat-containing protein TBL1XR1,4,14,5,23,bin_5,F-box-like/WD repeat-containing protein TBL1XR1,TBL1XR1,1,220,0
JUND_HUMAN,P17535,JUND,Transcription factor JunD ,7,9,7,23,bin_5,Transcription factor JunD,JUND,1,1405,1083
JIP1_HUMAN,Q9UQF2,MAPK8IP1,C-Jun-amino-terminal kinase-interacting protein 1,4,8,11,23,bin_5,C-Jun-amino-terminal kinase-interacting protein 1,MAPK8IP1,1,168,9
ITPR2_HUMAN,Q14571,ITPR2,"Inositol 1,4,5-trisphosphate-gated calcium channel ITPR2 ",7,6,10,23,bin_5,"Inositol 1,4,5-trisphosphate-gated calcium channel ITPR2",ITPR2,1,164,0
CPEB1_HUMAN,Q9BZB8,CPEB1,Cytoplasmic polyadenylation element-binding protein 1,6,6,11,23,bin_5,Cytoplasmic polyadenylation element-binding protein 1,CPEB1,1,289,182
ITF2_HUMAN,H3BPQ1,TCF4,Transcription factor 4,11,7,5,23,bin_5,Transcription factor 4,TCF4,1,2324,4426
IL21_HUMAN,Q9HBE4,IL21,Interleukin-21 ,3,18,2,23,bin_5,Interleukin-21,IL21,1,4325,2256
GBX2_HUMAN,P52951,GBX2,Homeobox protein GBX-2,7,14,2,23,bin_5,Homeobox protein GBX-2,GBX2,1,260,9
FUT10_HUMAN,Q6P4F1,FUT10,"Alpha-(1,3)-fucosyltransferase 10",2,15,6,23,bin_5,"Alpha-(1,3)-fucosyltransferase 10",FUT10,1,12,65
CP131_HUMAN,Q9UPN4,CEP131,Centrosomal protein of 131 kDa,2,10,11,23,bin_5,Centrosomal protein of 131 kDa,CEP131,1,47,0
GEMI5_HUMAN,Q8TEQ6,GEMIN5,Gem-associated protein 5,8,5,10,23,bin_5,Gem-associated protein 5,GEMIN5,1,83,4
GFRA1_HUMAN,P56159,GFRA1,GDNF family receptor alpha-1,5,8,10,23,bin_5,GDNF family receptor alpha-1,GFRA1,1,558,1591
ING5_HUMAN,Q8WYH8,ING5,Inhibitor of growth protein 5,3,16,4,23,bin_5,Inhibitor of growth protein 5,ING5,1,120,84483
TOP2B_HUMAN,Q02880,TOP2B,DNA topoisomerase 2-beta,6,12,5,23,bin_5,DNA topoisomerase 2-beta,TOP2B,1,207,20
CSPG4_HUMAN,Q6UVK1,CSPG4,Chondroitin sulfate proteoglycan 4,2,9,12,23,bin_5,Chondroitin sulfate proteoglycan 4,CSPG4,1,341,983
MB12A_HUMAN,Q96EY5,MVB12A,Multivesicular body subunit 12A,3,11,9,23,bin_5,Multivesicular body subunit 12A,MVB12A,1,11,0
CSPG5_HUMAN,O95196,CSPG5,Chondroitin sulfate proteoglycan 5,1,8,14,23,bin_5,Chondroitin sulfate proteoglycan 5,CSPG5,1,46,5957
NSUN2_HUMAN,Q08J23,NSUN2,RNA cytosine C(5)-methyltransferase NSUN2 ,4,11,8,23,bin_5,RNA cytosine C(5)-methyltransferase NSUN2,NSUN2,1,221,0
ERCC5_HUMAN,P28715,ERCC5,DNA excision repair protein ERCC-5 ,11,7,5,23,bin_5,DNA excision repair protein ERCC-5,ERCC5,1,300,355
PARPT_HUMAN,Q7Z3E1,TIPARP,Protein mono-ADP-ribosyltransferase TIPARP ,6,16,1,23,bin_5,protein,TIPARP,1,105,36
PAR6A_HUMAN,Q9NPB6,PARD6A,Partitioning defective 6 homolog alpha,2,10,11,23,bin_5,Partitioning defective 6 homolog alpha,PARD6A,1,119,5
ZNT2_HUMAN,Q9BRI3,SLC30A2,Proton-coupled zinc antiporter SLC30A2 ,4,9,10,23,bin_5,Proton-coupled zinc antiporter SLC30A2,SLC30A2,1,81,3
RHG44_HUMAN,Q17R89,ARHGAP44,Rho GTPase-activating protein 44 ,3,12,8,23,bin_5,Rho GTPase-activating protein 44,ARHGAP44,1,22,16
ESCO2_HUMAN,Q56NI9,ESCO2,N-acetyltransferase ESCO2 ,5,8,10,23,bin_5,N-acetyltransferase ESCO2,ESCO2,1,146,13
RHOC_HUMAN,P08134,RHOC,Rho-related GTP-binding protein RhoC,3,13,7,23,bin_5,Rho-related GTP-binding protein RhoC,RHOC,1,1067,7
PAQR1_HUMAN,Q96A54,ADIPOR1,Adiponectin receptor protein 1 ,6,15,2,23,bin_5,Adiponectin receptor protein 1,ADIPOR1,1,1306,4062
DQB1_HUMAN,Q9MYH2,HLA-DQB1,"HLA class II histocompatibility antigen, DQ beta 1 chain",3,8,12,23,bin_5,"HLA class II histocompatibility antigen, DQ beta 1 chain",HLA-DQB1,1,3844,2017
RIMS2_HUMAN,Q9UQ26,RIMS2,Regulating synaptic membrane exocytosis protein 2,3,15,5,23,bin_5,Regulating synaptic membrane exocytosis protein 2,RIMS2,1,65,549
EXOS7_HUMAN,Q15024,EXOSC7,Exosome complex component RRP42,3,12,8,23,bin_5,Exosome complex component RRP42,EXOSC7,1,7,1
ORAI1_HUMAN,Q96D31,ORAI1,Calcium release-activated calcium channel protein 1,4,13,6,23,bin_5,Calcium release-activated calcium channel protein 1,ORAI1,1,2168,1805
DPB1_HUMAN,Q9XS11,HLA-DPB1,"HLA class II histocompatibility antigen, DP beta 1 chain",2,9,12,23,bin_5,"HLA class II histocompatibility antigen, DP beta 1 chain",HLA-DPB1,1,1275,510
RMP_HUMAN,O94763,URI1,Unconventional prefoldin RPB5 interactor 1,6,9,8,23,bin_5,Unconventional prefoldin RPB5 interactor 1,URI1,1,70,16
MFNNACTYNE,Q9H2T5,PBRM1,Protein polybromo-1,2,13,8,23,bin_5,protein polybromo-1,PBRM1,1,630,67
MQRLCDKYNR,Q8TEK3,DOT1L,"Histone-lysine N-methyltransferase, H3 lysine-79 specific ",8,10,5,23,bin_5,"Histone-lysine N-methyltransferase, H3 lysine-79 specific",DOT1L,1,639,46
NRX2A_HUMAN,Q9P2S2,NRXN2,Neurexin-2,5,13,5,23,bin_5,Neurexin-2,NRXN2,1,78,30
RN213_HUMAN,Q8IZX2,RNF213,E3 ubiquitin-protein ligase RNF213 ,5,13,5,23,bin_5,E3 ubiquitin-protein ligase RNF213,RNF213,1,447,296
FABPL_HUMAN,P07148,FABP1,"Fatty acid-binding protein, liver",8,8,7,23,bin_5,"Fatty acid-binding protein, liver",FABP1,1,969,6800
DNJC5_HUMAN,Q9H3Z4,DNAJC5,DnaJ homolog subfamily C member 5 ,1,7,15,23,bin_5,DnaJ homolog subfamily C member 5,DNAJC5,1,66,13
RNF31_HUMAN,Q96EP0,RNF31,E3 ubiquitin-protein ligase RNF31,9,10,4,23,bin_5,E3 ubiquitin-protein ligase RNF31,RNF31,1,135,113
NLGNY_HUMAN,Q8NFZ3,NLGN4Y,"Neuroligin-4, Y-linked",4,10,9,23,bin_5,"Neuroligin-4, Y-linked",NLGN4Y,1,27,3
RPE65_HUMAN,Q16518,RPE65,Retinoid isomerohydrolase ,9,9,5,23,bin_5,Retinoid isomerohydrolase,RPE65,1,1126,656
DMAP1_HUMAN,Q9NPF5,DMAP1,DNA methyltransferase 1-associated protein 1,3,12,8,23,bin_5,DNA methyltransferase 1-associated protein 1,DMAP1,1,160,28
RRAGD_HUMAN,Q9NQL2,RRAGD,Ras-related GTP-binding protein D,6,8,9,23,bin_5,Ras-related GTP-binding protein D,RRAGD,1,50,4930
RS15_HUMAN,P62841,RPS15,Small ribosomal subunit protein uS19 ,5,9,9,23,bin_5,Small ribosomal subunit protein uS19,RPS15,1,230,7
RS5_HUMAN,P46782,RPS5,"Small ribosomal subunit protein uS7, N-terminally processed",4,6,13,23,bin_5,"Small ribosomal subunit protein uS7, N-terminally processed",RPS5,1,200,0
PAXI_HUMAN,P49023,PXN,Paxillin,5,11,7,23,bin_5,Paxillin,PXN,1,1157,3491
PDGFD_HUMAN,Q9GZP0,PDGFD,"Platelet-derived growth factor D, receptor-binding form",2,17,4,23,bin_5,"Platelet-derived growth factor D, receptor-binding form",PDGFD,1,376,1
RXRB_HUMAN,P28702,RXRB,Retinoic acid receptor RXR-beta,8,9,6,23,bin_5,Retinoic acid receptor RXR-beta,RXRB,1,100,162
PLCE1_HUMAN,Q9H9X8,PLCE1,"1-phosphatidylinositol 4,5-bisphosphate phosphodiesterase epsilon-1 ",6,13,4,23,bin_5,"1-phosphatidylinositol 4,5-bisphosphate phosphodiesterase epsilon-1",PLCE1,1,251,68
EF2_HUMAN,P13639,EEF2,Elongation factor 2,7,3,13,23,bin_5,Elongation factor 2,EEF2,1,1022,1859
PRGC2_HUMAN,Q8TDE5,PPARGC1B,Peroxisome proliferator-activated receptor gamma coactivator 1-beta,5,13,5,23,bin_5,Peroxisome proliferator-activated receptor gamma coactivator 1-beta,PPARGC1B,1,291,113
PRDX6_HUMAN,P30041,PRDX6,Peroxiredoxin-6,8,5,10,23,bin_5,Peroxiredoxin-6,PRDX6,1,655,777
PTX3_HUMAN,P26022,PTX3,Pentraxin-related protein PTX3 ,4,14,5,23,bin_5,Pentraxin-related protein PTX3,PTX3,1,2152,25
EAA4_HUMAN,P48664,SLC1A6,Excitatory amino acid transporter 4,6,10,7,23,bin_5,Excitatory amino acid transporter 4,SLC1A6,1,109,110
PODXL_HUMAN,O00592,PODXL,Podocalyxin,0,9,14,23,bin_5,Podocalyxin,PODXL,1,232,710
PYGL_HUMAN,Q96G82,PYGL,"Glycogen phosphorylase, liver form ",11,6,6,23,bin_5,"Glycogen phosphorylase, liver form",PYGL,1,155,292
EIF3E_HUMAN,P60228,EIF3E,Eukaryotic translation initiation factor 3 subunit E ,3,7,13,23,bin_5,Eukaryotic translation initiation factor 3 subunit E,EIF3E,1,110,85
PLXB1_HUMAN,O43157,PLXNB1,Plexin-B1,5,15,3,23,bin_5,Plexin-B1,PLXNB1,1,234,222
RAB5B_HUMAN,P61020,RAB5B,Ras-related protein Rab-5B,5,6,12,23,bin_5,Ras-related protein Rab-5B,RAB5B,1,105,4
PLPP1_HUMAN,O14494,PLPP1,Phospholipid phosphatase 1 ,6,11,6,23,bin_5,Phospholipid phosphatase 1,PLPP1,1,17,3688
PLPL8_HUMAN,Q9NP80,PNPLA8,Calcium-independent phospholipase A2-gamma ,5,12,6,23,bin_5,Calcium-independent phospholipase A2-gamma,PNPLA8,1,29,124
E2AK1_HUMAN,Q9UHG4,EIF2AK1,Eukaryotic translation initiation factor 2-alpha kinase 1 ,5,15,3,23,bin_5,Eukaryotic translation initiation factor 2-alpha kinase 1,EIF2AK1,1,62,274
PDLI1_HUMAN,O00151,PDLIM1,PDZ and LIM domain protein 1,5,10,8,23,bin_5,PDZ and LIM domain protein 1,PDLIM1,1,85,0
PKP4_HUMAN,Q99569,PKP4,Plakophilin-4,1,6,16,23,bin_5,Plakophilin-4,PKP4,1,55,18
GTPB4_HUMAN,Q9BZE4,GTPBP4,GTP-binding protein 4,4,11,8,23,bin_5,GTP-binding protein 4,GTPBP4,1,31,28245
EMX1_HUMAN,Q04741,EMX1,Homeobox protein EMX1 ,3,15,5,23,bin_5,Homeobox protein EMX1,EMX1,1,288,115
TIRSPVQIRN,Q9Y2J1,VPS13A,Intermembrane lipid transfer protein VPS13A ,0,12,11,23,bin_5,Intermembrane lipid transfer protein VPS13A,VPS13A,1,224,2
RASA1_HUMAN,P20936,RASA1,Ras GTPase-activating protein 1,6,13,4,23,bin_5,Ras GTPase-activating protein 1,RASA1,1,339,2602
PITM1_HUMAN,O00562,PITPNM1,Membrane-associated phosphatidylinositol transfer protein 1,7,6,10,23,bin_5,Membrane-associated phosphatidylinositol transfer protein 1,PITPNM1,1,31,26
EPHA1_HUMAN,P21709,EPHA1,Ephrin type-A receptor 1,6,15,2,23,bin_5,Ephrin type-A receptor 1,EPHA1,1,324,1508
DYH5_HUMAN,Q8TE73,DNAH5,Dynein axonemal heavy chain 5,5,10,8,23,bin_5,Dynein axonemal heavy chain 5,DNAH5,1,211,98
PGRP1_HUMAN,O75594,PGLYRP1,Peptidoglycan recognition protein 1,7,10,6,23,bin_5,Peptidoglycan recognition protein 1,PGLYRP1,1,193,251
DUS22_HUMAN,Q9NRW4,DUSP22,Dual specificity protein phosphatase 22 ,5,13,5,23,bin_5,Dual specificity protein phosphatase 22,DUSP22,1,185,239
GGRVFVHCQA,P28562,DUSP1,Dual specificity protein phosphatase 1 ,8,13,2,23,bin_5,Dual specificity protein phosphatase 1,DUSP1,1,1522,517
RCC1_HUMAN,P18754,RCC1,Regulator of chromosome condensation,8,8,7,23,bin_5,Regulator of chromosome condensation,RCC1,1,581,2656
RECQ4_HUMAN,O94761,RECQL4,ATP-dependent DNA helicase Q4,10,8,5,23,bin_5,ATP-dependent DNA helicase Q4,RECQL4,1,367,2355
NID1_HUMAN,P14543,NID1,Nidogen-1,8,9,6,23,bin_5,Nidogen-1,NID1,1,131,922
FCN2_HUMAN,Q15485,FCN2,Ficolin-2,7,8,8,23,bin_5,Ficolin-2,FCN2,1,127,202
VATH_HUMAN,Q9UI12,ATP6V1H,V-type proton ATPase subunit H,2,9,12,23,bin_5,V-type proton ATPase subunit H,ATP6V1H,1,33,97
LX12B_HUMAN,O75342,ALOX12B,"Arachidonate 12-lipoxygenase, 12R-type ",8,12,3,23,bin_5,"Arachidonate 12-lipoxygenase, 12R-type",ALOX12B,1,126,2
MD1L1_HUMAN,Q9Y6D9,MAD1L1,Mitotic spindle assembly checkpoint protein MAD1,2,9,12,23,bin_5,Mitotic spindle assembly checkpoint protein MAD1,MAD1L1,1,321,188
DAAF1_HUMAN,Q8NEP3,DNAAF1,Dynein axonemal assembly factor 1,1,15,7,23,bin_5,Dynein axonemal assembly factor 1,DNAAF1,1,29,32
SIAH1_HUMAN,Q8IUQ4,SIAH1,E3 ubiquitin-protein ligase SIAH1,5,14,4,23,bin_5,E3 ubiquitin-protein ligase SIAH1,SIAH1,1,343,245
MCM8_HUMAN,Q9UJA3,MCM8,DNA helicase MCM8,9,9,5,23,bin_5,DNA helicase MCM8,MCM8,1,128,90
MBD1_HUMAN,CSTCLLQLPH,MBD1,Methyl-CpG-binding domain protein 1 ,6,11,6,23,bin_5,Methyl-CpG-binding domain protein 1,MBD1,1,341,489
PSDE_HUMAN,O00487,PSMD14,26S proteasome non-ATPase regulatory subunit 14,6,8,9,23,bin_5,26S proteasome non-ATPase regulatory subunit 14,PSMD14,1,130,27
MAP4_HUMAN,P27816,MAP4,Microtubule-associated protein 4,4,9,10,23,bin_5,Microtubule-associated protein 4,MAP4,1,67011,66816
MAOX_HUMAN,P48163,ME1,NADP-dependent malic enzyme ,10,10,3,23,bin_5,NADP-dependent malic enzyme,ME1,1,679,288
SKAP1_HUMAN,Q86WV1,SKAP1,Src kinase-associated phosphoprotein 1,4,11,8,23,bin_5,Src kinase-associated phosphoprotein 1,SKAP1,1,84,66
MA2A1_HUMAN,Q16706,MAN2A1,Alpha-mannosidase 2,6,12,5,23,bin_5,Alpha-mannosidase 2,MAN2A1,1,37,1854
M4K4_HUMAN,O95819,MAP4K4,Mitogen-activated protein kinase kinase kinase kinase 4,6,15,2,23,bin_5,Mitogen-activated protein kinase kinase kinase kinase 4,MAP4K4,1,298,41318
SMC2_HUMAN,O95347,SMC2,Structural maintenance of chromosomes protein 2,4,8,11,23,bin_5,Structural maintenance of chromosomes protein 2,SMC2,1,204,1219
FOXE1_HUMAN,O00358,FOXE1,Forkhead box protein E1,5,16,2,23,bin_5,Forkhead box protein E1,FOXE1,1,316,107
CXB6_HUMAN,O95452,GJB6,Gap junction beta-6 protein,5,15,3,23,bin_5,Gap junction beta-6 protein,GJB6,1,632,560
SGPL1_HUMAN,O95470,SGPL1,Sphingosine-1-phosphate lyase 1 ,2,19,2,23,bin_5,Sphingosine-1-phosphate lyase 1,SGPL1,1,153,286
LRC8A_HUMAN,Q8IWT6,LRRC8A,Volume-regulated anion channel subunit LRRC8A ,3,14,6,23,bin_5,Volume-regulated anion channel subunit LRRC8A,LRRC8A,1,221,69
SMCR8_HUMAN,Q8TEV9,SMCR8,Guanine nucleotide exchange protein SMCR8 ,4,11,8,23,bin_5,Guanine nucleotide exchange protein SMCR8,SMCR8,1,48,40
SMRD2_HUMAN,Q92925,SMARCD2,SWI/SNF-related matrix-associated actin-dependent regulator of chromatin subfamily D member 2,2,11,10,23,bin_5,SWI/SNF-related matrix-associated actin-dependent regulator of chromatin subfamily D member 2,SMARCD2,1,33,14
SMUF2_HUMAN,Q9HAU4,SMURF2,E3 ubiquitin-protein ligase SMURF2,4,11,8,23,bin_5,E3 ubiquitin-protein ligase SMURF2,SMURF2,1,436,319
FOXK2_HUMAN,Q01167,FOXK2,Forkhead box protein K2 ,8,10,5,23,bin_5,Forkhead box protein K2,FOXK2,1,93,25
SNX17_HUMAN,Q15036,SNX17,Sorting nexin-17,3,11,9,23,bin_5,Sorting nexin-17,SNX17,1,73,35
FOXM1_HUMAN,Q08050,FOXM1,Forkhead box protein M1,5,15,3,23,bin_5,Forkhead box protein M1,FOXM1,1,2482,1640
LKHA4_HUMAN,P09960,LTA4H,Leukotriene A-4 hydrolase,8,8,7,23,bin_5,Leukotriene A-4 hydrolase,LTA4H,1,295,575
LIRA2_HUMAN,Q8N149,LILRA2,Leukocyte immunoglobulin-like receptor subfamily A member 2,4,17,2,23,bin_5,Leukocyte immunoglobulin-like receptor subfamily A member 2,LILRA2,1,49,41
FRIH_HUMAN,P02794,FTH1,"Ferritin heavy chain, N-terminally processed",6,7,10,23,bin_5,Ferritin heavy chain,FTH1,1,816,0
CTIP_HUMAN,Q99708,RBBP8,DNA endonuclease RBBP8,6,11,6,23,bin_5,DNA endonuclease RBBP8,RBBP8,1,297,30
LCAP_HUMAN,Q9UIQ6,LNPEP,"Leucyl-cystinyl aminopeptidase, pregnancy serum form",5,9,9,23,bin_5,"Leucyl-cystinyl aminopeptidase, pregnancy serum form",LNPEP,1,59,2
MD2L1_HUMAN,Q13257,MAD2L1,Mitotic spindle assembly checkpoint protein MAD2A,2,10,11,23,bin_5,Mitotic spindle assembly checkpoint protein MAD2A,MAD2L1,1,711,3
YKT6_HUMAN,O15498,YKT6,Synaptobrevin homolog YKT6,3,5,15,23,bin_5,Synaptobrevin homolog YKT6,YKT6,1,134,11
S10AD_HUMAN,Q99584,S100A13,Protein S100-A13,8,6,9,23,bin_5,Protein S100-A13,S100A13,1,129,1
DIC_HUMAN,Q9UBX3,SLC25A10,Mitochondrial dicarboxylate carrier ,7,12,4,23,bin_5,Mitochondrial dicarboxylate carrier,SLC25A10,1,41,254
S12A6_HUMAN,Q9UHW9,SLC12A6,Solute carrier family 12 member 6,5,13,5,23,bin_5,Solute carrier family 12 member 6,SLC12A6,1,1109,1028
NEO1_HUMAN,YKGNSKDVKP,NEO1,Neogenin,4,12,7,23,bin_5,Neogenin,NEO1,1,137,337
S27A5_HUMAN,Q9Y2P5,SLC27A5,Long-chain fatty acid transport protein 5 ,8,10,5,23,bin_5,Long-chain fatty acid transport protein 5,SLC27A5,1,62,445
NDUS2_HUMAN,O75306,NDUFS2,"NADH dehydrogenase [ubiquinone] iron-sulfur protein 2, mitochondrial",8,10,5,23,bin_5,"NADH dehydrogenase [ubiquinone] iron-sulfur protein 2, mitochondrial",NDUFS2,1,120,1544
NDUAD_HUMAN,Q9P0J0,NDUFA13,NADH dehydrogenase [ubiquinone] 1 alpha subcomplex subunit 13,2,14,7,23,bin_5,NADH dehydrogenase [ubiquinone] 1 alpha subcomplex subunit 13,NDUFA13,1,142,10
S36A1_HUMAN,Q7Z2H8,SLC36A1,Proton-coupled amino acid transporter 1 ,8,10,5,23,bin_5,Proton-coupled amino acid transporter 1,SLC36A1,1,139,179
S38A9_HUMAN,Q8NBW4,SLC38A9,Neutral amino acid transporter 9 ,11,7,5,23,bin_5,Neutral amino acid transporter 9,SLC38A9,1,72,2021
DESM_HUMAN,Q8TAC4,DES,Desmin,3,6,14,23,bin_5,Desmin,DES,1,627499,11560
S6A13_HUMAN,Q9NSD5,SLC6A13,Sodium- and chloride-dependent GABA transporter 2,8,10,5,23,bin_5,Sodium- and chloride-dependent GABA transporter 2,SLC6A13,1,103,29
DEF5_HUMAN,Q01523,DEFA5,HD5(63-94) ,1,14,8,23,bin_5,HD5(63-94),DEFA5,1,179,3
NCOA3_HUMAN,Q9Y6Q9,NCOA3,Nuclear receptor coactivator 3,8,8,7,23,bin_5,Nuclear receptor coactivator 3,NCOA3,1,629,702
DACH1_HUMAN,Q96SG4,DACH1,Dachshund homolog 1,4,13,6,23,bin_5,Dachshund homolog 1,DACH1,1,287,60
SAV1_HUMAN,Q9H4B6,SAV1,Protein salvador homolog 1,3,17,3,23,bin_5,Protein salvador homolog 1,SAV1,1,197,87
NAPEP_HUMAN,Q6IQ20,NAPEPLD,N-acyl-phosphatidylethanolamine-hydrolyzing phospholipase D ,5,8,10,23,bin_5,N-acyl-phosphatidylethanolamine-hydrolyzing phospholipase D,NAPEPLD,1,264,13
NANOG_HUMAN,Q9H9S0,NANOG,Homeobox protein NANOG,8,10,5,23,bin_5,Homeobox protein NANOG,NANOG,1,7200,2446
MVP_HUMAN,Q14764,MVP,Major vault protein,3,8,12,23,bin_5,Major vault protein,MVP,1,3253,663
MTSS1_HUMAN,O43312,MTSS1,Protein MTSS 1 ,5,13,5,23,bin_5,Protein MTSS 1,MTSS1,1,217,117
SDC1_HUMAN,P18827,SDC1,Syndecan-1 ,2,14,7,23,bin_5,Syndecan-1,SDC1,1,1674,3002
FLNB_HUMAN,Q6MZJ1,FLNB,Filamin-B,5,6,12,23,bin_5,Filamin-B,FLNB,1,188,1619
MK11_HUMAN,Q15759,MAPK11,Mitogen-activated protein kinase 11,4,15,4,23,bin_5,Mitogen-activated protein kinase 11,MAPK11,1,107,190
SEM3C_HUMAN,Q99985,SEMA3C,Semaphorin-3C,2,18,3,23,bin_5,Semaphorin-3C,SEMA3C,1,205,88
MFN2_HUMAN,O95140,MFN2,Mitofusin-2 ,3,16,4,23,bin_5,Mitofusin-2,MFN2,1,2545,1151
MEIS1_HUMAN,O00470,MEIS1,Homeobox protein Meis1,5,15,3,23,bin_5,Homeobox protein Meis1,MEIS1,1,799,516
PKP3_HUMAN,Q9Y446,PKP3,Plakophilin-3,5,9,9,23,bin_5,Plakophilin-3,PKP3,1,101,532
1433B_HUMAN,P31946,YWHAB,"14-3-3 protein beta/alpha, N-terminally processed",8,7,8,23,bin_5,14-3-3 protein beta/alpha,YWHAB,1,168,0
ATP9A_HUMAN,O75110,ATP9A,Probable phospholipid-transporting ATPase IIA,5,7,11,23,bin_5,Probable phospholipid-transporting ATPase IIA,ATP9A,1,29,1
ASIC1_HUMAN,P78348,ASIC1,Acid-sensing ion channel 1 ,3,14,6,23,bin_5,Acid-sensing ion channel 1,ASIC1,1,580,1266
DVPDVNIEGP,Q09666,AHNAK,Neuroblast differentiation-associated protein AHNAK,5,3,15,23,bin_5,Neuroblast differentiation-associated protein AHNAK,AHNAK,1,299,15
ADH4_HUMAN,P08319,ADH4,All-trans-retinol dehydrogenase [NAD(+)] ADH4 ,12,9,2,23,bin_5,All-trans-retinol dehydrogenase [NAD(+)] ADH4,ADH4,1,244,1
AT1B3_HUMAN,P54709,ATP1B3,Sodium/potassium-transporting ATPase subunit beta-3,3,13,7,23,bin_5,Sodium/potassium-transporting ATPase subunit beta-3,ATP1B3,1,58,0
AZIN2_HUMAN,Q96L56,AZIN2,Antizyme inhibitor 2,2,8,13,23,bin_5,Antizyme inhibitor 2,AZIN2,1,34,138
CD177_HUMAN,Q8N6Q3,CD177,CD177 antigen ,3,12,8,23,bin_5,CD177 antigen,CD177,1,375,253
FVECLKLNKK,Q9BV23,ABHD6,Monoacylglycerol lipase ABHD6 ,2,11,10,23,bin_5,Monoacylglycerol lipase ABHD6,ABHD6,1,144,110
CD22_HUMAN,Q92872,CD22,B-cell receptor CD22 ,6,8,9,23,bin_5,B-cell receptor CD22,CD22,1,2924,523
BICD2_HUMAN,Q8TD16,BICD2,Protein bicaudal D homolog 2,5,11,7,23,bin_5,Protein bicaudal D homolog 2,BICD2,1,181,14
CER1_HUMAN,O95813,CER1,Cerberus,4,17,2,23,bin_5,Cerberus,CER1,1,272,323
AKAP8_HUMAN,O43823,AKAP8,A-kinase anchor protein 8,6,9,8,23,bin_5,A-kinase anchor protein 8,AKAP8,1,66,235
ATS5_HUMAN,Q9UNA0,ADAMTS5,A disintegrin and metalloproteinase with thrombospondin motifs 5,9,9,5,23,bin_5,A disintegrin and metalloproteinase with thrombospondin motifs 5,ADAMTS5,1,1513,757
AQP3_HUMAN,Q92482,AQP3,Aquaporin-3,4,13,6,23,bin_5,Aquaporin-3,AQP3,1,1531,1047
ATG9A_HUMAN,Q9HAG7,ATG9A,Autophagy-related protein 9A ,1,6,16,23,bin_5,Autophagy-related protein 9A,ATG9A,1,276,61
BIRC7_HUMAN,Q96CA5,BIRC7,Baculoviral IAP repeat-containing protein 7 30kDa subunit,6,11,6,23,bin_5,Baculoviral IAP repeat-containing protein 7 30kDa subunit,BIRC7,1,273,0
AQP2_HUMAN,P41181,AQP2,Aquaporin-2,3,10,10,23,bin_5,Aquaporin-2,AQP2,1,2032,2151
BAG5_HUMAN,Q9UL15,BAG5,BAG family molecular chaperone regulator 5,4,11,8,23,bin_5,BAG family molecular chaperone regulator 5,BAG5,1,90,26
ALX4_HUMAN,Q9H161,ALX4,Homeobox protein aristaless-like 4,6,13,4,23,bin_5,Homeobox protein aristaless-like 4,ALX4,1,209,23
CATZ_HUMAN,Q9UBR2,CTSZ,Cathepsin Z,3,5,15,23,bin_5,Cathepsin Z,CTSZ,1,116,115
APBB2_HUMAN,Q92870,APBB2,Amyloid beta precursor protein binding family B member 2 ,1,13,9,23,bin_5,Amyloid beta precursor protein binding family B member 2,APBB2,1,47,29
4ET_HUMAN,Q9NRA8,EIF4ENIF1,Eukaryotic translation initiation factor 4E transporter ,4,11,8,23,bin_5,Eukaryotic translation initiation factor 4E transporter,EIF4ENIF1,1,72,297
ADA2B_HUMAN,P18089,ADRA2B,Alpha-2B adrenergic receptor,2,17,4,23,bin_5,Alpha-2B adrenergic receptor,ADRA2B,1,235,11140
BST1_HUMAN,Q10588,BST1,ADP-ribosyl cyclase/cyclic ADP-ribose hydrolase 2 ,4,13,6,23,bin_5,ADP-ribosyl cyclase/cyclic ADP-ribose hydrolase 2,BST1,1,171,1749
ABC3F_HUMAN,Q8IUX4,APOBEC3F,DNA dC->dU-editing enzyme APOBEC-3F ,5,13,5,23,bin_5,DNA dC->dU-editing enzyme APOBEC-3F,APOBEC3F,1,257,0
ALKB5_HUMAN,Q6P6C2,ALKBH5,RNA demethylase ALKBH5 ,6,11,6,23,bin_5,RNA demethylase ALKBH5,ALKBH5,1,815,417
CASQ1_HUMAN,P31415,CASQ1,Calsequestrin-1,2,11,10,23,bin_5,Calsequestrin-1,CASQ1,1,156,74
AURKC_HUMAN,Q9UQB9,AURKC,Aurora kinase C,5,8,10,23,bin_5,Aurora kinase C,AURKC,1,172,148
CHSTB_HUMAN,Q9NPF2,CHST11,Carbohydrate sulfotransferase 11,4,17,2,23,bin_5,Carbohydrate sulfotransferase 11,CHST11,1,88,253
AIRE_HUMAN,O43918,AIRE,Autoimmune regulator,6,12,5,23,bin_5,Autoimmune regulator,AIRE,1,2450,40425
CCND2_HUMAN,P30279,CCND2,G1/S-specific cyclin-D2 ,3,10,10,23,bin_5,G1/S-specific cyclin-D2,CCND2,1,1463,8
ADRB3_HUMAN,P13945,ADRB3,Beta-3 adrenergic receptor,6,15,2,23,bin_5,Beta-3 adrenergic receptor,ADRB3,1,459,2541
ACADM_HUMAN,P11310,ACADM,"Medium-chain specific acyl-CoA dehydrogenase, mitochondrial ",4,13,6,23,bin_5,"Medium-chain specific acyl-CoA dehydrogenase, mitochondrial",ACADM,1,255,143
B3A2_HUMAN,P04920,SLC4A2,Anion exchange protein 2,5,13,5,23,bin_5,Anion exchange protein 2,SLC4A2,1,107,3211
ADRB1_HUMAN,P08588,ADRB1,Beta-1 adrenergic receptor ,6,13,4,23,bin_5,Beta-1 adrenergic receptor,ADRB1,1,546,5908
CALX_HUMAN,P27824,CANX,Calnexin,4,7,12,23,bin_5,Calnexin,CANX,1,133,1847
ABCD2_HUMAN,Q9UBJ2,ABCD2,ATP-binding cassette sub-family D member 2,8,12,3,23,bin_5,ATP-binding cassette sub-family D member 2,ABCD2,1,486,60
AGAP2_HUMAN,Q99490,AGAP2,"Arf-GAP with GTPase, ANK repeat and PH domain-containing protein 2",9,6,8,23,bin_5,"Arf-GAP with GTPase, ANK repeat and PH domain-containing protein 2",AGAP2,1,174,4
AAKG1_HUMAN,P54619,PRKAG1,5'-AMP-activated protein kinase subunit gamma-1,8,9,6,23,bin_5,5'-AMP-activated protein kinase subunit gamma-1,PRKAG1,1,85,24
CCNT1_HUMAN,O60563,CCNT1,Cyclin-T1 ,9,9,5,23,bin_5,Cyclin-T1,CCNT1,1,253,880
CHD5_HUMAN,Q8TDI0,CHD5,Chromodomain-helicase-DNA-binding protein 5,9,6,8,23,bin_5,Chromodomain-helicase-DNA-binding protein 5,CHD5,1,143,172
C2TA_HUMAN,P33076,CIITA,MHC class II transactivator ,9,11,3,23,bin_5,MHC class II transactivator,CIITA,1,1157,1358
ARL6_HUMAN,Q9H0F7,ARL6,ADP-ribosylation factor-like protein 6,4,10,9,23,bin_5,ADP-ribosylation factor-like protein 6,ARL6,1,82,64
CAN1_HUMAN,P07384,CAPN1,Calpain-1 catalytic subunit ,3,8,12,23,bin_5,Calpain-1 catalytic subunit,CAPN1,1,495,31
SNX2_HUMAN,O60749,SNX2,Sorting nexin-2,9,4,11,24,bin_5,Sorting nexin-2,SNX2,1,103,20
DX39B_HUMAN,Q5STB4,DDX39B,Spliceosome RNA helicase DDX39B ,10,6,8,24,bin_5,Spliceosome RNA helicase DDX39B,DDX39B,1,133,10
CTR1_HUMAN,P30825,SLC7A1,High affinity cationic amino acid transporter 1,7,11,6,24,bin_5,High affinity cationic amino acid transporter 1,SLC7A1,1,235,17
CKAP5_HUMAN,Q14008,CKAP5,Cytoskeleton-associated protein 5,5,10,9,24,bin_5,Cytoskeleton-associated protein 5,CKAP5,1,158,353
SNX6_HUMAN,Q9UNH7,SNX6,"Sorting nexin-6, N-terminally processed",4,10,10,24,bin_5,Sorting nexin-6,SNX6,1,69,0
ABC3G_HUMAN,Q9HC16,APOBEC3G,DNA dC->dU-editing enzyme APOBEC-3G ,6,12,6,24,bin_5,DNA dC->dU-editing enzyme APOBEC-3G,APOBEC3G,1,1187,0
VA0D1_HUMAN,P61421,ATP6V0D1,V-type proton ATPase subunit d 1,2,8,14,24,bin_5,V-type proton ATPase subunit d 1,ATP6V0D1,1,35,20
DAF_HUMAN,Q14UF4,CD55,Complement decay-accelerating factor,2,11,11,24,bin_5,Complement decay-accelerating factor,CD55,1,2600,2264
UD18_HUMAN,Q9HAW9,UGT1A8,UDP-glucuronosyltransferase 1A8 ,8,14,2,24,bin_5,UDP-glucuronosyltransferase 1A8,UGT1A8,1,296,145
CXCL9_HUMAN,Q07325,CXCL9,C-X-C motif chemokine 9,4,17,3,24,bin_5,C-X-C motif chemokine 9,CXCL9,1,3782,885
SCN1A_HUMAN,KPIVEKHEQE,SCN1A,Sodium channel protein type 1 subunit alpha,2,12,10,24,bin_5,Sodium channel protein type 1 subunit alpha,SCN1A,1,1781,659
CIDEB_HUMAN,Q9UHD4,CIDEB,Lipid transferase CIDEB ,4,12,8,24,bin_5,Lipid transferase CIDEB,CIDEB,1,105,3
SIR5_HUMAN,Q9NXA8,SIRT5,"NAD-dependent protein deacylase sirtuin-5, mitochondrial ",7,12,5,24,bin_5,"NAD-dependent protein deacylase sirtuin-5, mitochondrial",SIRT5,1,558,10
PUM1_HUMAN,Q14671,PUM1,Pumilio homolog 1 ,3,15,6,24,bin_5,Pumilio homolog 1,PUM1,1,226,36
DC1L1_HUMAN,Q9Y6G9,DYNC1LI1,Cytoplasmic dynein 1 light intermediate chain 1,6,6,12,24,bin_5,Cytoplasmic dynein 1 light intermediate chain 1,DYNC1LI1,1,55,107
UBE2C_HUMAN,O00762,UBE2C,Ubiquitin-conjugating enzyme E2 C,5,13,6,24,bin_5,Ubiquitin-conjugating enzyme E2 C,UBE2C,1,500,1128
AMPE_HUMAN,Q07075,ENPEP,Glutamyl aminopeptidase,4,10,10,24,bin_5,Glutamyl aminopeptidase,ENPEP,1,82,921
SKP1_HUMAN,P63208,SKP1,S-phase kinase-associated protein 1,7,9,8,24,bin_5,S-phase kinase-associated protein 1,SKP1,1,1649,846
SIN1_HUMAN,Q699U1,MAPKAP1,Target of rapamycin complex 2 subunit MAPKAP1,8,9,7,24,bin_5,Target of rapamycin complex 2 subunit MAPKAP1,MAPKAP1,1,321,11
CXG1_HUMAN,P36383,GJC1,Gap junction gamma-1 protein,4,12,8,24,bin_5,Gap junction gamma-1 protein,GJC1,1,39,12
E2F4_HUMAN,Q16254,E2F4,Transcription factor E2F4,10,10,4,24,bin_5,Transcription factor E2F4,E2F4,1,812,593
RDH10_HUMAN,Q8IZV5,RDH10,Retinol dehydrogenase 10,3,17,4,24,bin_5,Retinol dehydrogenase 10,RDH10,1,127,117
RALB_HUMAN,P11234,RALB,Ras-related protein Ral-B,6,15,3,24,bin_5,Ras-related protein Ral-B,RALB,1,248,1
SCN8A_HUMAN,Q9UQD0,SCN8A,Sodium channel protein type 8 subunit alpha,3,8,13,24,bin_5,Sodium channel protein type 8 subunit alpha,SCN8A,1,660,165
CLN5_HUMAN,O75503,CLN5,"Bis(monoacylglycero)phosphate synthase CLN5, secreted form",4,11,9,24,bin_5,"Bis(monoacylglycero)phosphate synthase CLN5, secreted form",CLN5,1,222,0
TWF1_HUMAN,Q86XL6,TWF1,Twinfilin-1,6,8,10,24,bin_5,Twinfilin-1,TWF1,1,66,27
RAD18_HUMAN,Q9NS91,RAD18,E3 ubiquitin-protein ligase RAD18,9,6,9,24,bin_5,E3 ubiquitin-protein ligase RAD18,RAD18,1,561,264
PRS8_HUMAN,P62195,PSMC5,26S proteasome regulatory subunit 8,7,6,11,24,bin_5,26S proteasome regulatory subunit 8,PSMC5,1,167,70
DAB1_HUMAN,Q6NWS9,DAB1,Disabled homolog 1,0,20,4,24,bin_5,Disabled homolog 1,DAB1,1,588,655
PTPRD_HUMAN,P23468,PTPRD,Receptor-type tyrosine-protein phosphatase delta,4,14,6,24,bin_5,Receptor-type tyrosine-protein phosphatase delta,PTPRD,1,356,3
SCNNA_HUMAN,P37088,SCNN1A,Amiloride-sensitive sodium channel subunit alpha,2,11,11,24,bin_5,Amiloride-sensitive sodium channel subunit alpha,SCNN1A,1,319,351
S38A5_HUMAN,Q8WUX1,SLC38A5,Sodium-coupled neutral amino acid transporter 5 ,9,14,1,24,bin_5,Sodium-coupled neutral amino acid transporter 5,SLC38A5,1,72,49
ZO2_HUMAN,Q8N756,TJP2,Tight junction protein ZO-2,7,10,7,24,bin_5,Tight junction protein ZO-2,TJP2,1,281,426
DDX6_HUMAN,P26196,DDX6,Probable ATP-dependent RNA helicase DDX6 ,8,8,8,24,bin_5,Probable ATP-dependent RNA helicase DDX6,DDX6,1,272,0
AK1C2_HUMAN,P52895,AKR1C2,Aldo-keto reductase family 1 member C2 ,11,12,1,24,bin_5,Aldo-keto reductase family 1 member C2,AKR1C2,1,451,21
AK1A1_HUMAN,P14550,AKR1A1,Aldo-keto reductase family 1 member A1,9,10,5,24,bin_5,Aldo-keto reductase family 1 member A1,AKR1A1,1,116,22
ABCG5_HUMAN,Q9H222,ABCG5,ATP-binding cassette sub-family G member 5 ,7,14,3,24,bin_5,ATP-binding cassette sub-family G member 5,ABCG5,1,977,123
TET1_HUMAN,Q8NFU7,TET1,Methylcytosine dioxygenase TET1,6,16,2,24,bin_5,Methylcytosine dioxygenase TET1,TET1,1,1516,384
TENN_HUMAN,Q9UQP3,TNN,Tenascin-N ,2,15,7,24,bin_5,Tenascin-N,TNN,1,1651,25
CP4FC_HUMAN,Q9HCS2,CYP4F12,Cytochrome P450 4F12 ,7,13,4,24,bin_5,Cytochrome P450 4F12,CYP4F12,1,49,8
TCPE_HUMAN,P48643,CCT5,T-complex protein 1 subunit epsilon,9,9,6,24,bin_5,T-complex protein 1 subunit epsilon,CCT5,1,112,24
SFRP4_HUMAN,Q6FHJ7,SFRP4,Secreted frizzled-related protein 4,1,19,4,24,bin_5,Secreted frizzled-related protein 4,SFRP4,1,563,218
TBB3_HUMAN,Q13509,TUBB3,Tubulin beta-3 chain,6,4,14,24,bin_5,Tubulin beta-3 chain,TUBB3,1,987,45
AOFB_HUMAN,P27338,MAOB,Amine oxidase [flavin-containing] B ,6,13,5,24,bin_5,Amine oxidase [flavin-containing] B,MAOB,1,3703,7732
CETN2_HUMAN,P41208,CETN2,Centrin-2,4,8,12,24,bin_5,Centrin-2,CETN2,1,107,99
AP2B1_HUMAN,P63010,AP2B1,AP-2 complex subunit beta,2,9,13,24,bin_5,AP-2 complex subunit beta,AP2B1,1,43,123
DLX3_HUMAN,O60479,DLX3,Homeobox protein DLX-3,8,13,3,24,bin_5,Homeobox protein DLX-3,DLX3,1,293,15
STAT2_HUMAN,P52630,STAT2,Signal transducer and activator of transcription 2,5,11,8,24,bin_5,Signal transducer and activator of transcription 2,STAT2,1,1619,1127
CPEB4_HUMAN,Q17RY0,CPEB4,Cytoplasmic polyadenylation element-binding protein 4,6,7,11,24,bin_5,Cytoplasmic polyadenylation element-binding protein 4,CPEB4,1,144,107
SQRVRFTKEI,Q9UL18,AGO1,Protein argonaute-1,6,10,8,24,bin_5,protein,AGO1,1,1023,199
STMN1_HUMAN,P16949,STMN1,Stathmin,1,17,6,24,bin_5,Stathmin,STMN1,1,743,1413
SYAP1_HUMAN,Q96A49,SYAP1,Synapse-associated protein 1 ,0,9,15,24,bin_5,Synapse-associated protein 1,SYAP1,1,17,306
SRR_HUMAN,Q9GZT4,SRR,Serine racemase ,12,8,4,24,bin_5,Serine racemase,SRR,1,2084,486
TF_HUMAN,P13726,F3,Tissue factor,3,14,7,24,bin_5,Tissue factor,F3,1,20582,311213
RFFL_HUMAN,Q8WZ73,RFFL,E3 ubiquitin-protein ligase rififylin ,6,11,7,24,bin_5,E3 ubiquitin-protein ligase rififylin,RFFL,1,33,8
ARF1_HUMAN,P84077,ARF1,ADP-ribosylation factor 1,5,10,9,24,bin_5,ADP-ribosylation factor 1,ARF1,1,1186,951
ANR27_HUMAN,Q96NW4,ANKRD27,Ankyrin repeat domain-containing protein 27,4,8,12,24,bin_5,Ankyrin repeat domain-containing protein 27,ANKRD27,1,20,14
DTL_HUMAN,Q9NZJ0,DTL,Denticleless protein homolog,1,14,9,24,bin_5,Denticleless protein homolog,DTL,1,691,23
ALBU_HUMAN,Q8IUK7,ALB,Albumin,10,3,11,24,bin_5,Albumin,ALB,1,9651,314174
S40A1_HUMAN,Q9NP59,SLC40A1,Ferroportin ,5,12,7,24,bin_5,Ferroportin,SLC40A1,1,345,2408
SOX13_HUMAN,Q9UN79,SOX13,Transcription factor SOX-13,9,11,4,24,bin_5,Transcription factor SOX-13,SOX13,1,115,531
TNNI3_HUMAN,P19429,TNNI3,"Troponin I, cardiac muscle",8,13,3,24,bin_5,"Troponin I, cardiac muscle",TNNI3,1,305,4433
DSG2_HUMAN,Q14126,DSG2,Desmoglein-2,3,10,11,24,bin_5,Desmoglein-2,DSG2,1,521,508
RFA2_HUMAN,P15927,RPA2,Replication protein A 32 kDa subunit,7,10,7,24,bin_5,Replication protein A 32 kDa subunit,RPA2,1,330,73
DHH_HUMAN,O43323,DHH,Desert hedgehog protein N-product,5,15,4,24,bin_5,Desert hedgehog protein N-product,DHH,1,1153,1
ABCG8_HUMAN,Q9H221,ABCG8,ATP-binding cassette sub-family G member 8 ,7,14,3,24,bin_5,ATP-binding cassette sub-family G member 8,ABCG8,1,812,77
RFX3_HUMAN,Q95HL6,RFX3,Transcription factor RFX3,6,14,4,24,bin_5,Transcription factor RFX3,RFX3,1,72,46
S22A6_HUMAN,Q9UBG6,SLC22A6,Solute carrier family 22 member 6 ,10,8,6,24,bin_5,Solute carrier family 22 member 6,SLC22A6,1,313,391
RGS4_HUMAN,P49798,RGS4,Regulator of G-protein signaling 4,5,15,4,24,bin_5,Regulator of G-protein signaling 4,RGS4,1,736,11828
S19A1_HUMAN,P41440,SLC19A1,Reduced folate transporter ,9,11,4,24,bin_5,Reduced folate transporter,SLC19A1,1,580,1638
ANXA4_HUMAN,P09525,ANXA4,Annexin A4 ,7,7,10,24,bin_5,Annexin A4,ANXA4,1,120,455
S10A7_HUMAN,P31151,S100A7,Protein S100-A7,5,10,9,24,bin_5,Protein S100-A7,S100A7,1,638,18
ZNT8_HUMAN,Q8IWU4,SLC30A8,Proton-coupled zinc antiporter SLC30A8 ,4,13,7,24,bin_5,Proton-coupled zinc antiporter SLC30A8,SLC30A8,1,606,0
LCSAKRLKLL,Q9H830,RIF1,Telomere-associated protein RIF1 ,0,12,12,24,bin_5,Telomere-associated protein RIF1,RIF1,1,897,11
TBX18_HUMAN,O95935,TBX18,T-box transcription factor TBX18,5,15,4,24,bin_5,T-box transcription factor TBX18,TBX18,1,239,137
NCOR1_HUMAN,O75376,NCOR1,Nuclear receptor corepressor 1,6,10,8,24,bin_5,Nuclear receptor corepressor 1,NCOR1,1,789,4556
PRP8_HUMAN,Q6P2Q9,PRPF8,Pre-mRNA-processing-splicing factor 8,7,7,10,24,bin_5,Pre-mRNA-processing-splicing factor 8,PRPF8,1,170,7
NFAC3_HUMAN,Q12968,NFATC3,"Nuclear factor of activated T-cells, cytoplasmic 3 ",5,13,6,24,bin_5,"Nuclear factor of activated T-cells, cytoplasmic 3",NFATC3,1,476,789
NFKB2_HUMAN,Q00653,NFKB2,Nuclear factor NF-kappa-B p52 subunit,5,13,6,24,bin_5,Nuclear factor NF-kappa-B p52 subunit,NFKB2,1,518,729
NGN3_HUMAN,Q9Y4Z2,NEUROG3,Neurogenin-3,7,15,2,24,bin_5,Neurogenin-3,NEUROG3,1,598,326
CAPG_HUMAN,P40121,CAPG,Macrophage-capping protein,5,6,13,24,bin_5,Macrophage-capping protein,CAPG,1,269,57
IP3KA_HUMAN,P23677,ITPKA,Inositol-trisphosphate 3-kinase A ,6,11,7,24,bin_5,Inositol-trisphosphate 3-kinase A,ITPKA,1,60,107
NKG2D_HUMAN,P26718,KLRK1,NKG2-D type II integral membrane protein,5,15,4,24,bin_5,NKG2-D type II integral membrane protein,KLRK1,1,1503,5
CARL2_HUMAN,Q6F5E8,CARMIL2,"Capping protein, Arp2/3 and myosin-I linker protein 2 ",2,12,10,24,bin_5,CARMIL2,CARMIL2,1,35,6
KIF1A_HUMAN,Q59GH1,KIF1A,Kinesin-like protein KIF1A,6,9,9,24,bin_5,Kinesin-like protein KIF1A,KIF1A,1,392,3
NKX26_HUMAN,A6NCS4,NKX2-6,Homeobox protein Nkx-2.6,4,18,2,24,bin_5,Homeobox protein Nkx-2.6,NKX2-6,1,34,1
BCAS3_HUMAN,Q9H957,BCAS3,BCAS3 microtubule associated cell migration factor ,7,10,7,24,bin_5,BCAS3 microtubule associated cell migration factor,BCAS3,1,61,3
NLK_HUMAN,Q9UBE8,NLK,Serine/threonine-protein kinase NLK,9,11,4,24,bin_5,Serine/threonine-protein kinase NLK,NLK,1,378,168
FAT1_HUMAN,Q14517,FAT1,"Protocadherin Fat 1, nuclear form",1,13,10,24,bin_5,"Protocadherin Fat 1, nuclear form",FAT1,1,954,0
NONO_HUMAN,Q15233,NONO,Non-POU domain-containing octamer-binding protein ,4,11,9,24,bin_5,Non-POU domain-containing octamer-binding protein,NONO,1,1641,92
CART_HUMAN,Q16568,CARTPT,CART(42-89),1,20,3,24,bin_5,CART(42-89),CARTPT,1,87,5
NPAS4_HUMAN,Q8IUM7,NPAS4,Neuronal PAS domain-containing protein 4 ,6,13,5,24,bin_5,Neuronal PAS domain-containing protein 4,NPAS4,1,258,28
NPNT_HUMAN,E9PCQ1,NPNT,Nephronectin,2,16,6,24,bin_5,Nephronectin,NPNT,1,100,105
NRIP1_HUMAN,P48552,NRIP1,Nuclear receptor-interacting protein 1,9,7,8,24,bin_5,Nuclear receptor-interacting protein 1,NRIP1,1,291,307
CCG3_HUMAN,O60359,CACNG3,Voltage-dependent calcium channel gamma-3 subunit,4,10,10,24,bin_5,Voltage-dependent calcium channel gamma-3 subunit,CACNG3,1,14,24
M3K12_HUMAN,Q12852,MAP3K12,Mitogen-activated protein kinase kinase kinase 12,8,11,5,24,bin_5,Mitogen-activated protein kinase kinase kinase 12,MAP3K12,1,50,136
CATIN_HUMAN,Q8WUQ7,CACTIN,Splicing factor Cactin ,1,16,7,24,bin_5,Splicing factor Cactin,CACTIN,1,45,10
GIPR_HUMAN,P48546,GIPR,Gastric inhibitory polypeptide receptor,5,17,2,24,bin_5,Gastric inhibitory polypeptide receptor,GIPR,1,523,588
F107A_HUMAN,O95990,FAM107A,Actin-associated protein FAM107A ,1,14,9,24,bin_5,Actin-associated protein FAM107A,FAM107A,1,81,0
NUDT3_HUMAN,O95989,NUDT3,Diphosphoinositol polyphosphate phosphohydrolase 1 ,13,8,3,24,bin_5,Diphosphoinositol polyphosphate phosphohydrolase 1,NUDT3,1,45,24
IFT88_HUMAN,Q13099,IFT88,Intraflagellar transport protein 88 homolog,1,10,13,24,bin_5,Intraflagellar transport protein 88 homolog,IFT88,1,412,10
CCNT2_HUMAN,O60583,CCNT2,Cyclin-T2 ,6,12,6,24,bin_5,Cyclin-T2,CCNT2,1,43,626
IFT57_HUMAN,Q9NWB7,IFT57,Intraflagellar transport protein 57 homolog,1,13,10,24,bin_5,Intraflagellar transport protein 57 homolog,IFT57,1,62,1
NFAT5_HUMAN,O94916,NFAT5,Nuclear factor of activated T-cells 5,6,13,5,24,bin_5,NFAT5,NFAT5,1,628,2783
GCM1_HUMAN,Q9NP62,GCM1,Chorion-specific transcription factor GCMa,8,13,3,24,bin_5,Chorion-specific transcription factor GCMa,GCM1,1,203,1
EXOS5_HUMAN,Q9NQT4,EXOSC5,Exosome complex component RRP46,3,12,9,24,bin_5,Exosome complex component RRP46,EXOSC5,1,36,1
BEST1_HUMAN,O76090,BEST1,Bestrophin-1 ,6,10,8,24,bin_5,Bestrophin-1,BEST1,1,609,545
MICA_HUMAN,Q9UE06,MICA,MHC class I polypeptide-related sequence A,4,15,5,24,bin_5,MHC class I polypeptide-related sequence A,MICA,1,6800,116
BPTF_HUMAN,Q12830,BPTF,Nucleosome-remodeling factor subunit BPTF,4,10,10,24,bin_5,Nucleosome-remodeling factor subunit BPTF,BPTF,1,188,17
KCNK1_HUMAN,O00180,KCNK1,Potassium channel subfamily K member 1,6,6,12,24,bin_5,Potassium channel subfamily K member 1,KCNK1,1,114,605
KCC1A_HUMAN,Q14012,CAMK1,Calcium/calmodulin-dependent protein kinase type 1,4,18,2,24,bin_5,Calcium/calmodulin-dependent protein kinase type 1,CAMK1,1,181,272
MEIS2_HUMAN,Q9NRS2,MEIS2,Homeobox protein Meis2,7,14,3,24,bin_5,Homeobox protein Meis2,MEIS2,1,265,159
KCNK2_HUMAN,Q9UNE3,KCNK2,Potassium channel subfamily K member 2,3,12,9,24,bin_5,Potassium channel subfamily K member 2,KCNK2,1,106,459
K2C8_HUMAN,Q6GMY0,KRT8,"Keratin, type II cytoskeletal 8",2,7,15,24,bin_5,"Keratin, type II cytoskeletal 8",KRT8,1,481,182
MYH14_HUMAN,Q9BW35,MYH14,Myosin-14,4,9,11,24,bin_5,Myosin-14,MYH14,1,126,8
FIS1_HUMAN,Q9Y3D6,FIS1,Mitochondrial fission 1 protein,3,14,7,24,bin_5,Mitochondrial fission 1 protein,FIS1,1,956,6801
CD63_HUMAN,P08962,CD63,CD63 antigen,0,9,15,24,bin_5,CD63 antigen,CD63,1,4111,1503
MYO10_HUMAN,Q9HD67,MYO10,Unconventional myosin-X,7,5,12,24,bin_5,Unconventional myosin-X,MYO10,1,180,44
K1C18_HUMAN,P05783,KRT18,"Keratin, type I cytoskeletal 18",4,7,13,24,bin_5,"Keratin, type I cytoskeletal 18",KRT18,1,448,129
MECOM_HUMAN,Q13465,MECOM,Histone-lysine N-methyltransferase MECOM ,10,10,4,24,bin_5,Histone-lysine N-methyltransferase MECOM,MECOM,1,701,16
KDM3A_HUMAN,Q9Y4C1,KDM3A,Lysine-specific demethylase 3A,6,11,7,24,bin_5,Lysine-specific demethylase 3A,KDM3A,1,278,21
NCOR2_HUMAN,Q9Y618,NCOR2,Nuclear receptor corepressor 2 ,7,10,7,24,bin_5,Nuclear receptor corepressor 2,NCOR2,1,578,3346
NDE1_HUMAN,Q9NXR1,NDE1,Nuclear distribution protein nudE homolog 1,2,13,9,24,bin_5,Nuclear distribution protein nudE homolog 1,NDE1,1,178,11
GBRA2_HUMAN,P47869,GABRA2,Gamma-aminobutyric acid receptor subunit alpha-2 ,5,5,14,24,bin_5,Gamma-aminobutyric acid receptor subunit alpha-2,GABRA2,1,353,417
BI1_HUMAN,P55061,TMBIM6,Bax inhibitor 1,3,14,7,24,bin_5,Bax inhibitor 1,TMBIM6,1,150,9265
MCP_HUMAN,Q9NNW4,CD46,Membrane cofactor protein,3,15,6,24,bin_5,Membrane cofactor protein,CD46,1,5084,4388
CCL8_HUMAN,P80075,CCL8,MCP-2(6-76),6,17,1,24,bin_5,MCP-2(6-76),CCL8,1,777,1
ZBED1_HUMAN,O96006,ZBED1,E3 SUMO-protein ligase ZBED1 ,12,6,6,24,bin_5,E3 SUMO-protein ligase ZBED1,ZBED1,1,21,1
ITB7_HUMAN,P26010,ITGB7,Integrin beta-7,4,12,8,24,bin_5,Integrin beta-7,ITGB7,1,87,400
CCL4_HUMAN,P13236,CCL4,MIP-1-beta(3-69),6,16,2,24,bin_5,CCL4,CCL4,1,15214,1
WNT6_HUMAN,Q9Y6F9,WNT6,Protein Wnt-6,2,13,9,24,bin_5,Protein Wnt-6,WNT6,1,288,22
FGF20_HUMAN,Q9NP95,FGF20,Fibroblast growth factor 20,5,16,3,24,bin_5,Fibroblast growth factor 20,FGF20,1,219,6400
GBRB2_HUMAN,P47870,GABRB2,Gamma-aminobutyric acid receptor subunit beta-2 ,5,9,10,24,bin_5,Gamma-aminobutyric acid receptor subunit beta-2,GABRB2,1,247,571
NECD_HUMAN,Q99608,NDN,Necdin,3,14,7,24,bin_5,Necdin,NDN,1,520,226
NEUL1_HUMAN,O76050,NEURL1,E3 ubiquitin-protein ligase NEURL1,4,14,6,24,bin_5,E3 ubiquitin-protein ligase NEURL1,NEURL1,1,39,16
GBRL2_HUMAN,P60520,GABARAPL2,Gamma-aminobutyric acid receptor-associated protein-like 2 ,7,9,8,24,bin_5,Gamma-aminobutyric acid receptor-associated protein-like 2,GABARAPL2,1,241,609
CDN2B_HUMAN,P42772,CDKN2B,Cyclin-dependent kinase 4 inhibitor B,2,19,3,24,bin_5,Cyclin-dependent kinase 4 inhibitor B,CDKN2B,1,2138,1543
FOXD1_HUMAN,Q16676,FOXD1,Forkhead box protein D1,7,15,2,24,bin_5,Forkhead box protein D1,FOXD1,1,301,409
KIF5A_HUMAN,Q12840,KIF5A,Kinesin heavy chain isoform 5A,6,8,10,24,bin_5,Kinesin heavy chain isoform 5A,KIF5A,1,266,6
GP143_HUMAN,P51810,GPR143,G-protein coupled receptor 143,5,11,8,24,bin_5,G-protein coupled receptor 143,GPR143,1,206,1761
PHF8_HUMAN,Q7Z6D4,PHF8,Histone lysine demethylase PHF8,13,7,4,24,bin_5,Histone lysine demethylase PHF8,PHF8,1,157,116
GPAT1_HUMAN,Q9HCL2,GPAM,"Glycerol-3-phosphate acyltransferase 1, mitochondrial ",2,19,3,24,bin_5,"Glycerol-3-phosphate acyltransferase 1, mitochondrial",GPAM,1,208,187
LPIN1_HUMAN,F5GY24,LPIN1,Phosphatidate phosphatase LPIN1 ,2,13,9,24,bin_5,Phosphatidate phosphatase LPIN1,LPIN1,1,491,297
EXOS2_HUMAN,Q13868,EXOSC2,Exosome complex component RRP4 ,3,12,9,24,bin_5,Exosome complex component RRP4,EXOSC2,1,30,10
PINX1_HUMAN,Q96BK5,PINX1,PIN2/TERF1-interacting telomerase inhibitor 1,3,14,7,24,bin_5,PIN2/TERF1-interacting telomerase inhibitor 1,PINX1,1,140,8
KS6A5_HUMAN,O75582,RPS6KA5,Ribosomal protein S6 kinase alpha-5,8,13,3,24,bin_5,Ribosomal protein S6 kinase alpha-5,RPS6KA5,1,37,0
PJA2_HUMAN,O43164,PJA2,E3 ubiquitin-protein ligase Praja-2,5,10,9,24,bin_5,E3 ubiquitin-protein ligase Praja-2,PJA2,1,36,1
HVCN1_HUMAN,Q96D96,HVCN1,Voltage-gated hydrogen channel 1,4,12,8,24,bin_5,Voltage-gated hydrogen channel 1,HVCN1,1,169,565
ASXL1_HUMAN,Q8IXJ9,ASXL1,Polycomb group protein ASXL1,6,16,2,24,bin_5,Polycomb group protein ASXL1,ASXL1,1,1556,75
FUT9_HUMAN,Q9Y231,FUT9,4-galactosyl-N-acetylglucosaminide 3-alpha-L-fucosyltransferase 9 ,4,16,4,24,bin_5,4-galactosyl-N-acetylglucosaminide 3-alpha-L-fucosyltransferase 9,FUT9,1,71,0
LIPG_HUMAN,Q9Y5X9,LIPG,Endothelial lipase,7,12,5,24,bin_5,Endothelial lipase,LIPG,1,355,1463
EMD_HUMAN,P50402,EMD,Emerin,3,9,12,24,bin_5,Emerin,EMD,1,11168,712
GRHL3_HUMAN,Q8TE85,GRHL3,Grainyhead-like protein 3 homolog ,5,16,3,24,bin_5,Grainyhead-like protein 3 homolog,GRHL3,1,206,9
XRN2_HUMAN,Q9H0D6,XRN2,5'-3' exoribonuclease 2,8,11,5,24,bin_5,5'-3' exoribonuclease 2,XRN2,1,187,165
XRCC2_HUMAN,O43543,XRCC2,DNA repair protein XRCC2,3,15,6,24,bin_5,DNA repair protein XRCC2,XRCC2,1,455,307
PLXA4_HUMAN,Q9HCM2,PLXNA4,Plexin-A4,1,20,3,24,bin_5,Plexin-A4,PLXNA4,1,112,48
GRK5_HUMAN,P34947,GRK5,G protein-coupled receptor kinase 5,7,12,5,24,bin_5,G protein-coupled receptor kinase 5,GRK5,1,521,358
FUT8_HUMAN,Q9BYC5,FUT8,"Alpha-(1,6)-fucosyltransferase",3,16,5,24,bin_5,"Alpha-(1,6)-fucosyltransferase",FUT8,1,363,262
EIF3A_HUMAN,Q14152,EIF3A,Eukaryotic translation initiation factor 3 subunit A ,5,6,13,24,bin_5,Eukaryotic translation initiation factor 3 subunit A,EIF3A,1,232,702
HDBP1_HUMAN,Q8IV16,GPIHBP1,Glycosylphosphatidylinositol-anchored high density lipoprotein-binding protein 1,7,11,6,24,bin_5,Glycosylphosphatidylinositol-anchored high density lipoprotein-binding protein 1,GPIHBP1,1,285,102
HDAC7_HUMAN,Q9BR73,HDAC7,Histone deacetylase 7,10,10,4,24,bin_5,Histone deacetylase 7,HDAC7,1,431,7408
PRC1_HUMAN,O43663,PRC1,Protein regulator of cytokinesis 1 ,4,6,14,24,bin_5,protein,PRC1,1,1629,1995
FST_HUMAN,KHSGSCNSIS,FST,Follistatin ,3,17,4,24,bin_5,Follistatin,FST,1,12177,3001
LAMC1_HUMAN,P11047,LAMC1,Laminin subunit gamma-1,1,13,10,24,bin_5,Laminin subunit gamma-1,LAMC1,1,239,87
PRD14_HUMAN,Q9GZV8,PRDM14,PR domain zinc finger protein 14,5,16,3,24,bin_5,PR domain zinc finger protein 14,PRDM14,1,195,37
ARX_HUMAN,Q96QS3,ARX,Homeobox protein ARX,7,15,2,24,bin_5,Homeobox protein ARX,ARX,1,1022,307
FTO_HUMAN,Q9C0B1,FTO,Alpha-ketoglutarate-dependent dioxygenase FTO ,6,11,7,24,bin_5,Alpha-ketoglutarate-dependent dioxygenase FTO,FTO,1,5041,1909
PROM1_HUMAN,O43490,PROM1,Prominin-1,3,7,14,24,bin_5,Prominin-1,PROM1,1,2905,3632
PHF10_HUMAN,Q8WUB8,PHF10,PHD finger protein 10,4,12,8,24,bin_5,PHD finger protein 10,PHF10,1,50,126
PIHD1_HUMAN,Q9NWS0,PIH1D1,PIH1 domain-containing protein 1,5,12,7,24,bin_5,PIH1 domain-containing protein 1,PIH1D1,1,33,6
KCNE3_HUMAN,Q9Y6H6,KCNE3,Potassium voltage-gated channel subfamily E member 3,3,12,9,24,bin_5,Potassium voltage-gated channel subfamily E member 3,KCNE3,1,188,25
PAPD5_HUMAN,Q8NDF8,TENT4B,Terminal nucleotidyltransferase 4B ,6,13,5,24,bin_5,Terminal nucleotidyltransferase 4B,TENT4B,1,34,43
KLOT_HUMAN,Q9UEF7,KL,Klotho peptide,6,12,6,24,bin_5,Klotho peptide,KL,1,19320,1851
KIF5C_HUMAN,O60282,KIF5C,Kinesin heavy chain isoform 5C,6,9,9,24,bin_5,Kinesin heavy chain isoform 5C,KIF5C,1,112,0
GNAI3_HUMAN,P08754,GNAI3,Guanine nucleotide-binding protein G(i) subunit alpha-3,6,7,11,24,bin_5,Guanine nucleotide-binding protein G(i) subunit alpha-3,GNAI3,1,174,0
LST8_HUMAN,Q9BVC4,MLST8,Target of rapamycin complex subunit LST8 ,1,17,6,24,bin_5,Target of rapamycin complex subunit LST8,MLST8,1,128,19
IFNL1_HUMAN,Q8IU54,IFNL1,Interferon lambda-1,3,18,3,24,bin_5,Interferon lambda-1,IFNL1,1,65,79
PAWR_HUMAN,Q96IZ0,PAWR,PRKC apoptosis WT1 regulator protein,4,14,6,24,bin_5,PRKC apoptosis WT1 regulator protein,PAWR,1,70,269
IFT27_HUMAN,Q9BW83,IFT27,Intraflagellar transport protein 27 homolog,2,10,12,24,bin_5,Intraflagellar transport protein 27 homolog,IFT27,1,48,5
ATG4B_HUMAN,Q9Y4P1,ATG4B,Cysteine protease ATG4B ,5,13,6,24,bin_5,Cysteine protease ATG4B,ATG4B,1,386,177
GNAS1_HUMAN,Q5JWF2,GNAS,Guanine nucleotide-binding protein G(s) subunit alpha isoforms XLas,11,7,6,24,bin_5,Guanine nucleotide-binding protein G(s) subunit alpha isoforms XLas,GNAS,1,2047,0
GLRX2_HUMAN,Q9NS18,GLRX2,"Glutaredoxin-2, mitochondrial",7,10,7,24,bin_5,"Glutaredoxin-2, mitochondrial",GLRX2,1,114,282
ZIC1_HUMAN,Q15915,ZIC1,Zinc finger protein ZIC 1,6,15,3,24,bin_5,Zinc finger protein ZIC 1,ZIC1,1,341,55
HYAL3_HUMAN,O43820,HYAL3,Hyaluronidase-3,2,13,9,24,bin_5,Hyaluronidase-3,HYAL3,1,65,21
HXD9_HUMAN,P28356,HOXD9,Homeobox protein Hox-D9,6,14,4,24,bin_5,Homeobox protein Hox-D9,HOXD9,1,143,2
HXD13_HUMAN,P35453,HOXD13,Homeobox protein Hox-D13,7,15,2,24,bin_5,Homeobox protein Hox-D13,HOXD13,1,467,9
HXA2_HUMAN,O43364,HOXA2,Homeobox protein Hox-A2,4,17,3,24,bin_5,Homeobox protein Hox-A2,HOXA2,1,247,6
VPP4_HUMAN,Q9HBG4,ATP6V0A4,V-type proton ATPase 116 kDa subunit a 4,2,8,14,24,bin_5,V-type proton ATPase 116 kDa subunit a 4,ATP6V0A4,1,115,3
EXO1_HUMAN,Q9UQ84,EXO1,Exonuclease 1,11,9,4,24,bin_5,Exonuclease 1,EXO1,1,986,963
IAPP_HUMAN,P10997,IAPP,Islet amyloid polypeptide,6,16,2,24,bin_5,Islet amyloid polypeptide,IAPP,1,3868,3489
DLG2_HUMAN,Q15700,DLG2,Disks large homolog 2,4,9,12,25,bin_5,Disks large homolog 2,DLG2,1,202,958
NGF_HUMAN,P01138,NGF,Beta-nerve growth factor ,4,13,8,25,bin_5,Beta-nerve growth factor,NGF,1,17762,44611
WIPI1_HUMAN,Q5MNZ9,WIPI1,WD repeat domain phosphoinositide-interacting protein 1,6,8,11,25,bin_5,WD repeat domain phosphoinositide-interacting protein 1,WIPI1,1,123,81
DLG3_HUMAN,Q92796,DLG3,Disks large homolog 3,5,9,11,25,bin_5,Disks large homolog 3,DLG3,1,152,747
WASF1_HUMAN,Q92558,WASF1,Actin-binding protein WASF1 ,4,13,8,25,bin_5,Actin-binding protein WASF1,WASF1,1,147,129
NEUM_HUMAN,P17677,GAP43,Neuromodulin,4,12,9,25,bin_5,Neuromodulin,GAP43,1,3376,3214
ANM6_HUMAN,Q96LA8,PRMT6,Protein arginine N-methyltransferase 6,11,11,3,25,bin_5,protein arginine N-methyltransferase 6,PRMT6,1,219,435
SELK_HUMAN,Q9Y6D0,SELENOK,Selenoprotein K ,1,20,4,25,bin_5,Selenoprotein K,SELENOK,1,45,761
NDF2_HUMAN,Q15784,NEUROD2,Neurogenic differentiation factor 2,6,17,2,25,bin_5,Neurogenic differentiation factor 2,NEUROD2,1,154,1285
BL1S2_HUMAN,Q6QNY1,BLOC1S2,Biogenesis of lysosome-related organelles complex 1 subunit 2,1,15,9,25,bin_5,Biogenesis of lysosome-related organelles complex 1 subunit 2,BLOC1S2,1,29,40
BKRB2_HUMAN,P30411,BDKRB2,B2 bradykinin receptor,5,16,4,25,bin_5,B2 bradykinin receptor,BDKRB2,1,170,3744
NAT10_HUMAN,Q9H0A0,NAT10,RNA cytidine acetyltransferase ,8,9,8,25,bin_5,RNA cytidine acetyltransferase,NAT10,1,243,104
BIRC6_HUMAN,Q9NR09,BIRC6,Baculoviral IAP repeat-containing protein 6,3,12,10,25,bin_5,Baculoviral IAP repeat-containing protein 6,BIRC6,1,178,146
Z385A_HUMAN,Q96PM9,ZNF385A,Zinc finger protein 385A,5,13,7,25,bin_5,Zinc finger protein 385A,ZNF385A,1,15,2
SAMP_HUMAN,P02743,APCS,Serum amyloid P-component(1-203),6,13,6,25,bin_5,Serum amyloid P-component,APCS,1,10989,0
SEC13_HUMAN,LLTYTGEGQW,SEC13,Protein SEC13 homolog ,2,11,12,25,bin_5,protein,SEC13,1,261,30
DIAP1_HUMAN,O60610,DIAPH1,Protein diaphanous homolog 1,5,10,10,25,bin_5,protein,DIAPH1,1,298,42
SCN2A_HUMAN,Q99250,SCN2A,Sodium channel protein type 2 subunit alpha ,2,13,10,25,bin_5,Sodium channel protein type 2 subunit alpha,SCN2A,1,858,600
DCE2_HUMAN,Q05329,GAD2,Glutamate decarboxylase 2 ,4,9,12,25,bin_5,Glutamate decarboxylase 2,GAD2,1,660,1422
DGKZ_HUMAN,Q8IVW9,DGKZ,Diacylglycerol kinase zeta ,6,11,8,25,bin_5,Diacylglycerol kinase zeta,DGKZ,1,69,344
MKS1_HUMAN,Q9NXB0,MKS1,Tectonic-like complex member MKS1 ,0,18,7,25,bin_5,Tectonic-like complex member MKS1,MKS1,1,137,2
CD9_HUMAN,P21926,CD9,CD9 antigen ,1,13,11,25,bin_5,CD9 antigen,CD9,1,2970,1283
DHB1_HUMAN,P14061,HSD17B1,17-beta-hydroxysteroid dehydrogenase type 1 ,13,10,2,25,bin_5,17-beta-hydroxysteroid dehydrogenase type 1,HSD17B1,1,340,419
RUXF_HUMAN,P62306,SNRPF,Small nuclear ribonucleoprotein F,1,5,19,25,bin_5,Small nuclear ribonucleoprotein F,SNRPF,1,24,281
DPA1_HUMAN,Q5EY03,HLA-DPA1,"HLA class II histocompatibility antigen, DP alpha 1 chain",3,10,12,25,bin_5,"HLA class II histocompatibility antigen, DP alpha 1 chain",HLA-DPA1,1,403,219
WAC2C_HUMAN,Q9UG79,WASHC2C,WASH complex subunit 2C ,9,8,8,25,bin_5,WASH complex subunit 2C,WASHC2C,1,6,2
AQP11_HUMAN,Q8NBQ7,AQP11,Aquaporin-11 ,3,14,8,25,bin_5,Aquaporin-11,AQP11,1,146,43
PCFT_HUMAN,Q96NT5,SLC46A1,Proton-coupled folate transporter ,8,9,8,25,bin_5,Proton-coupled folate transporter,SLC46A1,1,187,294
ATOH8_HUMAN,Q96SQ7,ATOH8,Transcription factor ATOH8 ,5,15,5,25,bin_5,Transcription factor ATOH8,ATOH8,1,73,56
PDLI4_HUMAN,P50479,PDLIM4,PDZ and LIM domain protein 4,6,4,15,25,bin_5,PDZ and LIM domain protein 4,PDLIM4,1,76,0
PE2R4_HUMAN,P35408,PTGER4,Prostaglandin E2 receptor EP4 subtype,1,22,2,25,bin_5,Prostaglandin E2 receptor EP4 subtype,PTGER4,1,811,1487
PELI1_HUMAN,Q96FA3,PELI1,E3 ubiquitin-protein ligase pellino homolog 1,2,19,4,25,bin_5,E3 ubiquitin-protein ligase pellino homolog 1,PELI1,1,162,6
ARFP2_HUMAN,P53365,ARFIP2,Arfaptin-2 ,9,9,7,25,bin_5,Arfaptin-2,ARFIP2,1,41,17
RBM24_HUMAN,Q9BX46,RBM24,RNA-binding protein 24 ,5,17,3,25,bin_5,RNA-binding protein 24,RBM24,1,97,16408
ARGI2_HUMAN,P78540,ARG2,"Arginase-2, mitochondrial",2,20,3,25,bin_5,"Arginase-2, mitochondrial",ARG2,1,868,34
PI51C_HUMAN,O60331,PIP5K1C,Phosphatidylinositol 4-phosphate 5-kinase type-1 gamma ,3,12,10,25,bin_5,Phosphatidylinositol 4-phosphate 5-kinase type-1 gamma,PIP5K1C,1,65,15
ARHG5_HUMAN,Q12774,ARHGEF5,Rho guanine nucleotide exchange factor 5,3,13,9,25,bin_5,Rho guanine nucleotide exchange factor 5,ARHGEF5,1,41,746
RASF2_HUMAN,P50749,RASSF2,Ras association domain-containing protein 2,1,16,8,25,bin_5,Ras association domain-containing protein 2,RASSF2,1,131,300
PLPL2_HUMAN,Q96AD5,PNPLA2,Patatin-like phospholipase domain-containing protein 2 ,7,10,8,25,bin_5,Patatin-like phospholipase domain-containing protein 2,PNPLA2,1,722,356
RAB8B_HUMAN,Q92930,RAB8B,Ras-related protein Rab-8B,5,8,12,25,bin_5,Ras-related protein Rab-8B,RAB8B,1,95,0
E2F7_HUMAN,Q96AV8,E2F7,Transcription factor E2F7,8,13,4,25,bin_5,Transcription factor E2F7,E2F7,1,249,148
E2F8_HUMAN,A0AVK6,E2F8,Transcription factor E2F8,8,12,5,25,bin_5,Transcription factor E2F8,E2F8,1,180,138
EHD4_HUMAN,Q9H223,EHD4,EH domain-containing protein 4 ,5,9,11,25,bin_5,EH domain-containing protein 4,EHD4,1,58,79
RARYVQCARA,Q96T60,PNKP,Polynucleotide 5'-hydroxyl-kinase,7,13,5,25,bin_5,Polynucleotide 5'-hydroxyl-kinase,PNKP,1,203,553
PPID_HUMAN,Q08752,PPID,Peptidyl-prolyl cis-trans isomerase D ,7,13,5,25,bin_5,Peptidyl-prolyl cis-trans isomerase D,PPID,1,352,1370
ECM1_HUMAN,Q16610,ECM1,Extracellular matrix protein 1,2,17,6,25,bin_5,Extracellular matrix protein 1,ECM1,1,417,135190
PRDM9_HUMAN,Q9NQV7,PRDM9,Histone-lysine N-methyltransferase PRDM9 ,11,11,3,25,bin_5,Histone-lysine N-methyltransferase PRDM9,PRDM9,1,296,190
PRDX1_HUMAN,Q06830,PRDX1,Peroxiredoxin-1,5,14,6,25,bin_5,Peroxiredoxin-1,PRDX1,1,751,4795
PTGIS_HUMAN,Q16647,PTGIS,Prostacyclin synthase,6,14,5,25,bin_5,Prostacyclin synthase,PTGIS,1,152,736
PTF1A_HUMAN,Q7RTS3,PTF1A,Pancreas transcription factor 1 subunit alpha,8,13,4,25,bin_5,Pancreas transcription factor 1 subunit alpha,PTF1A,1,403,255
PROF2_HUMAN,P35080,PFN2,Profilin-2,4,14,7,25,bin_5,Profilin-2,PFN2,1,115,1761
RHOQ_HUMAN,P17081,RHOQ,Rho-related GTP-binding protein RhoQ,5,15,5,25,bin_5,Rho-related GTP-binding protein RhoQ,RHOQ,1,118,0
APBA1_HUMAN,Q02410,APBA1,Amyloid-beta A4 precursor protein-binding family A member 1,1,13,11,25,bin_5,Amyloid-beta A4 precursor protein-binding family A member 1,APBA1,1,161,0
EST1_HUMAN,Q9ULY2,CES1,Liver carboxylesterase 1 ,4,16,5,25,bin_5,Liver carboxylesterase 1,CES1,1,637,5603
FBSP1_HUMAN,P0C2W1,FBXO45,F-box/SPRY domain-containing protein 1,1,12,12,25,bin_5,F-box/SPRY domain-containing protein 1,FBXO45,1,65,3
NOCT_HUMAN,Q9UK39,NOCT,Nocturnin ,6,13,6,25,bin_5,Nocturnin,NOCT,1,95,81
BATF_HUMAN,Q16520,BATF,Basic leucine zipper transcriptional factor ATF-like,6,14,5,25,bin_5,Basic leucine zipper transcriptional factor ATF-like,BATF,1,393,120
RNF34_HUMAN,Q969K3,RNF34,E3 ubiquitin-protein ligase RNF34 ,5,12,8,25,bin_5,E3 ubiquitin-protein ligase RNF34,RNF34,1,49,16
NOTC3_HUMAN,Q9UM47,NOTCH3,Notch 3 intracellular domain,5,12,8,25,bin_5,Notch 3 intracellular domain,NOTCH3,1,2440,618
STSDYKDNFG,Q14004,CDK13,Cyclin-dependent kinase 13,8,6,11,25,bin_5,Cyclin-dependent kinase 13,CDK13,1,133,4782
RNF14_HUMAN,Q9UBS8,RNF14,E3 ubiquitin-protein ligase RNF14 ,6,13,6,25,bin_5,E3 ubiquitin-protein ligase RNF14,RNF14,1,37,8
BAG4_HUMAN,O95429,BAG4,BAG family molecular chaperone regulator 4,5,15,5,25,bin_5,BAG family molecular chaperone regulator 4,BAG4,1,80,24
APH1A_HUMAN,GLVVGSHLLT,APH1A,Gamma-secretase subunit APH-1A,3,10,12,25,bin_5,Gamma-secretase subunit APH-1A,APH1A,1,142,16
NR1D2_HUMAN,Q14995,NR1D2,Nuclear receptor subfamily 1 group D member 2 ,6,15,4,25,bin_5,Nuclear receptor subfamily 1 group D member 2,NR1D2,1,176,0
BABA2_HUMAN,Q9NXR7,BABAM2,BRISC and BRCA1-A complex member 2 ,3,15,7,25,bin_5,BRISC and BRCA1-A complex member 2,BABAM2,1,50,3
DNM3L_HUMAN,Q9UJW3,DNMT3L,DNA (cytosine-5)-methyltransferase 3-like,5,14,6,25,bin_5,DNA (cytosine-5)-methyltransferase 3-like,DNMT3L,1,381,31
FA20C_HUMAN,Q8IXL6,FAM20C,Extracellular serine/threonine protein kinase FAM20C ,7,12,6,25,bin_5,Extracellular serine/threonine protein kinase FAM20C,FAM20C,1,187,75
RN112_HUMAN,Q9ULX5,RNF112,RING finger protein 112,4,10,11,25,bin_5,RING finger protein 112,RNF112,1,11,29
NSMF_HUMAN,Q9NPS3,NSMF,NMDA receptor synaptonuclear signaling and neuronal migration factor,1,8,16,25,bin_5,NMDA receptor synaptonuclear signaling and neuronal migration factor,NSMF,1,80,4
NTRK3_HUMAN,Q16288,NTRK3,NT-3 growth factor receptor,5,17,3,25,bin_5,NT-3 growth factor receptor,NTRK3,1,994,1007
CD33_HUMAN,P20138,CD33,Myeloid cell surface antigen CD33,5,12,8,25,bin_5,CD33,CD33,1,4034,1548
OBSCN_HUMAN,Q9HCL6,OBSCN,Obscurin,15,3,7,25,bin_5,Obscurin,OBSCN,1,163,171
3BP1_HUMAN,Q9Y3L3,SH3BP1,SH3 domain-binding protein 1 ,3,15,7,25,bin_5,SH3 domain-binding protein 1,SH3BP1,1,25,313
OSTP_HUMAN,P10451,SPP1,Osteopontin ,4,14,7,25,bin_5,Osteopontin,SPP1,1,5432,13083
P4K2A_HUMAN,Q9BTU6,PI4K2A,Phosphatidylinositol 4-kinase type 2-alpha,4,4,17,25,bin_5,Phosphatidylinositol 4-kinase type 2-alpha,PI4K2A,1,42,11
EXOS8_HUMAN,Q96B26,EXOSC8,Exosome complex component RRP43,2,11,12,25,bin_5,Exosome complex component RRP43,EXOSC8,1,32,2
RING2_HUMAN,Q99496,RNF2,E3 ubiquitin-protein ligase RING2,5,10,10,25,bin_5,E3 ubiquitin-protein ligase RING2,RNF2,1,276,61
PACN1_HUMAN,Q9BY11,PACSIN1,Protein kinase C and casein kinase substrate in neurons protein 1,3,10,12,25,bin_5,protein,PACSIN1,1,94,27
PAK3_HUMAN,Q7Z3Z8,PAK3,Serine/threonine-protein kinase PAK 3,7,13,5,25,bin_5,Serine/threonine-protein kinase PAK 3,PAK3,1,241,3064
SF3B1_HUMAN,O75533,SF3B1,Splicing factor 3B subunit 1,3,9,13,25,bin_5,Splicing factor 3B subunit 1,SF3B1,1,1377,137
GSTM2_HUMAN,P28161,GSTM2,Glutathione S-transferase Mu 2 ,7,13,5,25,bin_5,Glutathione S-transferase Mu 2,GSTM2,1,209,92
BSN_HUMAN,Q9UPA5,BSN,Protein bassoon ,3,7,15,25,bin_5,protein,BSN,1,4239,311
AGRIN_HUMAN,O00468,AGRN,Agrin C-terminal 22 kDa fragment,7,10,8,25,bin_5,Agrin C-terminal 22 kDa fragment,AGRN,1,132,10
IRX3_HUMAN,P78415,IRX3,Iroquois-class homeodomain protein IRX-3,5,16,4,25,bin_5,Iroquois-class homeodomain protein IRX-3,IRX3,1,282,1
ABEC1_HUMAN,P41238,APOBEC1,C->U-editing enzyme APOBEC-1 ,4,16,5,25,bin_5,C->U-editing enzyme APOBEC-1,APOBEC1,1,526,5
KKGKLDDYQE,Q14444,CAPRIN1,Caprin-1 ,6,9,10,25,bin_5,Caprin-1,CAPRIN1,1,157,56
IRAK2_HUMAN,O43187,IRAK2,Interleukin-1 receptor-associated kinase-like 2,6,14,5,25,bin_5,Interleukin-1 receptor-associated kinase-like 2,IRAK2,1,227,10
IQGA2_HUMAN,Q13576,IQGAP2,Ras GTPase-activating-like protein IQGAP2,8,5,12,25,bin_5,Ras GTPase-activating-like protein IQGAP2,IQGAP2,1,133,3
IP3KB_HUMAN,P27987,ITPKB,Inositol-trisphosphate 3-kinase B ,4,15,6,25,bin_5,Inositol-trisphosphate 3-kinase B,ITPKB,1,95,29
TIM_HUMAN,Q9UNS1,TIMELESS,Protein timeless homolog,2,18,5,25,bin_5,protein timeless homolog,TIMELESS,1,1247,54
CP19A_HUMAN,P11511,CYP19A1,Aromatase ,7,15,3,25,bin_5,Aromatase,CYP19A1,1,11103,19735
TLR1_HUMAN,Q15399,TLR1,Toll-like receptor 1,6,12,7,25,bin_5,Toll-like receptor 1,TLR1,1,1962,790
TN13B_HUMAN,Q9Y275,TNFSF13B,"Tumor necrosis factor ligand superfamily member 13b, soluble form",4,13,8,25,bin_5,"Tumor necrosis factor ligand superfamily member 13b, soluble form",TNFSF13B,1,1416,44
A16L1_HUMAN,Q9H619,ATG16L1,Autophagy-related protein 16-1 ,4,12,9,25,bin_5,Autophagy-related protein 16-1,ATG16L1,1,1059,24
IL4RA_HUMAN,Q9H185,IL4R,Soluble interleukin-4 receptor subunit alpha,2,17,6,25,bin_5,Soluble interleukin-4 receptor subunit alpha,IL4R,1,1309,36
TOM1_HUMAN,O60784,TOM1,Target of Myb1 membrane trafficking protein ,6,8,11,25,bin_5,Target of Myb1 membrane trafficking protein,TOM1,1,211,5
COBL_HUMAN,Q8TCM1,COBL,Protein cordon-bleu,1,12,12,25,bin_5,cordon-bleu protein,COBL,1,108,41
ADDB_HUMAN,Q6P0P2,ADD2,Beta-adducin,9,10,6,25,bin_5,Beta-adducin,ADD2,1,81,721
CP2CJ_HUMAN,P33261,CYP2C19,Cytochrome P450 2C19,14,7,4,25,bin_5,Cytochrome P450 2C19,CYP2C19,1,6822,1692
ITAL_HUMAN,P20701,ITGAL,Integrin alpha-L ,4,13,8,25,bin_5,Integrin alpha-L,ITGAL,1,175,320
CAC1G_HUMAN,ARAGAGEVEL,CACNA1G,Voltage-dependent T-type calcium channel subunit alpha-1G,5,16,4,25,bin_5,Voltage-dependent T-type calcium channel subunit alpha-1G,CACNA1G,1,458,10
KI16B_HUMAN,Q9BQM0,KIF16B,Kinesin-like protein KIF16B,8,9,8,25,bin_5,Kinesin-like protein KIF16B,KIF16B,1,39,0
GA45A_HUMAN,P24522,GADD45A,Growth arrest and DNA damage-inducible protein GADD45 alpha,4,17,4,25,bin_5,Growth arrest and DNA damage-inducible protein GADD45 alpha,GADD45A,1,1142,33
KDM4A_HUMAN,O75164,KDM4A,Lysine-specific demethylase 4A,8,11,6,25,bin_5,Lysine-specific demethylase 4A,KDM4A,1,348,27
SYNE2_HUMAN,Q8WWW3,SYNE2,Nesprin-2 ,2,6,17,25,bin_5,Nesprin-2,SYNE2,1,165,105
KCNN4_HUMAN,O15554,KCNN4,Intermediate conductance calcium-activated potassium channel protein 4,6,13,6,25,bin_5,Intermediate conductance calcium-activated potassium channel protein 4,KCNN4,1,671,412
AGO4_HUMAN,Q9HCK5,AGO4,Protein argonaute-4 ,4,13,8,25,bin_5,protein,AGO4,1,247,31
KCMA1_HUMAN,Q96LG8,KCNMA1,Calcium-activated potassium channel subunit alpha-1,6,13,6,25,bin_5,Calcium-activated potassium channel subunit alpha-1,KCNMA1,1,805,42
CALRL_HUMAN,Q16602,CALCRL,Calcitonin gene-related peptide type 1 receptor ,5,13,7,25,bin_5,Calcitonin gene-related peptide type 1 receptor,CALCRL,1,377,790
T53I1_HUMAN,Q96A56,TP53INP1,Tumor protein p53-inducible nuclear protein 1,1,18,6,25,bin_5,Tumor protein p53-inducible nuclear protein 1,TP53INP1,1,259,174
GBB1_HUMAN,P62873,GNB1,Guanine nucleotide-binding protein G(I)/G(S)/G(T) subunit beta-1,4,11,10,25,bin_5,Guanine nucleotide-binding protein G(I)/G(S)/G(T) subunit beta-1,GNB1,1,178,0
CADM1_HUMAN,X5D2C8,CADM1,Cell adhesion molecule 1 ,4,14,7,25,bin_5,Cell adhesion molecule 1,CADM1,1,608,33085
KAPCB_HUMAN,Q5BNF2,PRKACB,cAMP-dependent protein kinase catalytic subunit beta,7,10,8,25,bin_5,cAMP-dependent protein kinase catalytic subunit beta,PRKACB,1,157,575
KAP3_HUMAN,P31323,PRKAR2B,cAMP-dependent protein kinase type II-beta regulatory subunit,6,7,12,25,bin_5,cAMP-dependent protein kinase type II-beta regulatory subunit,PRKAR2B,1,161,24
ITB8_HUMAN,P26012,ITGB8,Integrin beta-8 ,3,16,6,25,bin_5,Integrin beta-8,ITGB8,1,150,88
IL1AP_HUMAN,VVILIVVYHV,IL1RAP,Interleukin-1 receptor accessory protein,6,15,4,25,bin_5,Interleukin-1 receptor accessory protein,IL1RAP,1,283,452
8ODP_HUMAN,P36639,NUDT1,Oxidized purine nucleoside triphosphate hydrolase ,11,6,8,25,bin_5,Oxidized purine nucleoside triphosphate hydrolase,NUDT1,1,116,134
TPSN_HUMAN,Q9UIZ6,TAPBP,Tapasin ,9,8,8,25,bin_5,Tapasin,TAPBP,1,66,558
UBP13_HUMAN,Q92995,USP13,Ubiquitin carboxyl-terminal hydrolase 13,10,12,3,25,bin_5,Ubiquitin carboxyl-terminal hydrolase 13,USP13,1,127,472
HPS4_HUMAN,Q9NQG7,HPS4,BLOC-3 complex member HPS4 ,4,12,9,25,bin_5,BLOC-3 complex member HPS4,HPS4,1,90,2
HPCA_HUMAN,P84074,HPCA,Neuron-specific calcium-binding protein hippocalcin ,4,11,10,25,bin_5,hippocalcin,HPCA,1,328,11
HNRPC_HUMAN,Q96HK7,HNRNPC,Heterogeneous nuclear ribonucleoproteins C1/C2,7,6,12,25,bin_5,Heterogeneous nuclear ribonucleoproteins C1/C2,HNRNPC,1,358,82
CLD4_HUMAN,O14493,CLDN4,Claudin-4 ,4,12,9,25,bin_5,Claudin-4,CLDN4,1,670,1405
CIDEA_HUMAN,O60543,CIDEA,Lipid transferase CIDEA ,3,16,6,25,bin_5,Lipid transferase CIDEA,CIDEA,1,599,51
HLAC_HUMAN,Q9TPX2,HLA-C,"HLA class I histocompatibility antigen, C alpha chain",3,6,16,25,bin_5,"HLA class I histocompatibility antigen, C alpha chain",HLA-C,1,4649,270
UBP15_HUMAN,Q9Y4E8,USP15,Ubiquitin carboxyl-terminal hydrolase 15 ,8,11,6,25,bin_5,Ubiquitin carboxyl-terminal hydrolase 15,USP15,1,215,520
CLIP3_HUMAN,Q96DZ5,CLIP3,CAP-Gly domain-containing linker protein 3,3,11,11,25,bin_5,CAP-Gly domain-containing linker protein 3,CLIP3,1,16,5
GRM1_HUMAN,Q9UGS9,GRM1,Metabotropic glutamate receptor 1,6,12,7,25,bin_5,Metabotropic glutamate receptor 1,GRM1,1,217,7835
CLCA_HUMAN,P09496,CLTA,Clathrin light chain A,5,5,15,25,bin_5,Clathrin light chain A,CLTA,1,98,423
UBR4_HUMAN,ILLCEDGSLR,UBR4,E3 ubiquitin-protein ligase UBR4 ,4,11,10,25,bin_5,E3 ubiquitin-protein ligase UBR4,UBR4,1,101,69
HDA10_HUMAN,Q969S8,HDAC10,Polyamine deacetylase HDAC10,8,11,6,25,bin_5,Polyamine deacetylase HDAC10,HDAC10,1,184,14
HCN1_HUMAN,O60741,HCN1,Potassium/sodium hyperpolarization-activated cyclic nucleotide-gated channel 1,8,10,7,25,bin_5,Potassium/sodium hyperpolarization-activated cyclic nucleotide-gated channel 1,HCN1,1,759,7
ABI1_HUMAN,Q9NYB8,ABI1,Abl interactor 1,5,9,11,25,bin_5,Abl interactor 1,ABI1,1,621,68
GPNMB_HUMAN,Q14956,GPNMB,Transmembrane glycoprotein NMB,5,16,4,25,bin_5,Transmembrane glycoprotein NMB,GPNMB,1,632,43
GLNA_HUMAN,P15104,GLUL,Glutamine synthetase ,5,11,9,25,bin_5,Glutamine synthetase,GLUL,1,251,9765
IF122_HUMAN,Q53G36,IFT122,Intraflagellar transport protein 122 homolog ,0,17,8,25,bin_5,Intraflagellar transport protein 122 homolog,IFT122,1,52,2
TR150_HUMAN,Q9Y2W1,THRAP3,Thyroid hormone receptor-associated protein 3,10,10,5,25,bin_5,Thyroid hormone receptor-associated protein 3,THRAP3,1,60,56
CO4A3_HUMAN,Q9UDL1,COL4A3,Tumstatin,4,13,8,25,bin_5,Tumstatin,COL4A3,1,643,563
TRAK1_HUMAN,Q9UPV9,TRAK1,Trafficking kinesin-binding protein 1,3,10,12,25,bin_5,Trafficking kinesin-binding protein 1,TRAK1,1,70,18
V2R_HUMAN,P30518,AVPR2,Vasopressin V2 receptor,2,15,8,25,bin_5,Vasopressin V2 receptor,AVPR2,1,362,9214
IF6_HUMAN,P56537,EIF6,Eukaryotic translation initiation factor 6 ,3,13,9,25,bin_5,Eukaryotic translation initiation factor 6,EIF6,1,211,3069
ACOX1_HUMAN,Q7Z3W5,ACOX1,"Peroxisomal acyl-CoA oxidase 1, C chain ",7,13,5,25,bin_5,"Peroxisomal acyl-CoA oxidase 1, C chain",ACOX1,1,620,11
CBLB_HUMAN,Q13191,CBLB,E3 ubiquitin-protein ligase CBL-B,6,15,4,25,bin_5,E3 ubiquitin-protein ligase CBL-B,CBLB,1,682,359
GPC1_HUMAN,P35052,GPC1,Secreted glypican-1,3,7,15,25,bin_5,Secreted glypican-1,GPC1,1,286,1270
TRIB3_HUMAN,Q96RU7,TRIB3,Tribbles homolog 3,7,14,4,25,bin_5,Tribbles homolog 3,TRIB3,1,570,214
TRIP4_HUMAN,Q15650,TRIP4,Activating signal cointegrator 1 ,8,8,9,25,bin_5,Activating signal cointegrator 1,TRIP4,1,52,62
SMDDFTPSGE,P30926,CHRNB4,Neuronal acetylcholine receptor subunit beta-4,3,13,9,25,bin_5,Neuronal acetylcholine receptor subunit beta-4,CHRNB4,1,260,133
1433G_HUMAN,P61981,YWHAG,"14-3-3 protein gamma, N-terminally processed",9,10,6,25,bin_5,14-3-3 protein gamma,YWHAG,1,130,0
HXD10_HUMAN,P28358,HOXD10,Homeobox protein Hox-D10,5,14,6,25,bin_5,Homeobox protein Hox-D10,HOXD10,1,262,3
HXA1_HUMAN,P49639,HOXA1,Homeobox protein Hox-A1,6,17,2,25,bin_5,Homeobox protein Hox-A1,HOXA1,1,443,7
SUZ12_HUMAN,Q15022,SUZ12,Polycomb protein SUZ12,9,7,9,25,bin_5,Polycomb protein SUZ12,SUZ12,1,826,549
SIAH2_HUMAN,O43255,SIAH2,E3 ubiquitin-protein ligase SIAH2,5,14,6,25,bin_5,E3 ubiquitin-protein ligase SIAH2,SIAH2,1,241,176
G3BP1_HUMAN,Q13283,G3BP1,Ras GTPase-activating protein-binding protein 1,11,7,7,25,bin_5,Ras GTPase-activating protein-binding protein 1,G3BP1,1,591,1174
CGL_HUMAN,P32929,CTH,Cystathionine gamma-lyase ,8,14,3,25,bin_5,Cystathionine gamma-lyase,CTH,1,1813,2389
KLH22_HUMAN,Q53GT1,KLHL22,Kelch-like protein 22 ,2,12,11,25,bin_5,Kelch-like protein 22,KLHL22,1,22,258
M3K13_HUMAN,O43283,MAP3K13,Mitogen-activated protein kinase kinase kinase 13,12,11,2,25,bin_5,Mitogen-activated protein kinase kinase kinase 13,MAP3K13,1,49,11303
KS6A1_HUMAN,Q96C05,RPS6KA1,Ribosomal protein S6 kinase alpha-1,7,14,4,25,bin_5,Ribosomal protein S6 kinase alpha-1,RPS6KA1,1,466,53
ABCD3_HUMAN,P28288,ABCD3,ATP-binding cassette sub-family D member 3,7,11,7,25,bin_5,ATP-binding cassette sub-family D member 3,ABCD3,1,243,53
M3K11_HUMAN,Q16584,MAP3K11,Mitogen-activated protein kinase kinase kinase 11,11,10,4,25,bin_5,Mitogen-activated protein kinase kinase kinase 11,MAP3K11,1,61,240
SPTN5_HUMAN,Q9NRC6,SPTBN5,"Spectrin beta chain, non-erythrocytic 5",9,4,12,25,bin_5,"Spectrin beta chain, non-erythrocytic 5",SPTBN5,1,21,8
AMELX_HUMAN,Q99217,AMELX,"Amelogenin, X isoform",4,16,5,25,bin_5,"Amelogenin, X isoform",AMELX,1,540,15
FOXE3_HUMAN,Q13461,FOXE3,Forkhead box protein E3,5,17,3,25,bin_5,Forkhead box protein E3,FOXE3,1,133,310
SPIR1_HUMAN,Q08AE8,SPIRE1,Protein spire homolog 1,2,15,8,25,bin_5,protein,SPIRE1,1,53,4
FOSB_HUMAN,A8VJG9,FOSB,Protein FosB ,5,15,5,25,bin_5,FosB,FOSB,1,1681,1399
VNEIDRRSTI,P13611,VCAN,Versican core protein,5,8,12,25,bin_5,Versican core protein,VCAN,1,1062,243
LPPRC_HUMAN,P42704,LRPPRC,"Leucine-rich PPR motif-containing protein, mitochondrial",6,6,13,25,bin_5,"Leucine-rich PPR motif-containing protein, mitochondrial",LRPPRC,1,274,7
SNTA1_HUMAN,Q13424,SNTA1,Alpha-1-syntrophin,8,8,9,25,bin_5,Alpha-1-syntrophin,SNTA1,1,54,30
FUT4_HUMAN,P22083,FUT4,"Alpha-(1,3)-fucosyltransferase 4",3,15,7,25,bin_5,"Alpha-(1,3)-fucosyltransferase 4",FUT4,1,267,225
LOX12_HUMAN,P18054,ALOX12,Polyunsaturated fatty acid lipoxygenase ALOX12 ,5,15,5,25,bin_5,Polyunsaturated fatty acid lipoxygenase ALOX12,ALOX12,1,274,63
SPB3_HUMAN,Q8IXI3,SERPINB3,Serpin B3,4,11,10,25,bin_5,Serpin B3,SERPINB3,1,150,57
STX2_HUMAN,P32856,STX2,Syntaxin-2,5,10,10,25,bin_5,Syntaxin-2,STX2,1,2247,1342
LHX2_HUMAN,P50458,LHX2,LIM/homeobox protein Lhx2,6,17,2,25,bin_5,LIM/homeobox protein Lhx2,LHX2,1,379,69
BTG2_HUMAN,P78543,BTG2,Protein BTG2,1,20,4,25,bin_5,protein,BTG2,1,599,503
LGR4_HUMAN,Q9BXB1,LGR4,Leucine-rich repeat-containing G-protein coupled receptor 4,4,20,1,25,bin_5,Leucine-rich repeat-containing G-protein coupled receptor 4,LGR4,1,353,250
STC1_HUMAN,P52823,STC1,Stanniocalcin-1,2,19,4,25,bin_5,Stanniocalcin-1,STC1,1,874,365
SH2B3_HUMAN,Q9UQQ2,SH2B3,SH2B adapter protein 3,4,19,2,25,bin_5,SH2B adapter protein 3,SH2B3,1,373,54
KIF2C_HUMAN,Q99661,KIF2C,Kinesin-like protein KIF2C,6,8,11,25,bin_5,Kinesin-like protein KIF2C,KIF2C,1,324,6
SIK1_HUMAN,P57059,SIK1,Serine/threonine-protein kinase SIK1,8,15,2,25,bin_5,Serine/threonine-protein kinase SIK1,SIK1,1,265,172
FZD2_HUMAN,Q14332,FZD2,Frizzled-2,4,17,4,25,bin_5,Frizzled-2,FZD2,1,271,130
SHRM2_HUMAN,Q13796,SHROOM2,Protein Shroom2,4,12,9,25,bin_5,Protein Shroom2,SHROOM2,1,33,26
STX12_HUMAN,Q86Y82,STX12,Syntaxin-12,2,9,14,25,bin_5,Syntaxin-12,STX12,1,44,28
STK24_HUMAN,Q9Y6E0,STK24,Serine/threonine-protein kinase 24 12 kDa subunit,6,10,9,25,bin_5,Serine/threonine-protein kinase 24 12 kDa subunit,STK24,1,111,0
GALA_HUMAN,P22466,GAL,Galanin message-associated peptide,6,16,4,26,bin_5,Galanin message-associated peptide,GAL,1,31236,53
CROCC_HUMAN,Q5TZA2,CROCC,Rootletin,4,12,10,26,bin_5,Rootletin,CROCC,1,47,62
EPIPL_HUMAN,P58107,EPPK1,Epiplakin ,4,9,13,26,bin_5,Epiplakin,EPPK1,1,43,44
GBRG2_HUMAN,P18507,GABRG2,Gamma-aminobutyric acid receptor subunit gamma-2 ,6,8,12,26,bin_5,Gamma-aminobutyric acid receptor subunit gamma-2,GABRG2,1,455,566
CDC73_HUMAN,Q6P1J9,CDC73,Parafibromin,1,20,5,26,bin_5,Parafibromin,CDC73,1,504,245
FCN1_HUMAN,O00602,FCN1,Ficolin-1,8,9,9,26,bin_5,Ficolin-1,FCN1,1,81,116
CDC6_HUMAN,Q99741,CDC6,Cell division control protein 6 homolog,4,14,8,26,bin_5,Cell division control protein 6 homolog,CDC6,1,1095,822
ZMYD8_HUMAN,Q9H1F3,ZMYND8,MYND-type zinc finger-containing chromatin reader ZMYND8 ,6,13,7,26,bin_5,MYND-type zinc finger-containing chromatin reader ZMYND8,ZMYND8,1,77,0
CYTC_HUMAN,P01034,CST3,Cystatin-C,6,10,10,26,bin_5,Cystatin-C,CST3,1,2101,9070
COBA1_HUMAN,P12107,COL11A1,Collagen alpha-1(XI) chain,7,14,5,26,bin_5,Collagen alpha-1(XI) chain,COL11A1,1,619,43
DNMT1_HUMAN,P26358,DNMT1,DNA (cytosine-5)-methyltransferase 1,7,14,5,26,bin_5,DNA (cytosine-5)-methyltransferase 1,DNMT1,1,5247,2663
DRB3_HUMAN,Q9UIN5,HLA-DRB3,"HLA class II histocompatibility antigen, DR beta 3 chain",3,10,13,26,bin_5,"HLA class II histocompatibility antigen, DR beta 3 chain",HLA-DRB3,1,748,1000
CYGB_HUMAN,Q8WWM9,CYGB,Cytoglobin ,12,9,5,26,bin_5,Cytoglobin,CYGB,1,291,420
EPC1_HUMAN,Q96RR6,EPC1,Enhancer of polycomb homolog 1 ,2,14,10,26,bin_5,Enhancer of polycomb homolog 1,EPC1,1,135,1744
DUOX1_HUMAN,Q9NRD9,DUOX1,Dual oxidase 1,8,12,6,26,bin_5,Dual oxidase 1,DUOX1,1,980,863
CELF1_HUMAN,Q92879,CELF1,CUGBP Elav-like family member 1,6,13,7,26,bin_5,CUGBP Elav-like family member 1,CELF1,1,314,63
DSCAM_HUMAN,O60469,DSCAM,Cell adhesion molecule DSCAM ,3,15,8,26,bin_5,Cell adhesion molecule DSCAM,DSCAM,1,440,301
DERL1_HUMAN,Q9BUN8,DERL1,Derlin-1 ,9,9,8,26,bin_5,Derlin-1,DERL1,1,119,139
DGKD_HUMAN,ILEKLERAST,DGKD,Diacylglycerol kinase delta ,8,12,6,26,bin_5,Diacylglycerol kinase delta,DGKD,1,42,404
GRM2_HUMAN,Q14416,GRM2,Metabotropic glutamate receptor 2,5,15,6,26,bin_5,Metabotropic glutamate receptor 2,GRM2,1,139,1028
CD2_HUMAN,P06729,CD2,T-cell surface antigen CD2,4,13,9,26,bin_5,T-cell surface antigen CD2,CD2,1,18798,3197
CO5A1_HUMAN,P20908,COL5A1,Collagen alpha-1(V) chain,6,16,4,26,bin_5,Collagen alpha-1(V) chain,COL5A1,1,642,92
CNTP1_HUMAN,P78357,CNTNAP1,Contactin-associated protein 1,2,18,6,26,bin_5,Contactin-associated protein 1,CNTNAP1,1,170,412
CP2C8_HUMAN,P10632,CYP2C8,Cytochrome P450 2C8 ,9,13,4,26,bin_5,Cytochrome P450 2C8,CYP2C8,1,1715,671
FBX4_HUMAN,Q9UKT5,FBXO4,F-box only protein 4,4,18,4,26,bin_5,F-box only protein 4,FBXO4,1,44,169
ZW10_HUMAN,O43264,ZW10,Centromere/kinetochore protein zw10 homolog,1,14,11,26,bin_5,Centromere/kinetochore protein zw10 homolog,ZW10,1,178,2
ZFHX3_HUMAN,Q15911,ZFHX3,Zinc finger homeobox protein 3,7,13,6,26,bin_5,Zinc finger homeobox protein 3,ZFHX3,1,260,1273
DHC24_HUMAN,Q15392,DHCR24,Delta(24)-sterol reductase,6,14,6,26,bin_5,Delta(24)-sterol reductase,DHCR24,1,355,42
ELL3_HUMAN,Q9HB65,ELL3,RNA polymerase II elongation factor ELL3,1,17,8,26,bin_5,RNA polymerase II elongation factor ELL3,ELL3,1,21,10
FNIP1_HUMAN,Q8TF40,FNIP1,Folliculin-interacting protein 1 ,5,18,3,26,bin_5,Folliculin-interacting protein 1,FNIP1,1,84,35
CHLE_HUMAN,P06276,BCHE,Cholinesterase,8,12,6,26,bin_5,Cholinesterase,BCHE,1,3244,60104
QDLQGEVEYY,O75445,USH2A,Usherin,3,10,13,26,bin_5,Usherin,USH2A,1,569,70
PSN2_HUMAN,P49810,PSEN2,Presenilin-2 CTF subunit,1,11,14,26,bin_5,Presenilin-2 CTF subunit,PSEN2,1,1276,2
THIL_HUMAN,P24752,ACAT1,"Acetyl-CoA acetyltransferase, mitochondrial",7,15,4,26,bin_5,"Acetyl-CoA acetyltransferase, mitochondrial",ACAT1,1,660,410
OXSR1_HUMAN,O95747,OXSR1,Serine/threonine-protein kinase OSR1,6,17,3,26,bin_5,Serine/threonine-protein kinase OSR1,OXSR1,1,201,227
PACA_HUMAN,P18509,ADCYAP1,Pituitary adenylate cyclase-activating polypeptide 38,4,19,3,26,bin_5,Pituitary adenylate cyclase-activating polypeptide 38,ADCYAP1,1,1612,4106
TFEB_HUMAN,P19484,TFEB,Transcription factor EB ,7,14,5,26,bin_5,Transcription factor EB,TFEB,1,2161,3759
C1TC_HUMAN,P11586,MTHFD1,"C-1-tetrahydrofolate synthase, cytoplasmic, N-terminally processed",6,16,4,26,bin_5,"C-1-tetrahydrofolate synthase, cytoplasmic, N-terminally processed",MTHFD1,1,318,0
ACLSNKRHRP,EIPDDLKQLY,RRM1,Ribonucleoside-diphosphate reductase large subunit,5,15,6,26,bin_5,Ribonucleoside-diphosphate reductase large subunit,RRM1,1,885,59
ISG15_HUMAN,P05161,ISG15,Ubiquitin-like protein ISG15,3,19,4,26,bin_5,Ubiquitin-like protein ISG15,ISG15,1,2051,827
LIMD1_HUMAN,Q9UGP4,LIMD1,LIM domain-containing protein 1,2,14,10,26,bin_5,LIM domain-containing protein 1,LIMD1,1,86,323
ALDR_HUMAN,P15121,AKR1B1,Aldo-keto reductase family 1 member B1,9,13,4,26,bin_5,Aldo-keto reductase family 1 member B1,AKR1B1,1,440,55
RICTR_HUMAN,Q6R327,RICTOR,Rapamycin-insensitive companion of mTOR ,4,19,3,26,bin_5,Rapamycin-insensitive companion of mTOR,RICTOR,1,1277,558
PALLD_HUMAN,Q9UQF5,PALLD,Palladin,3,8,15,26,bin_5,Palladin,PALLD,1,131,1042
SC6A2_HUMAN,P23975,SLC6A2,Sodium-dependent noradrenaline transporter,9,11,6,26,bin_5,Sodium-dependent noradrenaline transporter,SLC6A2,1,867,2149
CAPZB_HUMAN,P47756,CAPZB,F-actin-capping protein subunit beta,3,8,15,26,bin_5,F-actin-capping protein subunit beta,CAPZB,1,72,37
SC6A9_HUMAN,P48067,SLC6A9,Sodium- and chloride-dependent glycine transporter 1,2,10,14,26,bin_5,Sodium- and chloride-dependent glycine transporter 1,SLC6A9,1,343,22
SOMA_HUMAN,P01241,GH1,Somatotropin,6,16,4,26,bin_5,Somatotropin,GH1,1,1618,148698
VPS41_HUMAN,P49754,VPS41,Vacuolar protein sorting-associated protein 41 homolog,3,10,13,26,bin_5,Vacuolar protein sorting-associated protein 41 homolog,VPS41,1,128,1
PARP3_HUMAN,Q9Y6F1,PARP3,Protein mono-ADP-ribosyltransferase PARP3 ,8,10,8,26,bin_5,protein,PARP3,1,152,94
RGN_HUMAN,Q15493,RGN,Regucalcin,4,20,2,26,bin_5,Regucalcin,RGN,1,1053,359
TLN1_HUMAN,Q9Y490,TLN1,Talin-1,8,9,9,26,bin_5,Talin-1,TLN1,1,328,217
SNX10_HUMAN,Q9Y5X0,SNX10,Sorting nexin-10,3,16,7,26,bin_5,Sorting nexin-10,SNX10,1,93,43
PCBP2_HUMAN,Q6IPF4,PCBP2,Poly(rC)-binding protein 2 ,7,10,9,26,bin_5,Poly(rC)-binding protein 2,PCBP2,1,277,113
KLF5_HUMAN,Q13887,KLF5,Krueppel-like factor 5,6,15,5,26,bin_5,Krueppel-like factor 5,KLF5,1,977,7
MYO1B_HUMAN,O43795,MYO1B,Unconventional myosin-Ib,7,5,14,26,bin_5,Unconventional myosin-Ib,MYO1B,1,89,78
IL31R_HUMAN,Q8NI17,IL31RA,Interleukin-31 receptor subunit alpha,4,16,6,26,bin_5,Interleukin-31 receptor subunit alpha,IL31RA,1,156,12
CATB_HUMAN,P07858,CTSB,Cathepsin B heavy chain ,5,9,12,26,bin_5,Cathepsin B heavy chain,CTSB,1,1080,67
PDE3A_HUMAN,Q14432,PDE3A,"cGMP-inhibited 3',5'-cyclic phosphodiesterase 3A ",7,17,2,26,bin_5,"cGMP-inhibited 3',5'-cyclic phosphodiesterase 3A",PDE3A,1,402,46
QGISYRGTWS,Q9BZW1,PLAT,Tissue-type plasminogen activator chain B,3,13,10,26,bin_5,Tissue-type plasminogen activator chain B,PLAT,1,1725,0
OREX_HUMAN,O43612,HCRT,Orexin-B ,3,17,6,26,bin_5,Orexin-B,HCRT,1,1053,4392
TEN2_HUMAN,Q9NT68,TENM2,Ten-2 intracellular domain,5,7,14,26,bin_5,TENM2,TENM2,1,39,0
RENI_HUMAN,P00797,REN,Renin ,4,18,4,26,bin_5,Renin,REN,1,123839,71365
NR1I2_HUMAN,Q9UJ27,NR1I2,Nuclear receptor subfamily 1 group I member 2,8,12,6,26,bin_5,Nuclear receptor subfamily 1 group I member 2,NR1I2,1,3058,2931
RP3A_HUMAN,Q9Y2J0,RPH3A,Rabphilin-3A,10,5,11,26,bin_5,Rabphilin-3A,RPH3A,1,41,169
RORB_HUMAN,Q92753,RORB,Nuclear receptor ROR-beta,8,15,3,26,bin_5,Nuclear receptor ROR-beta,RORB,1,174,12
RNF4_HUMAN,P78317,RNF4,E3 ubiquitin-protein ligase RNF4 ,8,12,6,26,bin_5,E3 ubiquitin-protein ligase RNF4,RNF4,1,240,130
STAP1_HUMAN,Q9ULZ2,STAP1,Signal-transducing adaptor protein 1,7,12,7,26,bin_5,Signal-transducing adaptor protein 1,STAP1,1,65,112029
APCL_HUMAN,O95996,APC2,Adenomatous polyposis coli protein 2 ,3,10,13,26,bin_5,Adenomatous polyposis coli protein 2,APC2,1,268,20
BAP31_HUMAN,P51572,BCAP31,B-cell receptor-associated protein 31,2,11,13,26,bin_5,B-cell receptor-associated protein 31,BCAP31,1,165,77
NFH_HUMAN,P12036,NEFH,Neurofilament heavy polypeptide,7,11,8,26,bin_5,Neurofilament heavy polypeptide,NEFH,1,154,212
SRPK1_HUMAN,Q96SB4,SRPK1,SRSF protein kinase 1,6,11,9,26,bin_5,SRSF protein kinase 1,SRPK1,1,317,22
NPHP4_HUMAN,O75161,NPHP4,Nephrocystin-4,1,11,14,26,bin_5,Nephrocystin-4,NPHP4,1,125,35
CAC1D_HUMAN,Q01668,CACNA1D,Voltage-dependent L-type calcium channel subunit alpha-1D,7,15,4,26,bin_5,Voltage-dependent L-type calcium channel subunit alpha-1D,CACNA1D,1,604,20
NET1_HUMAN,O95631,NTN1,Netrin-1,2,19,5,26,bin_5,Netrin-1,NTN1,1,782,1518
SYVN1_HUMAN,Q86TM6,SYVN1,E3 ubiquitin-protein ligase synoviolin,6,9,11,26,bin_5,E3 ubiquitin-protein ligase synoviolin,SYVN1,1,304,59
LAT_HUMAN,O43561,LAT,Linker for activation of T-cells family member 1,3,15,8,26,bin_5,Linker for activation of T-cells family member 1,LAT,1,17211,65
FTINPEDGFI,P55287,CDH11,Cadherin-11,3,15,8,26,bin_5,Cadherin-11,CDH11,1,280,508
TADA3_HUMAN,O75528,TADA3,Transcriptional adapter 3,4,16,6,26,bin_5,Transcriptional adapter 3,TADA3,1,40,670
APLF_HUMAN,Q8IW19,APLF,Aprataxin and PNK-like factor ,10,11,5,26,bin_5,Aprataxin and PNK-like factor,APLF,1,71,14
DILIRYEPQL,P07942,LAMB1,Laminin subunit beta-1,2,12,12,26,bin_5,Laminin subunit beta-1,LAMB1,1,241,583
SOX6_HUMAN,P35712,SOX6,Transcription factor SOX-6 ,7,15,4,26,bin_5,Transcription factor SOX-6,SOX6,1,606,531
SOX15_HUMAN,O60248,SOX15,Transcription factor SOX-15 ,6,16,4,26,bin_5,Transcription factor SOX-15,SOX15,1,78,1
NUD16_HUMAN,Q96DE0,NUDT16,U8 snoRNA-decapping enzyme,16,6,4,26,bin_5,U8 snoRNA-decapping enzyme,NUDT16,1,49,1
TCPB_HUMAN,P78371,CCT2,T-complex protein 1 subunit beta,6,12,8,26,bin_5,T-complex protein 1 subunit beta,CCT2,1,150,105
TCPD_HUMAN,P50991,CCT4,T-complex protein 1 subunit delta,6,10,10,26,bin_5,T-complex protein 1 subunit delta,CCT4,1,67,23
LATS2_HUMAN,Q9NRM7,LATS2,Serine/threonine-protein kinase LATS2,4,17,5,26,bin_5,Serine/threonine-protein kinase LATS2,LATS2,1,655,456
ACSL4_HUMAN,O60488,ACSL4,Long-chain-fatty-acid--CoA ligase 4 ,5,11,10,26,bin_5,Long-chain-fatty-acid--CoA ligase 4,ACSL4,1,1106,263
ACV1C_HUMAN,Q8NER5,ACVR1C,Activin receptor type-1C,6,18,2,26,bin_5,Activin receptor type-1C,ACVR1C,1,127,6
RAB35_HUMAN,Q15286,RAB35,Ras-related protein Rab-35,4,11,11,26,bin_5,Ras-related protein Rab-35,RAB35,1,223,5
RAP1B_HUMAN,Q6LES0,RAP1B,Ras-related protein Rap-1b,5,13,8,26,bin_5,Ras-related protein Rap-1b,RAP1B,1,419,14
MBB1A_HUMAN,Q9BQG0,MYBBP1A,Myb-binding protein 1A,4,14,8,26,bin_5,Myb-binding protein 1A,MYBBP1A,1,113,39
RAG2_HUMAN,P55895,RAG2,V(D)J recombination-activating protein 2,10,14,2,26,bin_5,V(D)J recombination-activating protein 2,RAG2,1,3484,968
MRP2_HUMAN,Q92887,ABCC2,ATP-binding cassette sub-family C member 2,10,12,4,26,bin_5,ATP-binding cassette sub-family C member 2,ABCC2,1,2286,166
PRDX2_HUMAN,P32119,PRDX2,Peroxiredoxin-2,2,21,3,26,bin_5,Peroxiredoxin-2,PRDX2,1,501,4745
MACF1_HUMAN,Q9UKP0,MACF1,"Microtubule-actin cross-linking factor 1, isoforms 1/2/3/4/5 ",7,11,8,26,bin_5,Microtubule-actin cross-linking factor 1,MACF1,1,198,0
ARL2_HUMAN,P36404,ARL2,ADP-ribosylation factor-like protein 2,3,10,13,26,bin_5,ADP-ribosylation factor-like protein 2,ARL2,1,153,126
XRCC3_HUMAN,O43542,XRCC3,DNA repair protein XRCC3,3,14,9,26,bin_5,DNA repair protein XRCC3,XRCC3,1,948,708
VAV_HUMAN,P15498,VAV1,Proto-oncogene vav,4,18,4,26,bin_5,Proto-oncogene vav,VAV1,1,1055,1175
ASIC2_HUMAN,Q16515,ASIC2,Acid-sensing ion channel 2 ,3,20,3,26,bin_5,Acid-sensing ion channel 2,ASIC2,1,262,1204
UTER_HUMAN,P11684,SCGB1A1,Uteroglobin,2,19,5,26,bin_5,Uteroglobin,SCGB1A1,1,910,1822
UCP1_HUMAN,P25874,UCP1,Mitochondrial brown fat uncoupling protein 1 ,8,16,2,26,bin_5,Mitochondrial brown fat uncoupling protein 1,UCP1,1,4655,4629
ANGP2_HUMAN,O15123,ANGPT2,Angiopoietin-2,3,19,4,26,bin_5,Angiopoietin-2,ANGPT2,1,853,3521
ACD_HUMAN,Q96AP0,ACD,Adrenocortical dysplasia protein homolog ,3,17,6,26,bin_5,Adrenocortical dysplasia protein homolog,ACD,1,8943,9
RA51C_HUMAN,O43502,RAD51C,DNA repair protein RAD51 homolog 3,4,11,11,26,bin_5,DNA repair protein RAD51 homolog 3,RAD51C,1,693,749
WDR48_HUMAN,Q8TAF3,WDR48,WD repeat-containing protein 48 ,5,14,7,26,bin_5,WD repeat-containing protein 48,WDR48,1,38,37
PO3F3_HUMAN,P20264,POU3F3,"POU domain, class 3, transcription factor 3 ",6,17,3,26,bin_5,"POU domain, class 3, transcription factor 3",POU3F3,1,97,46
VLDLR_HUMAN,P98155,VLDLR,Very low-density lipoprotein receptor,8,12,6,26,bin_5,Very low-density lipoprotein receptor,VLDLR,1,727,25077
WDR5_HUMAN,P61964,WDR5,WD repeat-containing protein 5,3,12,11,26,bin_5,WD repeat-containing protein 5,WDR5,1,506,442
UBP10_HUMAN,Q14694,USP10,Ubiquitin carboxyl-terminal hydrolase 10 ,6,12,8,26,bin_5,Ubiquitin carboxyl-terminal hydrolase 10,USP10,1,298,932
PURA_HUMAN,Q00577,PURA,Transcriptional activator protein Pur-alpha,11,9,6,26,bin_5,Transcriptional activator protein Pur-alpha,PURA,1,1344,62
PP2AB_HUMAN,P62714,PPP2CB,Serine/threonine-protein phosphatase 2A catalytic subunit beta isoform ,5,15,6,26,bin_5,Serine/threonine-protein phosphatase 2A catalytic subunit beta isoform,PPP2CB,1,49,4992
ARI1B_HUMAN,Q8NFD5,ARID1B,AT-rich interactive domain-containing protein 1B ,2,15,9,26,bin_5,AT-rich interactive domain-containing protein 1B,ARID1B,1,442,34
RAP2A_HUMAN,P10114,RAP2A,Ras-related protein Rap-2a,5,14,7,26,bin_5,Ras-related protein Rap-2a,RAP2A,1,172,10
RB27B_HUMAN,O00194,RAB27B,Ras-related protein Rab-27B,6,5,15,26,bin_5,Ras-related protein Rab-27B,RAB27B,1,246,2
ACSL3_HUMAN,O95573,ACSL3,Fatty acid CoA ligase Acsl3 ,7,10,9,26,bin_5,Fatty acid CoA ligase Acsl3,ACSL3,1,219,75
IGHE_HUMAN,P01854,IGHE,Immunoglobulin heavy constant epsilon ,2,18,6,26,bin_5,Immunoglobulin heavy constant epsilon,IGHE,1,66,144
SCN3B_HUMAN,Q9NY72,SCN3B,Sodium channel regulatory subunit beta-3 ,4,18,4,26,bin_5,Sodium channel regulatory subunit beta-3,SCN3B,1,85,7
SMC6_HUMAN,Q96SB8,SMC6,Structural maintenance of chromosomes protein 6,6,9,11,26,bin_5,Structural maintenance of chromosomes protein 6,SMC6,1,235,692
PERF_HUMAN,P14222,PRF1,Perforin-1,4,14,8,26,bin_5,Perforin-1,PRF1,1,766,7497
WASH1_HUMAN,A8K0Z3,WASHC1,WASH complex subunit 1 ,5,12,9,26,bin_5,WASH complex subunit 1,WASHC1,1,10,59
PFKAM_HUMAN,P08237,PFKM,"ATP-dependent 6-phosphofructokinase, muscle type ",9,11,6,26,bin_5,"ATP-dependent 6-phosphofructokinase, muscle type",PFKM,1,192,2
BY55_HUMAN,O95971,CD160,"CD160 antigen, soluble form ",6,17,3,26,bin_5,"CD160 antigen, soluble form",CD160,1,338,4
LYRIC_HUMAN,Q86UE4,MTDH,Protein LYRIC,6,9,11,26,bin_5,protein,MTDH,1,654,101
MRP6_HUMAN,O95255,ABCC6,ATP-binding cassette sub-family C member 6,5,14,7,26,bin_5,ATP-binding cassette sub-family C member 6,ABCC6,1,642,98
RB3GP_HUMAN,Q15042,RAB3GAP1,Rab3 GTPase-activating protein catalytic subunit,3,15,8,26,bin_5,Rab3 GTPase-activating protein catalytic subunit,RAB3GAP1,1,95,14
WDR19_HUMAN,Q8NEZ3,WDR19,WD repeat-containing protein 19 ,0,16,10,26,bin_5,WD repeat-containing protein 19,WDR19,1,63,0
MTA2_HUMAN,O94776,MTA2,Metastasis-associated protein MTA2,8,9,9,26,bin_5,Metastasis-associated protein MTA2,MTA2,1,191,76
AT2A3_HUMAN,Q8TEX5,ATP2A3,Sarcoplasmic/endoplasmic reticulum calcium ATPase 3 ,8,10,8,26,bin_5,Sarcoplasmic/endoplasmic reticulum calcium ATPase 3,ATP2A3,1,123,7546
PIWL2_HUMAN,Q8TC59,PIWIL2,Piwi-like protein 2,4,14,8,26,bin_5,Piwi-like protein 2,PIWIL2,1,297,69
ARP3_HUMAN,P61158,ACTR3,Actin-related protein 3,3,11,12,26,bin_5,Actin-related protein 3,ACTR3,1,243,533
TTBK2_HUMAN,Q6IQ55,TTBK2,Tau-tubulin kinase 2,8,12,6,26,bin_5,Tau-tubulin kinase 2,TTBK2,1,88,95
HXK1_HUMAN,P19367,HK1,Hexokinase-1 ,8,14,4,26,bin_5,Hexokinase-1,HK1,1,1004,375
HEG1_HUMAN,Q9ULI3,HEG1,Protein HEG homolog 1,1,22,3,26,bin_5,protein,HEG1,1,78,7
S15A4_HUMAN,Q8N697,SLC15A4,Solute carrier family 15 member 4 ,4,17,6,27,bin_5,Solute carrier family 15 member 4,SLC15A4,1,95,346
KIF3A_HUMAN,Q9Y496,KIF3A,Kinesin-like protein KIF3A,8,8,11,27,bin_5,Kinesin-like protein KIF3A,KIF3A,1,378,12
CN37_HUMAN,P09543,CNP,"2',3'-cyclic-nucleotide 3'-phosphodiesterase ",3,10,14,27,bin_5,"2',3'-cyclic-nucleotide 3'-phosphodiesterase",CNP,1,5562,1539
S27A2_HUMAN,O14975,SLC27A2,Long-chain fatty acid transport protein 2 ,11,9,7,27,bin_5,Long-chain fatty acid transport protein 2,SLC27A2,1,90,687
CEBPG_HUMAN,P53567,CEBPG,CCAAT/enhancer-binding protein gamma,8,15,4,27,bin_5,CCAAT/enhancer-binding protein gamma,CEBPG,1,58,48
OCLN_HUMAN,Q16625,OCLN,Occludin,1,14,12,27,bin_5,Occludin,OCLN,1,2074,9002
GSH0_HUMAN,P48507,GCLM,Glutamate--cysteine ligase regulatory subunit,4,21,2,27,bin_5,Glutamate--cysteine ligase regulatory subunit,GCLM,1,1027,169
VAS1_HUMAN,Q15904,ATP6AP1,V-type proton ATPase subunit S1,3,12,12,27,bin_5,V-type proton ATPase subunit S1,ATP6AP1,1,125,1
ANX11_HUMAN,P50995,ANXA11,Annexin A11,8,3,16,27,bin_5,Annexin A11,ANXA11,1,110,10707
SNP23_HUMAN,O00161,SNAP23,Synaptosomal-associated protein 23,3,8,16,27,bin_5,Synaptosomal-associated protein 23,SNAP23,1,517,198
GRM7_HUMAN,Q14831,GRM7,Metabotropic glutamate receptor 7,8,10,9,27,bin_5,Metabotropic glutamate receptor 7,GRM7,1,152,333
TTBK1_HUMAN,Q5TCY1,TTBK1,Tau-tubulin kinase 1,6,15,6,27,bin_5,Tau-tubulin kinase 1,TTBK1,1,52,95
CNN2_HUMAN,Q99439,CNN2,Calponin-2,4,14,9,27,bin_5,Calponin-2,CNN2,1,91,49
GNAS2_HUMAN,Q5JWD5,GNAS,Guanine nucleotide-binding protein G(s) subunit alpha isoforms short,6,14,7,27,bin_5,Guanine nucleotide-binding protein G(s) subunit alpha isoforms short,GNAS,1,2047,8
CTBP1_HUMAN,Q13363,CTBP1,C-terminal-binding protein 1,11,10,6,27,bin_5,C-terminal-binding protein 1,CTBP1,1,383,399
HXA9_HUMAN,P31269,HOXA9,Homeobox protein Hox-A9,6,16,5,27,bin_5,Homeobox protein Hox-A9,HOXA9,1,1105,13
KQVIELAGKQ,Q29XZ0,POSTN,Periostin,3,19,5,27,bin_5,Periostin,POSTN,1,1828,2444
ANXA6_HUMAN,P08133,ANXA6,Annexin A6,9,6,12,27,bin_5,Annexin A6,ANXA6,1,191,531
ANXA3_HUMAN,P12429,ANXA3,Annexin A3,5,11,11,27,bin_5,Annexin A3,ANXA3,1,212,467
CNOT1_HUMAN,A5YKK6,CNOT1,CCR4-NOT transcription complex subunit 1,6,13,8,27,bin_5,CCR4-NOT transcription complex subunit 1,CNOT1,1,133,95
NMD3A_HUMAN,Q8TCU5,GRIN3A,"Glutamate receptor ionotropic, NMDA 3A",7,10,10,27,bin_5,"Glutamate receptor ionotropic, NMDA 3A",GRIN3A,1,115,19
RBMX_HUMAN,P38159,RBMX,"RNA-binding motif protein, X chromosome, N-terminally processed",6,10,11,27,bin_5,"RNA-binding motif protein, X chromosome, N-terminally processed",RBMX,1,138,0
RBCC1_HUMAN,Q8TDY2,RB1CC1,RB1-inducible coiled-coil protein 1 ,3,16,8,27,bin_5,RB1-inducible coiled-coil protein 1,RB1CC1,1,325,91
CBX3_HUMAN,Q13185,CBX3,Chromobox protein homolog 3,7,6,14,27,bin_5,Chromobox protein homolog 3,CBX3,1,245,392
KIF2A_HUMAN,O00139,KIF2A,Kinesin-like protein KIF2A,5,9,13,27,bin_5,Kinesin-like protein KIF2A,KIF2A,1,211,4
CBX5_HUMAN,P45973,CBX5,Chromobox protein homolog 5,8,5,14,27,bin_5,Chromobox protein homolog 5,CBX5,1,511,1216
LOXL2_HUMAN,Q9Y4K0,LOXL2,Lysyl oxidase homolog 2,4,15,8,27,bin_5,Lysyl oxidase homolog 2,LOXL2,1,605,57
FERM1_HUMAN,Q9BQL6,FERMT1,Fermitin family homolog 1,2,18,7,27,bin_5,Fermitin family homolog 1,FERMT1,1,206,17
ZMIZ1_HUMAN,Q9ULJ6,ZMIZ1,Zinc finger MIZ domain-containing protein 1 ,5,17,5,27,bin_5,Zinc finger MIZ domain-containing protein 1,ZMIZ1,1,132,4
HOOK3_HUMAN,Q86VS8,HOOK3,Protein Hook homolog 3,6,14,7,27,bin_5,Protein Hook homolog 3,HOOK3,1,52,59
MYCB2_HUMAN,O75592,MYCBP2,E3 ubiquitin-protein ligase MYCBP2 ,5,13,9,27,bin_5,E3 ubiquitin-protein ligase MYCBP2,MYCBP2,1,92,56
SRGP2_HUMAN,O75044,SRGAP2,SLIT-ROBO Rho GTPase-activating protein 2 ,4,14,9,27,bin_5,SLIT-ROBO Rho GTPase-activating protein 2,SRGAP2,1,87,17
DYRK3_HUMAN,O43781,DYRK3,Dual specificity tyrosine-phosphorylation-regulated kinase 3,7,11,9,27,bin_5,Dual specificity tyrosine-phosphorylation-regulated kinase 3,DYRK3,1,60,856
ARI5B_HUMAN,Q14865,ARID5B,AT-rich interactive domain-containing protein 5B,3,22,2,27,bin_5,AT-rich interactive domain-containing protein 5B,ARID5B,1,203,5
STK26_HUMAN,Q9P289,STK26,Serine/threonine-protein kinase 26 ,7,9,11,27,bin_5,Serine/threonine-protein kinase 26,STK26,1,65,11559
ZN268_HUMAN,Q14587,ZNF268,Zinc finger protein 268,5,19,3,27,bin_5,Zinc finger protein 268,ZNF268,1,29,137
LAMA1_HUMAN,SAVCHLETGL,LAMA1,Laminin subunit alpha-1,3,14,10,27,bin_5,Laminin subunit alpha-1,LAMA1,1,178,226
FOXB1_HUMAN,Q99853,FOXB1,Forkhead box protein B1,4,21,2,27,bin_5,Forkhead box protein B1,FOXB1,1,44,198
AGTR2_HUMAN,P50052,AGTR2,Type-2 angiotensin II receptor ,2,24,1,27,bin_5,Type-2 angiotensin II receptor,AGTR2,1,313,7191
MY18A_HUMAN,HLGAAGATKE,MYO18A,Unconventional myosin-XVIIIa ,6,11,10,27,bin_5,Unconventional myosin-XVIIIa,MYO18A,1,80,1
PPM1A_HUMAN,P35813,PPM1A,Protein phosphatase 1A,6,16,5,27,bin_5,protein phosphatase 1A,PPM1A,1,229,1634
PTPRK_HUMAN,VCEFKAAYFD,PTPRK,Receptor-type tyrosine-protein phosphatase kappa,5,14,8,27,bin_5,Receptor-type tyrosine-protein phosphatase kappa,PTPRK,1,125,10
DGAT2_HUMAN,Q96PD7,DGAT2,Diacylglycerol O-acyltransferase 2 ,4,14,9,27,bin_5,Diacylglycerol O-acyltransferase 2,DGAT2,1,793,1059
SARM1_HUMAN,Q6SZW1,SARM1,NAD(+) hydrolase SARM1 ,5,12,10,27,bin_5,NAD(+) hydrolase SARM1,SARM1,1,359,55
STOX1_HUMAN,Q5I948,STOX1,Storkhead-box protein 1,2,18,7,27,bin_5,Storkhead-box protein 1,STOX1,1,67,15
UCHL1_HUMAN,P09936,UCHL1,Ubiquitin carboxyl-terminal hydrolase isozyme L1,6,14,7,27,bin_5,Ubiquitin carboxyl-terminal hydrolase isozyme L1,UCHL1,1,2548,5735
STX6_HUMAN,O43752,STX6,Syntaxin-6,3,8,16,27,bin_5,Syntaxin-6,STX6,1,86,3068
S4A11_HUMAN,Q8NBS3,SLC4A11,Solute carrier family 4 member 11,10,13,4,27,bin_5,Solute carrier family 4 member 11,SLC4A11,1,171,4097
VATD_HUMAN,Q9Y5K8,ATP6V1D,V-type proton ATPase subunit D,1,10,16,27,bin_5,V-type proton ATPase subunit D,ATP6V1D,1,14,36
LIPC_HUMAN,P11150,LIPC,Hepatic triacylglycerol lipase,11,12,4,27,bin_5,Hepatic triacylglycerol lipase,LIPC,1,813,4539
SC5A3_HUMAN,P53794,SLC5A3,Sodium/myo-inositol cotransporter ,8,13,6,27,bin_5,Sodium/myo-inositol cotransporter,SLC5A3,1,194,56
MAG_HUMAN,P20916,MAG,Myelin-associated glycoprotein,6,13,8,27,bin_5,Myelin-associated glycoprotein,MAG,1,14276,5054
KS6A3_HUMAN,P51812,RPS6KA3,Ribosomal protein S6 kinase alpha-3,8,14,5,27,bin_5,Ribosomal protein S6 kinase alpha-3,RPS6KA3,1,120,345
SMD2_HUMAN,P62316,SNRPD2,Small nuclear ribonucleoprotein Sm D2,1,6,20,27,bin_5,Small nuclear ribonucleoprotein Sm D2,SNRPD2,1,26,1430
PR15A_HUMAN,O75807,PPP1R15A,Protein phosphatase 1 regulatory subunit 15A,4,14,9,27,bin_5,protein,PPP1R15A,1,391,19
AGO3_HUMAN,Q9H9G7,AGO3,Protein argonaute-3 ,7,10,10,27,bin_5,protein,AGO3,1,215,23
CPNE1_HUMAN,Q99829,CPNE1,Copine-1 ,6,12,9,27,bin_5,Copine-1,CPNE1,1,59,29
SYN1_HUMAN,P17600,SYN1,Synapsin-1,6,8,13,27,bin_5,Synapsin-1,SYN1,1,565,463
FAF1_HUMAN,Q9UNN5,FAF1,FAS-associated factor 1,7,11,9,27,bin_5,FAS-associated factor 1,FAF1,1,188,882
NU153_HUMAN,P49790,NUP153,Nuclear pore complex protein Nup153,7,10,10,27,bin_5,Nuclear pore complex protein Nup153,NUP153,1,314,265
SMRC2_HUMAN,Q8TAQ2,SMARCC2,SWI/SNF complex subunit SMARCC2,2,14,11,27,bin_5,SWI/SNF complex subunit SMARCC2,SMARCC2,1,105,33
KPCL_HUMAN,P24723,PRKCH,Protein kinase C eta type,9,13,5,27,bin_5,protein,PRKCH,1,87,41
S28A2_HUMAN,O43868,SLC28A2,Sodium/nucleoside cotransporter 2,7,14,6,27,bin_5,Sodium/nucleoside cotransporter 2,SLC28A2,1,50,13
UB2D3_HUMAN,P61077,UBE2D3,Ubiquitin-conjugating enzyme E2 D3,5,15,7,27,bin_5,Ubiquitin-conjugating enzyme E2 D3,UBE2D3,1,124,11
SOCS1_HUMAN,O15524,SOCS1,Suppressor of cytokine signaling 1,5,16,6,27,bin_5,Suppressor of cytokine signaling 1,SOCS1,1,2893,7933
UB2L3_HUMAN,P68036,UBE2L3,Ubiquitin-conjugating enzyme E2 L3,8,13,6,27,bin_5,Ubiquitin-conjugating enzyme E2 L3,UBE2L3,1,230,19
EF2K_HUMAN,O00418,EEF2K,Eukaryotic elongation factor 2 kinase,6,16,5,27,bin_5,Eukaryotic elongation factor 2 kinase,EEF2K,1,412,457
CR3L1_HUMAN,Q96BA8,CREB3L1,Processed cyclic AMP-responsive element-binding protein 3-like protein 1,8,12,7,27,bin_5,Processed cyclic AMP-responsive element-binding protein 3-like protein 1,CREB3L1,1,228,6
GRID2_HUMAN,O43424,GRID2,"Glutamate receptor ionotropic, delta-2",5,15,7,27,bin_5,"Glutamate receptor ionotropic, delta-2",GRID2,1,132,81
AELYMLRPLF,P20794,MAK,Serine/threonine-protein kinase MAK,6,10,11,27,bin_5,Serine/threonine-protein kinase MAK,MAK,1,15130,434
OSBP1_HUMAN,P22059,OSBP,Oxysterol-binding protein 1 ,5,9,13,27,bin_5,Oxysterol-binding protein 1,OSBP,1,374,299
IRF5_HUMAN,Q64GB2,IRF5,Interferon regulatory factor 5 ,7,16,4,27,bin_5,Interferon regulatory factor 5,IRF5,1,1003,4668
MAPK5_HUMAN,Q8IW41,MAPKAPK5,MAP kinase-activated protein kinase 5,9,12,6,27,bin_5,MAP kinase-activated protein kinase 5,MAPKAPK5,1,146,365
PGDH_HUMAN,P15428,HPGD,15-hydroxyprostaglandin dehydrogenase [NAD(+)] ,6,16,5,27,bin_5,15-hydroxyprostaglandin dehydrogenase [NAD(+)],HPGD,1,239,781
ACTS_HUMAN,P68133,ACTA1,"Actin, alpha skeletal muscle, intermediate form",5,11,11,27,bin_5,ACTA1,ACTA1,1,413,13
SIR4_HUMAN,Q9Y6E7,SIRT4,"NAD-dependent protein lipoamidase sirtuin-4, mitochondrial ",10,14,3,27,bin_5,"NAD-dependent protein lipoamidase sirtuin-4, mitochondrial",SIRT4,1,405,0
ERO1A_HUMAN,Q96HE7,ERO1A,ERO1-like protein alpha,4,15,8,27,bin_5,ERO1-like protein alpha,ERO1A,1,162,4
VAV3_HUMAN,Q9UKW4,VAV3,Guanine nucleotide exchange factor VAV3,4,19,4,27,bin_5,Guanine nucleotide exchange factor VAV3,VAV3,1,337,195
IL7_HUMAN,P13232,IL7,Interleukin-7,3,21,3,27,bin_5,Interleukin-7,IL7,1,6061,5065
VATL_HUMAN,P27449,ATP6V0C,V-type proton ATPase 16 kDa proteolipid subunit c ,3,8,16,27,bin_5,V-type proton ATPase 16 kDa proteolipid subunit c,ATP6V0C,1,74,2
CASQ2_HUMAN,O14958,CASQ2,Calsequestrin-2,4,16,7,27,bin_5,Calsequestrin-2,CASQ2,1,328,127
DPOLA_HUMAN,P09884,POLA1,DNA polymerase alpha catalytic subunit,8,11,8,27,bin_5,DNA polymerase alpha catalytic subunit,POLA1,1,196,795
ACTA_HUMAN,P62736,ACTA2,"Actin, aortic smooth muscle, intermediate form",3,12,12,27,bin_5,"Actin, aortic smooth muscle, intermediate form",ACTA2,1,3165,5
VPP1_HUMAN,Q93050,ATP6V0A1,V-type proton ATPase 116 kDa subunit a 1,2,6,19,27,bin_5,V-type proton ATPase 116 kDa subunit a 1,ATP6V0A1,1,39,3
CATD_HUMAN,P07339,CTSD,Cathepsin D heavy chain,4,9,14,27,bin_5,Cathepsin D,CTSD,1,870,57
APR_HUMAN,Q13794,PMAIP1,Phorbol-12-myristate-13-acetate-induced protein 1,0,22,5,27,bin_5,Phorbol-12-myristate-13-acetate-induced protein 1,PMAIP1,1,772,267
RCC2_HUMAN,Q9P258,RCC2,Protein RCC2,6,13,8,27,bin_5,RCC2,RCC2,1,93,68
BRD4_HUMAN,O60885,BRD4,Bromodomain-containing protein 4,11,12,4,27,bin_5,Bromodomain-containing protein 4,BRD4,1,2950,785
K2C1_HUMAN,P04264,KRT1,"Keratin, type II cytoskeletal 1",4,10,13,27,bin_5,"Keratin, type II cytoskeletal 1",KRT1,1,348,227
AL1A3_HUMAN,P47895,ALDH1A3,Retinaldehyde dehydrogenase 3,6,18,3,27,bin_5,Retinaldehyde dehydrogenase 3,ALDH1A3,1,432,1258
DPOLQ_HUMAN,O75417,POLQ,DNA polymerase POLQ ,12,10,5,27,bin_5,DNA polymerase POLQ,POLQ,1,218,734
ACSL1_HUMAN,P33121,ACSL1,Long-chain-fatty-acid--CoA ligase 1 ,7,14,6,27,bin_5,Long-chain-fatty-acid--CoA ligase 1,ACSL1,1,528,382
CASP2_HUMAN,Q9BZK9,CASP2,Caspase-2 subunit p12,6,16,5,27,bin_5,Caspase-2 subunit p12,CASP2,1,364,1418
CP27B_HUMAN,O15528,CYP27B1,"25-hydroxyvitamin D-1 alpha hydroxylase, mitochondrial",4,20,3,27,bin_5,"25-hydroxyvitamin D-1 alpha hydroxylase, mitochondrial",CYP27B1,1,2018,165
ITAX_HUMAN,P20702,ITGAX,Integrin alpha-X,4,14,9,27,bin_5,Integrin alpha-X,ITGAX,1,280,131
ATG7_HUMAN,O95352,ATG7,Ubiquitin-like modifier-activating enzyme ATG7 ,3,17,7,27,bin_5,Ubiquitin-like modifier-activating enzyme ATG7,ATG7,1,3208,1085
GDF15_HUMAN,Q99988,GDF15,Growth/differentiation factor 15 ,4,17,6,27,bin_5,Growth/differentiation factor 15,GDF15,1,2954,2675
GDF5_HUMAN,P43026,GDF5,Growth/differentiation factor 5,4,20,3,27,bin_5,Growth/differentiation factor 5,GDF5,1,865,697
DOCK2_HUMAN,Q92608,DOCK2,Dedicator of cytokinesis protein 2,4,15,8,27,bin_5,Dedicator of cytokinesis protein 2,DOCK2,1,238,157
TIMP1_HUMAN,P01033,TIMP1,Metalloproteinase inhibitor 1,6,14,7,27,bin_5,Metalloproteinase inhibitor 1,TIMP1,1,10980,35125
CAR11_HUMAN,Q9BXL7,CARD11,Caspase recruitment domain-containing protein 11 ,2,18,7,27,bin_5,Caspase recruitment domain-containing protein 11,CARD11,1,592,137
MEF2D_HUMAN,Q14814,MEF2D,Myocyte-specific enhancer factor 2D,11,11,5,27,bin_5,Myocyte-specific enhancer factor 2D,MEF2D,1,505,2256
TIFAB_HUMAN,Q6ZNK6,TIFAB,TRAF-interacting protein with FHA domain-containing protein B,1,26,0,27,bin_5,TRAF-interacting protein with FHA domain-containing protein B,TIFAB,1,252,1
VLTVPKLKLS,P36955,SERPINF1,Pigment epithelium-derived factor,1,18,8,27,bin_5,Pigment epithelium-derived factor,SERPINF1,1,222,1790
BHE40_HUMAN,O14503,BHLHE40,Class E basic helix-loop-helix protein 40,12,11,4,27,bin_5,Class E basic helix-loop-helix protein 40,BHLHE40,1,411,0
MERTK_HUMAN,Q12866,MERTK,Tyrosine-protein kinase Mer,2,20,5,27,bin_5,Tyrosine-protein kinase Mer,MERTK,1,1240,1219
PCSK5_HUMAN,Q92824,PCSK5,Proprotein convertase subtilisin/kexin type 5,4,17,6,27,bin_5,Proprotein convertase subtilisin/kexin type 5,PCSK5,1,84,1034
NDKA_HUMAN,P15531,NME1,Nucleoside diphosphate kinase A,9,11,7,27,bin_5,Nucleoside diphosphate kinase A,NME1,1,1196,1469
MDR3_HUMAN,P21439,ABCB4,Phosphatidylcholine translocator ABCB4 ,6,10,11,27,bin_5,Phosphatidylcholine translocator ABCB4,ABCB4,1,637,464
PCAT1_HUMAN,Q8NF37,LPCAT1,Lysophosphatidylcholine acyltransferase 1,9,10,8,27,bin_5,Lysophosphatidylcholine acyltransferase 1,LPCAT1,1,198,769
GFAP_HUMAN,Q7Z5J7,GFAP,Glial fibrillary acidic protein,4,15,8,27,bin_5,Glial fibrillary acidic protein,GFAP,1,21921,26897
PEX14_HUMAN,O75381,PEX14,Peroxisomal membrane protein PEX14 ,7,12,8,27,bin_5,Peroxisomal membrane protein PEX14,PEX14,1,263,184
MINK1_HUMAN,Q8N4C8,MINK1,Misshapen-like kinase 1,4,16,7,27,bin_5,Misshapen-like kinase 1,MINK1,1,55,12
FGFR4_HUMAN,Q96KE5,FGFR4,Fibroblast growth factor receptor 4,4,16,7,27,bin_5,Fibroblast growth factor receptor 4,FGFR4,1,1305,782
GVIGQDGLLF,Q9NQT5,EXOSC3,Exosome complex component RRP40,2,16,9,27,bin_5,Exosome complex component RRP40,EXOSC3,1,71,4
ATS13_HUMAN,VRRILYCARA,ADAMTS13,A disintegrin and metalloproteinase with thrombospondin motifs 13,5,17,5,27,bin_5,A disintegrin and metalloproteinase with thrombospondin motifs 13,ADAMTS13,1,3622,823
IL17F_HUMAN,Q96PD4,IL17F,Interleukin-17F,5,20,2,27,bin_5,Interleukin-17F,IL17F,1,1806,18930
AP2A1_HUMAN,O95782,AP2A1,AP-2 complex subunit alpha-1,4,9,14,27,bin_5,AP-2 complex subunit alpha-1,AP2A1,1,37,21
5NTD_HUMAN,P21589,NT5E,5'-nucleotidase,9,11,7,27,bin_5,5'-nucleotidase,NT5E,1,793,7351
CAD23_HUMAN,Q96JL3,CDH23,Cadherin-23 ,3,15,9,27,bin_5,Cadherin-23,CDH23,1,466,193
GLUC_HUMAN,P01275,GCG,Glucagon-like peptide 2,4,18,5,27,bin_5,Glucagon-like peptide 2,GCG,1,2161,1312
ADT2_HUMAN,P05141,SLC25A5,"ADP/ATP translocase 2, N-terminally processed",7,12,8,27,bin_5,ADP/ATP translocase 2,SLC25A5,1,67,0
CAD17_HUMAN,Q12864,CDH17,Cadherin-17,5,15,7,27,bin_5,Cadherin-17,CDH17,1,241,105
WDR1_HUMAN,O75083,WDR1,WD repeat-containing protein 1,1,17,9,27,bin_5,WD repeat-containing protein 1,WDR1,1,141,895
ASPM_HUMAN,Q9NVS1,ASPM,Abnormal spindle-like microcephaly-associated protein,1,18,8,27,bin_5,Abnormal spindle-like microcephaly-associated protein,ASPM,1,564,78
GLYC_HUMAN,P34896,SHMT1,"Serine hydroxymethyltransferase, cytosolic",8,13,6,27,bin_5,"Serine hydroxymethyltransferase, cytosolic",SHMT1,1,252,177
TRPC5_HUMAN,Q9UL62,TRPC5,Short transient receptor potential channel 5,7,14,6,27,bin_5,Short transient receptor potential channel 5,TRPC5,1,566,229
PLPL3_HUMAN,Q9NST1,PNPLA3,1-acylglycerol-3-phosphate O-acyltransferase PNPLA3 ,10,13,4,27,bin_5,1-acylglycerol-3-phosphate O-acyltransferase PNPLA3,PNPLA3,1,1329,4
AFAD_HUMAN,P55196,AFDN,Afadin,4,14,9,27,bin_5,Afadin,AFDN,1,150,317
RFA1_HUMAN,P27694,RPA1,"Replication protein A 70 kDa DNA-binding subunit, N-terminally processed",6,15,6,27,bin_5,Replication protein A 70 kDa DNA-binding subunit,RPA1,1,828,0
RUXE_HUMAN,P62304,SNRPE,Small nuclear ribonucleoprotein E,1,5,21,27,bin_5,Small nuclear ribonucleoprotein E,SNRPE,1,41,567
PLXD1_HUMAN,Q9Y4D7,PLXND1,Plexin-D1,2,18,7,27,bin_5,Plexin-D1,PLXND1,1,160,101
P2RX2_HUMAN,Q9UHD5,P2RX2,P2X purinoceptor 2,5,16,6,27,bin_5,P2X purinoceptor 2,P2RX2,1,332,4285
TAP1_HUMAN,Q03518,TAP1,Antigen peptide transporter 1,12,7,8,27,bin_5,Antigen peptide transporter 1,TAP1,1,1640,1023
IRF6_HUMAN,O14896,IRF6,Interferon regulatory factor 6,7,15,5,27,bin_5,Interferon regulatory factor 6,IRF6,1,538,5020
OX2G_HUMAN,P41217,CD200,OX-2 membrane glycoprotein,3,17,7,27,bin_5,OX-2 membrane glycoprotein,CD200,1,1132,513
I23O1_HUMAN,P14902,IDO1,"Indoleamine 2,3-dioxygenase 1 ",5,18,4,27,bin_5,"Indoleamine 2,3-dioxygenase 1",IDO1,1,2342,3629
MYO5A_HUMAN,Q9Y4I1,MYO5A,Unconventional myosin-Va,6,9,12,27,bin_5,Unconventional myosin-Va,MYO5A,1,346,18
GNAI1_HUMAN,Q9UGA4,GNAI1,Guanine nucleotide-binding protein G(i) subunit alpha-1,8,9,10,27,bin_5,Guanine nucleotide-binding protein G(i) subunit alpha-1,GNAI1,1,145,0
MYO1E_HUMAN,Q12965,MYO1E,Unconventional myosin-Ie,6,10,11,27,bin_5,Unconventional myosin-Ie,MYO1E,1,95,1
TRI37_HUMAN,O94972,TRIM37,E3 ubiquitin-protein ligase TRIM37 ,9,11,7,27,bin_5,E3 ubiquitin-protein ligase TRIM37,TRIM37,1,138,97
MARK1_HUMAN,Q9P0L2,MARK1,Serine/threonine-protein kinase MARK1,9,13,5,27,bin_5,Serine/threonine-protein kinase MARK1,MARK1,1,126,80
AQP8_HUMAN,O94778,AQP8,Aquaporin-8 ,4,11,12,27,bin_5,Aquaporin-8,AQP8,1,402,268
MCM2_HUMAN,P49736,MCM2,DNA replication licensing factor MCM2 ,9,10,8,27,bin_5,DNA replication licensing factor MCM2,MCM2,1,1653,548
MBL2_HUMAN,Q96TF9,MBL2,Mannose-binding protein C ,4,16,7,27,bin_5,Mannose-binding protein C,MBL2,1,998,3601
PKHA1_HUMAN,Q9HB21,PLEKHA1,Pleckstrin homology domain-containing family A member 1,3,17,7,27,bin_5,Pleckstrin homology domain-containing family A member 1,PLEKHA1,1,81,0
TRAF4_HUMAN,Q9BUZ4,TRAF4,TNF receptor-associated factor 4,8,10,9,27,bin_5,TNF receptor-associated factor 4,TRAF4,1,251,170
CCNB1_HUMAN,P14635,CCNB1,G2/mitotic-specific cyclin-B1,5,12,10,27,bin_5,G2/mitotic-specific cyclin-B1,CCNB1,1,2431,9
PA2G5_HUMAN,P39877,PLA2G5,Phospholipase A2 group V,4,17,6,27,bin_5,Phospholipase A2 group V,PLA2G5,1,100,0
DGGTYAACVN,Q9NPD3,EXOSC4,Exosome complex component RRP41,3,14,10,27,bin_5,Exosome complex component RRP41,EXOSC4,1,30,8
RAG1_HUMAN,P15918,RAG1,E3 ubiquitin-protein ligase RAG1,9,15,4,28,bin_5,E3 ubiquitin-protein ligase RAG1,RAG1,1,3390,24
AKIR2_HUMAN,Q53H80,AKIRIN2,Akirin-2 ,4,18,6,28,bin_5,Akirin-2,AKIRIN2,1,67,8
CERT_HUMAN,Q9Y5P4,CERT1,Ceramide transfer protein ,7,16,5,28,bin_5,Ceramide transfer protein,CERT1,1,106,654
APOD_HUMAN,P05090,APOD,Apolipoprotein D,2,17,9,28,bin_5,Apolipoprotein D,APOD,1,747,728
ID3_HUMAN,Q02535,ID3,DNA-binding protein inhibitor ID-3,5,20,3,28,bin_5,DNA-binding protein inhibitor ID-3,ID3,1,1052,39
EPHA3_HUMAN,P29320,EPHA3,Ephrin type-A receptor 3,4,16,8,28,bin_5,Ephrin type-A receptor 3,EPHA3,1,371,1010
SNX1_HUMAN,Q13596,SNX1,Sorting nexin-1,9,5,14,28,bin_5,Sorting nexin-1,SNX1,1,182,75
EHD3_HUMAN,Q9NZN3,EHD3,EH domain-containing protein 3 ,4,13,11,28,bin_5,EH domain-containing protein 3,EHD3,1,75,120
SNX5_HUMAN,Q9Y5X3,SNX5,Sorting nexin-5,7,8,13,28,bin_5,Sorting nexin-5,SNX5,1,106,42
EPHB3_HUMAN,P54753,EPHB3,Ephrin type-B receptor 3,4,20,4,28,bin_5,Ephrin type-B receptor 3,EPHB3,1,252,34
ACM2_HUMAN,P08172,CHRM2,Muscarinic acetylcholine receptor M2,3,12,13,28,bin_5,Muscarinic acetylcholine receptor M2,CHRM2,1,205,4994
IDHC_HUMAN,O75874,IDH1,Isocitrate dehydrogenase [NADP] cytoplasmic,7,11,10,28,bin_5,Isocitrate dehydrogenase [NADP] cytoplasmic,IDH1,1,5603,1481
PTPRT_HUMAN,Q9NTL1,PTPRT,Receptor-type tyrosine-protein phosphatase T,12,11,5,28,bin_5,Receptor-type tyrosine-protein phosphatase T,PTPRT,1,125,166
RBBP7_HUMAN,Q16576,RBBP7,Histone-binding protein RBBP7,2,16,10,28,bin_5,Histone-binding protein RBBP7,RBBP7,1,123,8
HUWE1_HUMAN,Q9P0A9,HUWE1,E3 ubiquitin-protein ligase HUWE1,5,12,11,28,bin_5,E3 ubiquitin-protein ligase HUWE1,HUWE1,1,340,258
HXK4_HUMAN,P35557,GCK,Hexokinase-4 ,6,19,3,28,bin_5,Hexokinase-4,GCK,1,1633,15
HCFC1_HUMAN,P51610,HCFC1,HCF C-terminal chain 6 ,6,10,12,28,bin_5,HCF C-terminal chain 6,HCFC1,1,577,1
PXDN_HUMAN,Q92626,PXDN,PXDN active fragment ,8,12,8,28,bin_5,peroxidasin,PXDN,1,150,2
HBEGF_HUMAN,Q99075,HBEGF,Heparin-binding EGF-like growth factor,5,17,6,28,bin_5,Heparin-binding EGF-like growth factor,HBEGF,1,2138,1967
ACKR3_HUMAN,P25106,ACKR3,Atypical chemokine receptor 3 ,6,14,8,28,bin_5,Atypical chemokine receptor 3,ACKR3,1,667,212
CAPON_HUMAN,O75052,NOS1AP,Carboxyl-terminal PDZ ligand of neuronal nitric oxide synthase protein ,3,12,13,28,bin_5,Carboxyl-terminal PDZ ligand of neuronal nitric oxide synthase protein,NOS1AP,1,231,9
ARID2_HUMAN,Q68CP9,ARID2,AT-rich interactive domain-containing protein 2 ,2,19,7,28,bin_5,AT-rich interactive domain-containing protein 2,ARID2,1,250,71
SMD1_HUMAN,P62314,SNRPD1,Small nuclear ribonucleoprotein Sm D1,1,6,21,28,bin_5,Small nuclear ribonucleoprotein Sm D1,SNRPD1,1,65,1433
GNAQ_HUMAN,P50148,GNAQ,Guanine nucleotide-binding protein G(q) subunit alpha,6,13,9,28,bin_5,Guanine nucleotide-binding protein G(q) subunit alpha,GNAQ,1,848,632
APOH_HUMAN,P02749,APOH,Beta-2-glycoprotein 1,5,14,9,28,bin_5,Beta-2-glycoprotein 1,APOH,1,262,3106
EGLN1_HUMAN,VRHVDNPNGD,EGLN1,Egl nine homolog 1,7,15,6,28,bin_5,Egl nine homolog 1,EGLN1,1,748,21
GPR37_HUMAN,O15354,GPR37,Prosaposin receptor GPR37,10,9,9,28,bin_5,Prosaposin receptor GPR37,GPR37,1,162,3
TPP1_HUMAN,O14773,TPP1,Tripeptidyl-peptidase 1,9,12,7,28,bin_5,Tripeptidyl-peptidase 1,TPP1,1,736,526
RELB_HUMAN,Q01201,RELB,Transcription factor RelB,4,14,10,28,bin_5,Transcription factor RelB,RELB,1,1578,1040
XPO1_HUMAN,O14980,XPO1,Exportin-1,3,11,14,28,bin_5,Exportin-1,XPO1,1,707,1502
HNF6_HUMAN,Q9UBC0,ONECUT1,Hepatocyte nuclear factor 6,5,21,2,28,bin_5,Hepatocyte nuclear factor 6,ONECUT1,1,188,198
CD40L_HUMAN,P29965,CD40LG,"CD40 ligand, soluble form ",5,17,6,28,bin_5,"CD40 ligand, soluble form",CD40LG,1,8602,179
MOG1_HUMAN,Q9HD47,RANGRF,Ran guanine nucleotide release factor,4,15,9,28,bin_5,Ran guanine nucleotide release factor,RANGRF,1,10,68
MYO9B_HUMAN,Q13459,MYO9B,Unconventional myosin-IXb,11,6,11,28,bin_5,Unconventional myosin-IXb,MYO9B,1,89,9
PRP19_HUMAN,Q9UMS4,PRPF19,Pre-mRNA-processing factor 19 ,4,11,13,28,bin_5,Pre-mRNA-processing factor 19,PRPF19,1,112,0
RHEB_HUMAN,Q15382,RHEB,GTP-binding protein Rheb ,7,11,10,28,bin_5,GTP-binding protein Rheb,RHEB,1,986,536
IGKPRKFSKF,Q13393,PLD1,Phospholipase D1 ,3,10,15,28,bin_5,Phospholipase D1,PLD1,1,846,631
DREB_HUMAN,Q16643,DBN1,Drebrin,3,13,12,28,bin_5,Drebrin,DBN1,1,54,450
ARHG7_HUMAN,Q14155,ARHGEF7,Rho guanine nucleotide exchange factor 7,3,13,12,28,bin_5,Rho guanine nucleotide exchange factor 7,ARHGEF7,1,142,4659
RET4_HUMAN,P02753,RBP4,Plasma retinol-binding protein(1-176),3,22,3,28,bin_5,Plasma retinol-binding protein,RBP4,1,1530,0
TRDN_HUMAN,Q13061,TRDN,Triadin,3,15,10,28,bin_5,Triadin,TRDN,1,133,278
CO1A2_HUMAN,Q9UPH0,COL1A2,Collagen alpha-2(I) chain,8,14,6,28,bin_5,Collagen alpha-2(I) chain,COL1A2,1,2143,361
RB11B_HUMAN,Q8NI07,RAB11B,Ras-related protein Rab-11B,6,13,9,28,bin_5,Ras-related protein Rab-11B,RAB11B,1,125,6
CCG2_HUMAN,Q9Y698,CACNG2,Voltage-dependent calcium channel gamma-2 subunit,3,14,11,28,bin_5,Voltage-dependent calcium channel gamma-2 subunit,CACNG2,1,219,62
XRCC1_HUMAN,P18887,XRCC1,DNA repair protein XRCC1 ,5,16,7,28,bin_5,DNA repair protein XRCC1,XRCC1,1,2557,1948
HEPC_HUMAN,P81172,HAMP,Hepcidin-20,2,23,3,28,bin_5,Hepcidin-20,HAMP,1,2268,33
GPS2_HUMAN,Q13227,GPS2,G protein pathway suppressor 2 ,5,17,6,28,bin_5,G protein pathway suppressor 2,GPS2,1,129,1157
MYH7_HUMAN,Q9H1D5,MYH7,Myosin-7,4,15,9,28,bin_5,Myosin-7,MYH7,1,1439,27
MLP3A_HUMAN,Q9H492,MAP1LC3A,Microtubule-associated proteins 1A/1B light chain 3A,4,15,9,28,bin_5,Microtubule-associated proteins 1A/1B light chain 3A,MAP1LC3A,1,1850,12
UBP33_HUMAN,Q8TEY7,USP33,Ubiquitin carboxyl-terminal hydrolase 33,5,14,9,28,bin_5,Ubiquitin carboxyl-terminal hydrolase 33,USP33,1,81,254
CH3L1_HUMAN,P36222,CHI3L1,Chitinase-3-like protein 1,3,17,8,28,bin_5,Chitinase-3-like protein 1,CHI3L1,1,1748,1646
PLPL9_HUMAN,O60733,PLA2G6,85/88 kDa calcium-independent phospholipase A2,10,11,7,28,bin_5,85/88 kDa calcium-independent phospholipase A2,PLA2G6,1,621,5
ELK1_HUMAN,P19419,ELK1,ETS domain-containing protein Elk-1,9,12,7,28,bin_5,ETS domain-containing protein Elk-1,ELK1,1,1794,44
NAL12_HUMAN,P59046,NLRP12,"NACHT, LRR and PYD domains-containing protein 12",3,23,2,28,bin_5,"NACHT, LRR and PYD domains-containing protein 12",NLRP12,1,296,25
DPOD1_HUMAN,P28340,POLD1,DNA polymerase delta catalytic subunit ,9,12,7,28,bin_5,DNA polymerase delta catalytic subunit,POLD1,1,360,609
PTH1R_HUMAN,Q03431,PTH1R,Parathyroid hormone/parathyroid hormone-related peptide receptor,4,18,6,28,bin_5,Parathyroid hormone/parathyroid hormone-related peptide receptor,PTH1R,1,654,1737
COMD1_HUMAN,Q8N668,COMMD1,COMM domain-containing protein 1,9,10,9,28,bin_5,COMM domain-containing protein 1,COMMD1,1,199,17
RAB32_HUMAN,Q13637,RAB32,Ras-related protein Rab-32,6,9,13,28,bin_5,Ras-related protein Rab-32,RAB32,1,169,1
EPB41_HUMAN,Q8IXV9,EPB41,Protein 4.1,6,9,13,28,bin_5,protein 4.1,EPB41,1,89,48981
ALK_HUMAN,Q9UM73,ALK,ALK tyrosine kinase receptor ,6,18,4,28,bin_5,ALK tyrosine kinase receptor,ALK,1,16246,8328
AT2C1_HUMAN,Q8N6V1,ATP2C1,Calcium-transporting ATPase type 2C member 1,7,13,8,28,bin_5,Calcium-transporting ATPase type 2C member 1,ATP2C1,1,280,6
CD86_HUMAN,Q7M4L5,CD86,T-lymphocyte activation antigen CD86,4,19,5,28,bin_5,CD86,CD86,1,12723,3325
BBC3_HUMAN,Q9BXH1,BBC3,"Bcl-2-binding component 3, isoforms 1/2",0,25,3,28,bin_5,"Bcl-2-binding component 3, isoforms 1/2",BBC3,1,955,0
VMLQPFDYDP,O95292,VAPB,Vesicle-associated membrane protein-associated protein B/C ,7,16,5,28,bin_5,Vesicle-associated membrane protein-associated protein B/C,VAPB,1,415,13
MCL1_HUMAN,Q9UHR9,MCL1,Induced myeloid leukemia cell differentiation protein Mcl-1,5,15,8,28,bin_5,Induced myeloid leukemia cell differentiation protein Mcl-1,MCL1,1,7017,3426
NUCKS_HUMAN,Q9H1E3,NUCKS1,Nuclear ubiquitous casein and cyclin-dependent kinase substrate 1 ,6,17,5,28,bin_5,Nuclear ubiquitous casein and cyclin-dependent kinase substrate 1,NUCKS1,1,89,13
S10AA_HUMAN,P60903,S100A10,Protein S100-A10,4,14,10,28,bin_5,Protein S100-A10,S100A10,1,512,21
SUFU_HUMAN,Q9UMX1,SUFU,Suppressor of fused homolog ,3,18,7,28,bin_5,Suppressor of fused homolog,SUFU,1,792,114
JIP2_HUMAN,Q13387,MAPK8IP2,C-Jun-amino-terminal kinase-interacting protein 2,8,16,4,28,bin_5,C-Jun-amino-terminal kinase-interacting protein 2,MAPK8IP2,1,47,5
KTNB1_HUMAN,Q9BVA0,KATNB1,Katanin p80 WD40 repeat-containing subunit B1 ,4,10,14,28,bin_5,Katanin p80 WD40 repeat-containing subunit B1,KATNB1,1,36,0
ESR2_HUMAN,Q0MWT5,ESR2,Estrogen receptor beta,11,12,5,28,bin_5,Estrogen receptor beta,ESR2,1,1388,15299
STXB3_HUMAN,O00186,STXBP3,Syntaxin-binding protein 3,3,14,11,28,bin_5,Syntaxin-binding protein 3,STXBP3,1,46,86
NIN_HUMAN,Q9C012,NIN,Ninein,4,10,14,28,bin_5,Ninein,NIN,1,3166,131
NSF_HUMAN,P46459,NSF,Vesicle-fusing ATPase,10,11,7,28,bin_5,Vesicle-fusing ATPase,NSF,1,17851,13
LAMB2_HUMAN,P55268,LAMB2,Laminin subunit beta-2,4,14,10,28,bin_5,Laminin subunit beta-2,LAMB2,1,212,61
CP4AB_HUMAN,Q02928,CYP4A11,Cytochrome P450 4A11 ,9,15,4,28,bin_5,Cytochrome P450 4A11,CYP4A11,1,237,89
LLQSEENKNL,O95453,PARN,Poly(A)-specific ribonuclease PARN,9,12,7,28,bin_5,Poly(A)-specific ribonuclease PARN,PARN,1,349,136
NRCAM_HUMAN,Q92823,NRCAM,Neuronal cell adhesion molecule,3,17,8,28,bin_5,Neuronal cell adhesion molecule,NRCAM,1,342,17633
LARP1_HUMAN,Q6PKG0,LARP1,La-related protein 1,10,14,4,28,bin_5,La-related protein 1,LARP1,1,131,98
SRBS1_HUMAN,Q8IVQ4,SORBS1,Sorbin and SH3 domain-containing protein 1,4,11,13,28,bin_5,Sorbin and SH3 domain-containing protein 1,SORBS1,1,99,155
ZBTB1_HUMAN,Q9Y2K1,ZBTB1,Zinc finger and BTB domain-containing protein 1,6,18,4,28,bin_5,Zinc finger and BTB domain-containing protein 1,ZBTB1,1,28,138
DACT1_HUMAN,Q9NYF0,DACT1,Dapper homolog 1,6,17,5,28,bin_5,Dapper homolog 1,DACT1,1,128,20
RTEL1_HUMAN,Q5JTV4,RTEL1,Regulator of telomere elongation helicase 1 ,7,16,5,28,bin_5,Regulator of telomere elongation helicase 1,RTEL1,1,301,64
ADDA_HUMAN,Q16156,ADD1,Alpha-adducin,10,7,11,28,bin_5,Alpha-adducin,ADD1,1,318,721
FOG2_HUMAN,Q8WW38,ZFPM2,Zinc finger protein ZFPM2,5,18,5,28,bin_5,Zinc finger protein ZFPM2,ZFPM2,1,258,57
TKYLKSNSRS,O76039,CDKL5,Cyclin-dependent kinase-like 5 ,7,11,10,28,bin_5,Cyclin-dependent kinase-like 5,CDKL5,1,716,236
KI18A_HUMAN,Q8NI77,KIF18A,Kinesin-like protein KIF18A,7,9,12,28,bin_5,Kinesin-like protein KIF18A,KIF18A,1,169,5
P2RX3_HUMAN,P56373,P2RX3,P2X purinoceptor 3,3,20,5,28,bin_5,P2X purinoceptor 3,P2RX3,1,332,3596
TAP2_HUMAN,Q03519,TAP2,Antigen peptide transporter 2,9,11,8,28,bin_5,Antigen peptide transporter 2,TAP2,1,1046,651
CAC1S_HUMAN,Q13698,CACNA1S,Voltage-dependent L-type calcium channel subunit alpha-1S,6,15,7,28,bin_5,Voltage-dependent L-type calcium channel subunit alpha-1S,CACNA1S,1,612,15
TAF6_HUMAN,P49848,TAF6,Transcription initiation factor TFIID subunit 6,5,15,8,28,bin_5,Transcription initiation factor TFIID subunit 6,TAF6,1,153,19
KCND2_HUMAN,Q9NZV8,KCND2,A-type voltage-gated potassium channel KCND2 ,4,11,13,28,bin_5,A-type voltage-gated potassium channel KCND2,KCND2,1,216,40
S12A5_HUMAN,Q9H2X9,SLC12A5,Solute carrier family 12 member 5,5,15,8,28,bin_5,Solute carrier family 12 member 5,SLC12A5,1,166,1036
SHOT1_HUMAN,Q68DG1,SHTN1,Shootin-1 ,4,12,12,28,bin_5,Shootin-1,SHTN1,1,26,13
TBX21_HUMAN,Q9UL17,TBX21,T-box transcription factor TBX21,7,18,3,28,bin_5,T-box transcription factor TBX21,TBX21,1,1976,1581
TCAB1_HUMAN,Q9BUR4,WRAP53,Telomerase Cajal body protein 1 ,7,14,7,28,bin_5,Telomerase Cajal body protein 1,WRAP53,1,107,24
TCAM2_HUMAN,Q86XR7,TICAM2,TIR domain-containing adapter molecule 2,2,14,12,28,bin_5,TIR domain-containing adapter molecule 2,TICAM2,1,128,48
TCF15_HUMAN,Q12870,TCF15,Transcription factor 15 ,7,18,3,28,bin_5,Transcription factor 15,TCF15,1,44,68373
KCIP2_HUMAN,Q96T42,KCNIP2,A-type potassium channel modulatory protein KCNIP2 ,7,14,7,28,bin_5,A-type potassium channel modulatory protein KCNIP2,KCNIP2,1,146,0
OAS3_HUMAN,Q9Y6K5,OAS3,2'-5'-oligoadenylate synthase 3,4,17,7,28,bin_5,2'-5'-oligoadenylate synthase 3,OAS3,1,227,48
PA24C_HUMAN,Q9UP65,PLA2G4C,Cytosolic phospholipase A2 gamma,9,10,9,28,bin_5,Cytosolic phospholipase A2 gamma,PLA2G4C,1,61,1149
BHA15_HUMAN,Q7RTS1,BHLHA15,Class A basic helix-loop-helix protein 15,7,19,2,28,bin_5,Class A basic helix-loop-helix protein 15,BHLHA15,1,99,0
JUNB_HUMAN,P17275,JUNB,Transcription factor JunB ,5,17,6,28,bin_5,Transcription factor JunB,JUNB,1,2222,1723
TISD_HUMAN,P47974,ZFP36L2,mRNA decay activator protein ZFP36L2 ,3,22,3,28,bin_5,mRNA decay activator protein ZFP36L2,ZFP36L2,1,137,9
NLRC4_HUMAN,Q9NPP4,NLRC4,NLR family CARD domain-containing protein 4,6,16,6,28,bin_5,NLR family CARD domain-containing protein 4,NLRC4,1,1079,331
CHD3_HUMAN,Q12873,CHD3,Chromodomain-helicase-DNA-binding protein 3,10,9,9,28,bin_5,Chromodomain-helicase-DNA-binding protein 3,CHD3,1,268,175
BASP1_HUMAN,P80723,BASP1,Brain acid soluble protein 1,4,12,12,28,bin_5,Brain acid soluble protein 1,BASP1,1,206,2562
ANO1_HUMAN,Q5XXA6,ANO1,Anoctamin-1,9,12,7,28,bin_5,Anoctamin-1,ANO1,1,990,912
PD1L1_HUMAN,Q9NZQ7,CD274,Programmed cell death 1 ligand 1 ,2,19,7,28,bin_5,Programmed cell death 1 ligand 1,CD274,1,9936,16146
ATOH1_HUMAN,Q92858,ATOH1,Transcription factor ATOH1 ,7,19,2,28,bin_5,Transcription factor ATOH1,ATOH1,1,793,670
CRUM2_HUMAN,CEAHVDPCHS,CRB2,Protein crumbs homolog 2 ,3,17,8,28,bin_5,Protein crumbs homolog 2,CRB2,1,237,51
ANPRA_HUMAN,LTEYCPRGSL,NPR1,Atrial natriuretic peptide receptor 1 ,10,15,3,28,bin_5,Atrial natriuretic peptide receptor 1,NPR1,1,1380,3387
ADCY1_HUMAN,Q08828,ADCY1,Adenylate cyclase type 1,5,14,9,28,bin_5,Adenylate cyclase type 1,ADCY1,1,127,3873
RNF41_HUMAN,Q9H4P4,RNF41,E3 ubiquitin-protein ligase NRDP1,9,16,3,28,bin_5,E3 ubiquitin-protein ligase NRDP1,RNF41,1,103,75
DNJB1_HUMAN,P25685,DNAJB1,DnaJ homolog subfamily B member 1,9,8,11,28,bin_5,DnaJ homolog subfamily B member 1,DNAJB1,1,397,47
DDX20_HUMAN,Q9UHI6,DDX20,Probable ATP-dependent RNA helicase DDX20,9,8,11,28,bin_5,Probable ATP-dependent RNA helicase DDX20,DDX20,1,69,0
PDIA3_HUMAN,P30101,PDIA3,Protein disulfide-isomerase A3,7,9,12,28,bin_5,protein disulfide-isomerase A3,PDIA3,1,666,213
SAR1B_HUMAN,Q9Y6B6,SAR1B,Small COPII coat GTPase SAR1B ,5,16,7,28,bin_5,Small COPII coat GTPase SAR1B,SAR1B,1,110,9
NMDE3_HUMAN,Q14957,GRIN2C,"Glutamate receptor ionotropic, NMDA 2C",3,19,6,28,bin_5,"Glutamate receptor ionotropic, NMDA 2C",GRIN2C,1,58,26
STX17_HUMAN,P56962,STX17,Syntaxin-17 ,4,10,14,28,bin_5,Syntaxin-17,STX17,1,231,3077
PDGFC_HUMAN,Q9NRA1,PDGFC,"Platelet-derived growth factor C, receptor-binding form",3,16,9,28,bin_5,"Platelet-derived growth factor C, receptor-binding form",PDGFC,1,305,0
STIL_HUMAN,Q15468,STIL,SCL-interrupting locus protein,1,20,7,28,bin_5,SCL-interrupting locus protein,STIL,1,511,9
CD1D_HUMAN,P15813,CD1D,Antigen-presenting glycoprotein CD1d,7,10,11,28,bin_5,Antigen-presenting glycoprotein CD1d,CD1D,1,2899,100
ZBT7B_HUMAN,O15156,ZBTB7B,Zinc finger and BTB domain-containing protein 7B ,8,19,1,28,bin_5,Zinc finger and BTB domain-containing protein 7B,ZBTB7B,1,86,6
TGFA_HUMAN,P01135,TGFA,Transforming growth factor alpha,4,13,11,28,bin_5,Transforming growth factor alpha,TGFA,1,502,30607
A2MG_HUMAN,P01023,A2M,Alpha-2-macroglobulin,13,10,6,29,bin_5,Alpha-2-macroglobulin,A2M,1,1367,5335
TCPA_HUMAN,P17987,TCP1,T-complex protein 1 subunit alpha,7,11,11,29,bin_5,T-complex protein 1 subunit alpha,TCP1,1,657,101
TRIM5_HUMAN,Q9C034,TRIM5,Tripartite motif-containing protein 5,9,16,4,29,bin_5,Tripartite motif-containing protein 5,TRIM5,1,519,357
TCPQ_HUMAN,P50990,CCT8,T-complex protein 1 subunit theta,6,8,15,29,bin_5,T-complex protein 1 subunit theta,CCT8,1,66,14
P85B_HUMAN,O00459,PIK3R2,Phosphatidylinositol 3-kinase regulatory subunit beta,6,18,5,29,bin_5,Phosphatidylinositol 3-kinase regulatory subunit beta,PIK3R2,1,249,304
LYAM2_HUMAN,P16581,SELE,E-selectin,5,16,8,29,bin_5,E-selectin,SELE,1,1022,9859
TE2IP_HUMAN,Q9NYB0,TERF2IP,Telomeric repeat-binding factor 2-interacting protein 1,3,17,9,29,bin_5,Telomeric repeat-binding factor 2-interacting protein 1,TERF2IP,1,252,6
CDC20_HUMAN,Q12834,CDC20,Cell division cycle protein 20 homolog,3,18,8,29,bin_5,Cell division cycle protein 20 homolog,CDC20,1,1741,1058
KC1E_HUMAN,P49674,CSNK1E,Casein kinase I isoform epsilon,5,17,7,29,bin_5,Casein kinase I isoform epsilon,CSNK1E,1,114,64
ANK1_HUMAN,Q99407,ANK1,Ankyrin-1 ,8,7,14,29,bin_5,Ankyrin-1,ANK1,1,366,1086
TELT_HUMAN,O15273,TCAP,Telethonin,8,18,3,29,bin_5,Telethonin,TCAP,1,325,136
IKKE_HUMAN,Q14164,IKBKE,Inhibitor of nuclear factor kappa-B kinase subunit epsilon,7,16,6,29,bin_5,Inhibitor of nuclear factor kappa-B kinase subunit epsilon,IKBKE,1,1260,55
PA2GA_HUMAN,P14555,PLA2G2A,"Phospholipase A2, membrane associated",4,16,9,29,bin_5,"Phospholipase A2, membrane associated",PLA2G2A,1,317,2230
WWP2_HUMAN,Q9BWN6,WWP2,NEDD4-like E3 ubiquitin-protein ligase WWP2,4,19,6,29,bin_5,NEDD4-like E3 ubiquitin-protein ligase WWP2,WWP2,1,208,7
KETLLSRRGE,O15078,CEP290,Centrosomal protein of 290 kDa,1,14,14,29,bin_5,Centrosomal protein of 290 kDa,CEP290,1,397,23
TRADD_HUMAN,Q15628,TRADD,Tumor necrosis factor receptor type 1-associated DEATH domain protein ,7,13,9,29,bin_5,Tumor necrosis factor receptor type 1-associated DEATH domain protein,TRADD,1,619,49
PACR_HUMAN,P41586,ADCYAP1R1,Pituitary adenylate cyclase-activating polypeptide type I receptor,7,15,7,29,bin_5,Pituitary adenylate cyclase-activating polypeptide type I receptor,ADCYAP1R1,1,262,1194
RHOG_HUMAN,P84095,RHOG,Rho-related GTP-binding protein RhoG,3,15,11,29,bin_5,Rho-related GTP-binding protein RhoG,RHOG,1,459,4
COF1_HUMAN,P23528,CFL1,Cofilin-1,1,14,14,29,bin_5,Cofilin-1,CFL1,1,420,854
MYPT1_HUMAN,O14974,PPP1R12A,Protein phosphatase 1 regulatory subunit 12A,4,11,14,29,bin_5,protein,PPP1R12A,1,412,88
IFNA2_HUMAN,P01563,IFNA2,Interferon alpha-2,2,24,3,29,bin_5,Interferon alpha-2,IFNA2,1,141,11851
CRUM1_HUMAN,Q8WWY1,CRB1,Protein crumbs homolog 1 ,1,17,11,29,bin_5,Protein crumbs homolog 1,CRB1,1,527,86
RTN4R_HUMAN,Q9BZR6,RTN4R,Reticulon-4 receptor,7,10,12,29,bin_5,Reticulon-4 receptor,RTN4R,1,343,389
LQLVGAQVPD,Q9NXE1,RC3H2,Roquin-2,7,17,5,29,bin_5,Roquin-2,RC3H2,1,17,16
KDM5B_HUMAN,Q9UGL1,KDM5B,Lysine-specific demethylase 5B,9,16,4,29,bin_5,Lysine-specific demethylase 5B,KDM5B,1,443,34
S100B_HUMAN,P04271,S100B,Protein S100-B,8,11,10,29,bin_5,Protein S100-B,S100B,1,4189,74
IRF4_HUMAN,Q15306,IRF4,Interferon regulatory factor 4,7,16,6,29,bin_5,Interferon regulatory factor 4,IRF4,1,1959,1273
ANM2_HUMAN,Q9BW15,PRMT2,Protein arginine N-methyltransferase 2,14,10,5,29,bin_5,protein,PRMT2,1,171,838
PNPH_HUMAN,P00491,PNP,Purine nucleoside phosphorylase,6,17,6,29,bin_5,Purine nucleoside phosphorylase,PNP,1,7137,2777
IBP3_HUMAN,P17936,IGFBP3,Insulin-like growth factor-binding protein 3,6,17,6,29,bin_5,Insulin-like growth factor-binding protein 3,IGFBP3,1,8316,5662
EHD2_HUMAN,Q9NZN4,EHD2,EH domain-containing protein 2 ,7,8,14,29,bin_5,EH domain-containing protein 2,EHD2,1,164,123
CXB2_HUMAN,Q9H536,GJB2,Gap junction beta-2 protein,4,17,8,29,bin_5,Gap junction beta-2 protein,GJB2,1,2673,2692
RUXG_HUMAN,P62308,SNRPG,Small nuclear ribonucleoprotein G,1,6,22,29,bin_5,Small nuclear ribonucleoprotein G,SNRPG,1,26,592
MSH6_HUMAN,P52701,MSH6,DNA mismatch repair protein Msh6 ,9,13,7,29,bin_5,DNA mismatch repair protein Msh6,MSH6,1,3137,1132
ZNT5_HUMAN,Q8TAD4,SLC30A5,Proton-coupled zinc antiporter SLC30A5 ,5,10,14,29,bin_5,Proton-coupled zinc antiporter SLC30A5,SLC30A5,1,57,1
AAKG2_HUMAN,Q9UGJ0,PRKAG2,5'-AMP-activated protein kinase subunit gamma-2,10,13,6,29,bin_5,5'-AMP-activated protein kinase subunit gamma-2,PRKAG2,1,288,35
ID4_HUMAN,P47928,ID4,DNA-binding protein inhibitor ID-4,3,23,3,29,bin_5,DNA-binding protein inhibitor ID-4,ID4,1,520,10
KCNE2_HUMAN,Q9Y6J6,KCNE2,Potassium voltage-gated channel subfamily E member 2,6,18,5,29,bin_5,Potassium voltage-gated channel subfamily E member 2,KCNE2,1,322,30
NFIA_HUMAN,Q12857,NFIA,Nuclear factor 1 A-type,6,19,4,29,bin_5,Nuclear factor 1 A-type,NFIA,1,361,22
RAB21_HUMAN,Q9UL25,RAB21,Ras-related protein Rab-21,3,9,17,29,bin_5,Ras-related protein Rab-21,RAB21,1,112,1
LYAM3_HUMAN,P16109,SELP,P-selectin,9,15,5,29,bin_5,P-selectin,SELP,1,823,11683
GBP2_HUMAN,P32456,GBP2,Guanylate-binding protein 2,6,14,9,29,bin_5,Guanylate-binding protein 2,GBP2,1,283,241
BRD7_HUMAN,Q9NPI1,BRD7,Bromodomain-containing protein 7,6,15,8,29,bin_5,Bromodomain-containing protein 7,BRD7,1,172,234
POPD1_HUMAN,Q8NE79,BVES,Blood vessel epicardial substance ,2,19,8,29,bin_5,Blood vessel epicardial substance,BVES,1,120,155
GBRB1_HUMAN,P18505,GABRB1,Gamma-aminobutyric acid receptor subunit beta-1,8,9,12,29,bin_5,Gamma-aminobutyric acid receptor subunit beta-1,GABRB1,1,137,353
RAB6A_HUMAN,P20340,RAB6A,Ras-related protein Rab-6A,4,11,14,29,bin_5,Ras-related protein Rab-6A,RAB6A,1,128,1
ROR2_HUMAN,IYVDSLQMQG,ROR2,Tyrosine-protein kinase transmembrane receptor ROR2,6,14,9,29,bin_5,Tyrosine-protein kinase transmembrane receptor ROR2,ROR2,1,667,27
ATF3_HUMAN,P18847,ATF3,Cyclic AMP-dependent transcription factor ATF-3 ,11,12,6,29,bin_5,Cyclic AMP-dependent transcription factor ATF-3,ATF3,1,2364,4
MICA1_HUMAN,Q9UFF7,MICAL1,[F-actin]-monooxygenase MICAL1 ,11,8,10,29,bin_5,[F-actin]-monooxygenase MICAL1,MICAL1,1,117,1
CSK_HUMAN,P41240,CSK,Tyrosine-protein kinase CSK,9,15,5,29,bin_5,Tyrosine-protein kinase CSK,CSK,1,4614,1856
USF1_HUMAN,P22415,USF1,Upstream stimulatory factor 1,12,12,5,29,bin_5,Upstream stimulatory factor 1,USF1,1,783,905
ITA1_HUMAN,P56199,ITGA1,Integrin alpha-1,5,13,11,29,bin_5,Integrin alpha-1,ITGA1,1,206,1292
IST1_HUMAN,P53990,IST1,IST1 homolog,5,13,11,29,bin_5,IST1 homolog,IST1,1,93,4
AMRP_HUMAN,P30533,LRPAP1,Alpha-2-macroglobulin receptor-associated protein ,8,9,12,29,bin_5,Alpha-2-macroglobulin receptor-associated protein,LRPAP1,1,76,129
CETP_HUMAN,P11597,CETP,Cholesteryl ester transfer protein ,6,18,5,29,bin_5,Cholesteryl ester transfer protein,CETP,1,3632,3879
SPTCS_HUMAN,Q8TBU9,SPG11,Spatacsin,1,19,9,29,bin_5,Spatacsin,SPG11,1,285,65
COR1B_HUMAN,Q9BR76,CORO1B,Coronin-1B,4,14,11,29,bin_5,Coronin-1B,CORO1B,1,14,39
RN168_HUMAN,Q8IYW5,RNF168,E3 ubiquitin-protein ligase RNF168 ,9,14,6,29,bin_5,E3 ubiquitin-protein ligase RNF168,RNF168,1,265,196
FOXF2_HUMAN,Q12947,FOXF2,Forkhead box protein F2,9,14,6,29,bin_5,Forkhead box protein F2,FOXF2,1,162,63
DNJB6_HUMAN,Q6FIC8,DNAJB6,DnaJ homolog subfamily B member 6,8,14,7,29,bin_5,DnaJ homolog subfamily B member 6,DNAJB6,1,196,18
EPS15_HUMAN,P42566,EPS15,Epidermal growth factor receptor substrate 15,4,12,13,29,bin_5,Epidermal growth factor receptor substrate 15,EPS15,1,611,247
ERAP1_HUMAN,Q9NZ08,ERAP1,Endoplasmic reticulum aminopeptidase 1,8,12,9,29,bin_5,Endoplasmic reticulum aminopeptidase 1,ERAP1,1,560,389
IRF8_HUMAN,Q02556,IRF8,Interferon regulatory factor 8 ,4,20,5,29,bin_5,Interferon regulatory factor 8,IRF8,1,1076,743
CARM1_HUMAN,Q86X55,CARM1,Histone-arginine methyltransferase CARM1,13,11,5,29,bin_5,Histone-arginine methyltransferase CARM1,CARM1,1,523,25
AK1C4_HUMAN,P17516,AKR1C4,Aldo-keto reductase family 1 member C4,16,10,3,29,bin_5,Aldo-keto reductase family 1 member C4,AKR1C4,1,128,12
AT2B2_HUMAN,Q01814,ATP2B2,Plasma membrane calcium-transporting ATPase 2,9,7,13,29,bin_5,Plasma membrane calcium-transporting ATPase 2,ATP2B2,1,168,2823
FBLN1_HUMAN,Q9UC21,FBLN1,Fibulin-1,8,14,7,29,bin_5,Fibulin-1,FBLN1,1,167,305
ACTC_HUMAN,P68032,ACTC1,"Actin, alpha cardiac muscle 1, intermediate form",4,11,14,29,bin_5,ACTC1,ACTC1,1,241,3
TFAP4_HUMAN,Q01664,TFAP4,Transcription factor AP-4,10,14,5,29,bin_5,Transcription factor AP-4,TFAP4,1,71,63
PARP2_HUMAN,HDFGLRTPPL,PARP2,Poly [ADP-ribose] polymerase 2 ,12,13,4,29,bin_5,Poly [ADP-ribose] polymerase 2,PARP2,1,614,18398
AT8A1_HUMAN,Q9Y2Q0,ATP8A1,Phospholipid-transporting ATPase IA ,7,7,15,29,bin_5,Phospholipid-transporting ATPase IA,ATP8A1,1,52,1
CASP7_HUMAN,P55210,CASP7,Caspase-7 subunit p11,7,17,5,29,bin_5,Caspase-7 subunit p11,CASP7,1,1076,2
CP2D6_HUMAN,P10635,CYP2D6,Cytochrome P450 2D6 ,8,16,5,29,bin_5,Cytochrome P450 2D6,CYP2D6,1,8945,8078
CALCA_HUMAN,P06881,CALCA,Calcitonin gene-related peptide 1,3,23,3,29,bin_5,Calcitonin gene-related peptide 1,CALCA,1,2574,9750
WLS_HUMAN,Q5T9L3,WLS,Protein wntless homolog,2,13,14,29,bin_5,Protein wntless homolog,WLS,1,941,9
CALCR_HUMAN,Q6T712,CALCR,Calcitonin receptor ,5,17,7,29,bin_5,Calcitonin receptor,CALCR,1,167,9946
FMN2_HUMAN,Q9NZ56,FMN2,Formin-2,1,16,12,29,bin_5,Formin-2,FMN2,1,111,133
5HT2C_HUMAN,P28335,HTR2C,5-hydroxytryptamine receptor 2C ,6,19,4,29,bin_5,5-hydroxytryptamine receptor 2C,HTR2C,1,403,2581
RPGF3_HUMAN,O95398,RAPGEF3,Rap guanine nucleotide exchange factor 3,3,19,7,29,bin_5,Rap guanine nucleotide exchange factor 3,RAPGEF3,1,528,145
INCE_HUMAN,Q9NQS7,INCENP,Inner centromere protein,1,11,17,29,bin_5,Inner centromere protein,INCENP,1,363,526
DMC1_HUMAN,Q14565,DMC1,Meiotic recombination protein DMC1/LIM15 homolog,9,14,6,29,bin_5,Meiotic recombination protein DMC1/LIM15 homolog,DMC1,1,703,2
GTR10_HUMAN,O95528,SLC2A10,"Solute carrier family 2, facilitated glucose transporter member 10 ",4,20,5,29,bin_5,"Solute carrier family 2, facilitated glucose transporter member 10",SLC2A10,1,108,42
CDX2_HUMAN,Q99626,CDX2,Homeobox protein CDX-2,7,17,5,29,bin_5,Homeobox protein CDX-2,CDX2,1,3542,1838
NFIP1_HUMAN,Q9BT67,NDFIP1,NEDD4 family-interacting protein 1,1,19,9,29,bin_5,NEDD4 family-interacting protein 1,NDFIP1,1,97,33
TBG1_HUMAN,P23258,TUBG1,Tubulin gamma-1 chain ,3,7,19,29,bin_5,Tubulin gamma-1 chain,TUBG1,1,68,8
POTE1_HUMAN,Q9NUX5,POT1,Protection of telomeres protein 1,8,17,4,29,bin_5,Protection of telomeres protein 1,POT1,1,927,1259
PSD10_HUMAN,O75832,PSMD10,26S proteasome non-ATPase regulatory subunit 10,5,15,9,29,bin_5,26S proteasome non-ATPase regulatory subunit 10,PSMD10,1,184,22
HEPS_HUMAN,P05981,HPN,Serine protease hepsin catalytic chain,4,17,8,29,bin_5,Serine protease hepsin catalytic chain,HPN,1,1752,6
PTK6_HUMAN,Q13882,PTK6,Protein-tyrosine kinase 6,5,17,7,29,bin_5,protein-tyrosine kinase 6,PTK6,1,265,66393
MAEL_HUMAN,Q96JY0,MAEL,Protein maelstrom homolog,1,18,10,29,bin_5,protein maelstrom homolog,MAEL,1,199,9
HESX1_HUMAN,Q9UBX0,HESX1,Homeobox expressed in ES cells 1,8,19,2,29,bin_5,Homeobox expressed in ES cells 1,HESX1,1,264,452
HEXA_HUMAN,P06865,HEXA,Beta-hexosaminidase subunit alpha ,4,17,8,29,bin_5,Beta-hexosaminidase subunit alpha,HEXA,1,6716,371
S38A3_HUMAN,Q99624,SLC38A3,Sodium-coupled neutral amino acid transporter 3 ,9,17,3,29,bin_5,Sodium-coupled neutral amino acid transporter 3,SLC38A3,1,104,60
ZDHC2_HUMAN,Q9UIJ5,ZDHHC2,Palmitoyltransferase ZDHHC2 ,5,16,8,29,bin_5,Palmitoyltransferase ZDHHC2,ZDHHC2,1,47,8
DUS3_HUMAN,P51452,DUSP3,Dual specificity protein phosphatase 3,9,15,5,29,bin_5,Dual specificity protein phosphatase 3,DUSP3,1,108,108
FRS2_HUMAN,Q8WU20,FRS2,Fibroblast growth factor receptor substrate 2,4,18,7,29,bin_5,Fibroblast growth factor receptor substrate 2,FRS2,1,346,501
CUBN_HUMAN,O60494,CUBN,Cubilin ,5,8,16,29,bin_5,Cubilin,CUBN,1,195,558
MP2K4_HUMAN,P45985,MAP2K4,Dual specificity mitogen-activated protein kinase kinase 4,7,17,5,29,bin_5,Dual specificity mitogen-activated protein kinase kinase 4,MAP2K4,1,575,152
SULF2_HUMAN,Q8IWU5,SULF2,Extracellular sulfatase Sulf-2 secreted form ,4,20,5,29,bin_5,Extracellular sulfatase Sulf-2 secreted form,SULF2,1,255,4
NTF3_HUMAN,P20783,NTF3,Neurotrophin-3,4,20,5,29,bin_5,Neurotrophin-3,NTF3,1,243,3411
GIIVFSYTSQ,Q9H598,SLC32A1,Vesicular inhibitory amino acid transporter ,6,8,15,29,bin_5,Vesicular inhibitory amino acid transporter,SLC32A1,1,181,482
MP2K3_HUMAN,P46734,MAP2K3,Dual specificity mitogen-activated protein kinase kinase 3,6,19,4,29,bin_5,Dual specificity mitogen-activated protein kinase kinase 3,MAP2K3,1,375,466
HME1_HUMAN,Q05925,EN1,Homeobox protein engrailed-1,4,23,2,29,bin_5,Homeobox protein engrailed-1,EN1,1,868,131
FCERG_HUMAN,P30273,FCER1G,High affinity immunoglobulin epsilon receptor subunit gamma,5,17,7,29,bin_5,High affinity immunoglobulin epsilon receptor subunit gamma,FCER1G,1,222,7
PTK7_HUMAN,Q8NFA7,PTK7,Inactive tyrosine-protein kinase 7,4,20,5,29,bin_5,Inactive tyrosine-protein kinase 7,PTK7,1,327,605
XPF_HUMAN,Q92889,ERCC4,DNA repair endonuclease XPF,7,16,6,29,bin_5,DNA repair endonuclease XPF,ERCC4,1,289,426
YBOX3_HUMAN,P16989,YBX3,Y-box-binding protein 3,6,17,6,29,bin_5,Y-box-binding protein 3,YBX3,1,101,438
A2AP_HUMAN,P08697,SERPINF2,Alpha-2-antiplasmin,4,17,8,29,bin_5,Alpha-2-antiplasmin,SERPINF2,1,73,2552
SNX3_HUMAN,Q96AP9,SNX3,Sorting nexin-3,6,14,9,29,bin_5,Sorting nexin-3,SNX3,1,98,29
NPHP3_HUMAN,Q96N70,NPHP3,Nephrocystin-3,0,24,5,29,bin_5,Nephrocystin-3,NPHP3,1,101,48
HAX1_HUMAN,O00165,HAX1,HCLS1-associated protein X-1,2,12,15,29,bin_5,HCLS1-associated protein X-1,HAX1,1,343,22
PUM2_HUMAN,Q8TB72,PUM2,Pumilio homolog 2,5,18,6,29,bin_5,Pumilio homolog 2,PUM2,1,187,38
GSDMD_HUMAN,P57764,GSDMD,"Gasdermin-D, p40 ",6,12,11,29,bin_5,"Gasdermin-D, p40",GSDMD,1,2824,2
SNF8_HUMAN,Q96H20,SNF8,Vacuolar-sorting protein SNF8,3,13,13,29,bin_5,Vacuolar-sorting protein SNF8,SNF8,1,30,0
LHX3_HUMAN,Q9UBR4,LHX3,LIM/homeobox protein Lhx3,8,18,3,29,bin_5,LIM/homeobox protein Lhx3,LHX3,1,364,38
NR0B2_HUMAN,Q15466,NR0B2,Nuclear receptor subfamily 0 group B member 2,8,16,5,29,bin_5,Nuclear receptor subfamily 0 group B member 2,NR0B2,1,152,430
ARI1A_HUMAN,Q9HBJ5,ARID1A,AT-rich interactive domain-containing protein 1A,3,18,8,29,bin_5,AT-rich interactive domain-containing protein 1A,ARID1A,1,2026,97
CLC4M_HUMAN,Q9BXS3,CLEC4M,C-type lectin domain family 4 member M,9,14,6,29,bin_5,C-type lectin domain family 4 member M,CLEC4M,1,211,32
ABI2_HUMAN,Q9NYB9,ABI2,Abl interactor 2 ,7,12,10,29,bin_5,Abl interactor 2,ABI2,1,308,51
VGLU1_HUMAN,Q9P2U7,SLC17A7,Vesicular glutamate transporter 1 ,7,14,8,29,bin_5,Vesicular glutamate transporter 1,SLC17A7,1,555,1085
AKA12_HUMAN,Q02952,AKAP12,A-kinase anchor protein 12,3,18,8,29,bin_5,A-kinase anchor protein 12,AKAP12,1,357,322
SAMH1_HUMAN,Q9Y3Z3,SAMHD1,Deoxynucleoside triphosphate triphosphohydrolase SAMHD1 ,11,13,5,29,bin_5,Deoxynucleoside triphosphate triphosphohydrolase SAMHD1,SAMHD1,1,796,68
DZIP1_HUMAN,Q86YF9,DZIP1,Cilium assembly protein DZIP1 ,3,15,11,29,bin_5,Cilium assembly protein DZIP1,DZIP1,1,61,6
UBQL1_HUMAN,Q9UMX0,UBQLN1,Ubiquilin-1,3,15,11,29,bin_5,Ubiquilin-1,UBQLN1,1,193,94
S5A2_HUMAN,P31213,SRD5A2,3-oxo-5-alpha-steroid 4-dehydrogenase 2,4,22,3,29,bin_5,3-oxo-5-alpha-steroid 4-dehydrogenase 2,SRD5A2,1,626,1100
SUV3_HUMAN,Q8IYB8,SUPV3L1,"ATP-dependent RNA helicase SUPV3L1, mitochondrial",11,13,5,29,bin_5,"ATP-dependent RNA helicase SUPV3L1, mitochondrial",SUPV3L1,1,42,4
CDK7_HUMAN,P50613,CDK7,Cyclin-dependent kinase 7,7,9,13,29,bin_5,Cyclin-dependent kinase 7,CDK7,1,886,10554
SFPQ_HUMAN,P23246,SFPQ,"Splicing factor, proline- and glutamine-rich",6,15,8,29,bin_5,"Splicing factor, proline- and glutamine-rich",SFPQ,1,293,95
PRD16_HUMAN,Q9HAZ2,PRDM16,Histone-lysine N-methyltransferase PRDM16 ,13,11,5,29,bin_5,Histone-lysine N-methyltransferase PRDM16,PRDM16,1,901,14
PPIB_HUMAN,P23284,PPIB,Peptidyl-prolyl cis-trans isomerase B,5,9,15,29,bin_5,Peptidyl-prolyl cis-trans isomerase B,PPIB,1,237,32
PPM1F_HUMAN,P49593,PPM1F,Protein phosphatase 1F,5,20,4,29,bin_5,protein phosphatase 1F,PPM1F,1,58,46
SCIN_HUMAN,Q9Y6U3,SCIN,Scinderin ,6,15,8,29,bin_5,Scinderin,SCIN,1,160,101
MMP3_HUMAN,P08254,MMP3,Stromelysin-1,6,17,6,29,bin_5,Stromelysin-1,MMP3,1,7778,5760
TWF2_HUMAN,Q6IBS0,TWF2,Twinfilin-2,7,13,9,29,bin_5,Twinfilin-2,TWF2,1,21,8
TTC8_HUMAN,Q8TAM2,TTC8,Tetratricopeptide repeat protein 8,1,19,9,29,bin_5,Tetratricopeptide repeat protein 8,TTC8,1,50,155
PPIF_HUMAN,P30405,PPIF,"Peptidyl-prolyl cis-trans isomerase F, mitochondrial",3,20,6,29,bin_5,"Peptidyl-prolyl cis-trans isomerase F, mitochondrial",PPIF,1,310,484
S22A5_HUMAN,O76082,SLC22A5,Organic cation/carnitine transporter 2 ,8,13,8,29,bin_5,Organic cation/carnitine transporter 2,SLC22A5,1,593,497
NUCL_HUMAN,P19338,NCL,Nucleolin,7,9,13,29,bin_5,Nucleolin,NCL,1,10520,1958
CTCF_HUMAN,P49711,CTCF,Transcriptional repressor CTCF,10,13,6,29,bin_5,Transcriptional repressor CTCF,CTCF,1,3086,697
RBP2_HUMAN,PATSIPTPAS,RANBP2,E3 SUMO-protein ligase RanBP2,6,9,14,29,bin_5,E3 SUMO-protein ligase RanBP2,RANBP2,1,533,71
FLILLGSPKL,Q9Y251,HPSE,Heparanase 50 kDa subunit,3,15,11,29,bin_5,Heparanase 50 kDa subunit,HPSE,1,373,17
S26A5_HUMAN,P58743,SLC26A5,Prestin ,8,17,4,29,bin_5,Prestin,SLC26A5,1,217,527
OPHN1_HUMAN,O60890,OPHN1,Oligophrenin-1,4,20,5,29,bin_5,Oligophrenin-1,OPHN1,1,129,76
STX7_HUMAN,O15400,STX7,Syntaxin-7,4,8,18,30,bin_5,Syntaxin-7,STX7,1,46,3029
LAT2_HUMAN,Q9UKQ8,SLC7A8,Large neutral amino acids transporter small subunit 2,12,13,5,30,bin_5,Large neutral amino acids transporter small subunit 2,SLC7A8,1,185,17
TDG_HUMAN,Q13569,TDG,G/T mismatch-specific thymine DNA glycosylase,19,7,4,30,bin_5,G/T mismatch-specific thymine DNA glycosylase,TDG,1,900,782
DDR1_HUMAN,Q5ST12,DDR1,Epithelial discoidin domain-containing receptor 1,5,21,4,30,bin_5,Epithelial discoidin domain-containing receptor 1,DDR1,1,718,5
S29A3_HUMAN,Q9NUS9,SLC29A3,Equilibrative nucleoside transporter 3 ,9,15,6,30,bin_5,Equilibrative nucleoside transporter 3,SLC29A3,1,153,611
F16P1_HUMAN,P09467,FBP1,"Fructose-1,6-bisphosphatase 1",6,21,3,30,bin_5,"Fructose-1,6-bisphosphatase 1",FBP1,1,602,2913
DKC1_HUMAN,O60832,DKC1,H/ACA ribonucleoprotein complex subunit DKC1,5,16,9,30,bin_5,H/ACA ribonucleoprotein complex subunit DKC1,DKC1,1,427,3
VRK1_HUMAN,Q99986,VRK1,Serine/threonine-protein kinase VRK1 ,11,12,7,30,bin_5,Serine/threonine-protein kinase VRK1,VRK1,1,215,145
TEBP_HUMAN,Q15185,PTGES3,Prostaglandin E synthase 3,6,18,6,30,bin_5,Prostaglandin E synthase 3,PTGES3,1,129,2291
KC1A_HUMAN,Q9UDK3,CSNK1A1,Casein kinase I isoform alpha,4,16,10,30,bin_5,Casein kinase I isoform alpha,CSNK1A1,1,119,55
PABP1_HUMAN,P11940,PABPC1,Polyadenylate-binding protein 1 ,6,11,13,30,bin_5,Polyadenylate-binding protein 1,PABPC1,1,302,94
VTI1A_HUMAN,Q96AJ9,VTI1A,Vesicle transport through interaction with t-SNAREs homolog 1A,2,11,17,30,bin_5,Vesicle transport through interaction with t-SNAREs homolog 1A,VTI1A,1,91,2
VTI1B_HUMAN,Q9UEU0,VTI1B,Vesicle transport through interaction with t-SNAREs homolog 1B,3,10,17,30,bin_5,Vesicle transport through interaction with t-SNAREs homolog 1B,VTI1B,1,68,3
PACN2_HUMAN,Q9UNF0,PACSIN2,Protein kinase C and casein kinase substrate in neurons protein 2,5,10,15,30,bin_5,protein,PACSIN2,1,104,27
CADH3_HUMAN,P22223,CDH3,Cadherin-3,3,22,5,30,bin_5,Cadherin-3,CDH3,1,290,28264
CPT1A_HUMAN,P50416,CPT1A,"Carnitine O-palmitoyltransferase 1, liver isoform",4,24,2,30,bin_5,"Carnitine O-palmitoyltransferase 1, liver isoform",CPT1A,1,1417,99
CACB4_HUMAN,O00305,CACNB4,Voltage-dependent L-type calcium channel subunit beta-4 ,2,20,8,30,bin_5,Voltage-dependent L-type calcium channel subunit beta-4,CACNB4,1,94,14
TENX_HUMAN,Q7L8Q4,TNXB,Tenascin-X ,5,18,7,30,bin_5,Tenascin-X,TNXB,1,216,275
SYNJ1_HUMAN,O43426,SYNJ1,Synaptojanin-1,10,12,8,30,bin_5,Synaptojanin-1,SYNJ1,1,158,365
SC6A6_HUMAN,P31641,SLC6A6,Sodium- and chloride-dependent taurine transporter,7,12,11,30,bin_5,Sodium- and chloride-dependent taurine transporter,SLC6A6,1,81,10
FRITZ_HUMAN,O95876,WDPCP,WD repeat-containing and planar cell polarity effector protein fritz homolog,0,26,4,30,bin_5,WD repeat-containing and planar cell polarity effector protein fritz homolog,WDPCP,1,29,1
LIMK1_HUMAN,P53667,LIMK1,LIM domain kinase 1,6,12,12,30,bin_5,LIM domain kinase 1,LIMK1,1,793,3902
S38A1_HUMAN,Q9H2H9,SLC38A1,Sodium-coupled neutral amino acid symporter 1 ,9,14,7,30,bin_5,Sodium-coupled neutral amino acid symporter 1,SLC38A1,1,205,17
CCR6_HUMAN,P51684,CCR6,C-C chemokine receptor type 6,4,19,7,30,bin_5,C-C chemokine receptor type 6,CCR6,1,2171,1155
FABP5_HUMAN,Q01469,FABP5,Fatty acid-binding protein 5 ,5,14,11,30,bin_5,Fatty acid-binding protein 5,FABP5,1,1010,7586
NUP98_HUMAN,Q9Y6J5,NUP98,Nuclear pore complex protein Nup96,8,11,11,30,bin_5,Nuclear pore complex protein Nup96,NUP98,1,769,61
DTLSCPVTEV,Q9BYP7,WNK3,Serine/threonine-protein kinase WNK3 ,5,22,3,30,bin_5,Serine/threonine-protein kinase WNK3,WNK3,1,103,84
GAK_HUMAN,SNFSVIGARE,GAK,Cyclin-G-associated kinase ,6,14,10,30,bin_5,Cyclin-G-associated kinase,GAK,1,583,86
KHDR1_HUMAN,Q07666,KHDRBS1,"KH domain-containing, RNA-binding, signal transduction-associated protein 1",12,11,7,30,bin_5,"KH domain-containing, RNA-binding, signal transduction-associated protein 1",KHDRBS1,1,298,15
CHD8_HUMAN,Q96F26,CHD8,Chromodomain-helicase-DNA-binding protein 8 ,10,15,5,30,bin_5,Chromodomain-helicase-DNA-binding protein 8,CHD8,1,274,131
CUL4A_HUMAN,Q13619,CUL4A,Cullin-4A ,3,22,5,30,bin_5,Cullin-4A,CUL4A,1,424,125
GLRB_HUMAN,P48167,GLRB,Glycine receptor subunit beta,7,12,11,30,bin_5,Glycine receptor subunit beta,GLRB,1,140,622
GLYM_HUMAN,P34897,SHMT2,"Serine hydroxymethyltransferase, mitochondrial",6,15,9,30,bin_5,"Serine hydroxymethyltransferase, mitochondrial",SHMT2,1,242,240
ELAV4_HUMAN,P26378,ELAVL4,ELAV-like protein 4,4,15,11,30,bin_5,ELAV-like protein 4,ELAVL4,1,228,188
ARF4_HUMAN,P18085,ARF4,ADP-ribosylation factor 4,6,16,8,30,bin_5,ADP-ribosylation factor 4,ARF4,1,193,1361
DUOX2_HUMAN,Q9NRD8,DUOX2,Dual oxidase 2,7,13,10,30,bin_5,Dual oxidase 2,DUOX2,1,1050,874
ASCL2_HUMAN,Q99929,ASCL2,Achaete-scute homolog 2,9,17,4,30,bin_5,Achaete-scute homolog 2,ASCL2,1,263,140
HXA13_HUMAN,P31271,HOXA13,Homeobox protein Hox-A13,6,20,4,30,bin_5,Homeobox protein Hox-A13,HOXA13,1,383,9
HTF4_HUMAN,Q99081,TCF12,Transcription factor 12,13,10,7,30,bin_5,Transcription factor 12,TCF12,1,328,122806
DYHC2_HUMAN,Q92815,DYNC2H1,Cytoplasmic dynein 2 heavy chain 1,6,14,10,30,bin_5,Cytoplasmic dynein 2 heavy chain 1,DYNC2H1,1,126,102
PPP5_HUMAN,P53041,PPP5C,Serine/threonine-protein phosphatase 5,12,11,7,30,bin_5,Serine/threonine-protein phosphatase 5,PPP5C,1,35,445
1433F_HUMAN,Q04917,YWHAH,14-3-3 protein eta,9,14,7,30,bin_5,14-3-3 protein eta,YWHAH,1,112,178
PRDX3_HUMAN,P30048,PRDX3,"Thioredoxin-dependent peroxide reductase, mitochondrial",5,16,9,30,bin_5,"Thioredoxin-dependent peroxide reductase, mitochondrial",PRDX3,1,384,29
HIPK1_HUMAN,Q8TBZ1,HIPK1,Homeodomain-interacting protein kinase 1,4,19,7,30,bin_5,Homeodomain-interacting protein kinase 1,HIPK1,1,85,200
VGLU3_HUMAN,Q8NDX2,SLC17A8,Vesicular glutamate transporter 3 ,5,14,11,30,bin_5,Vesicular glutamate transporter 3,SLC17A8,1,142,1404
ARP2_HUMAN,P61160,ACTR2,Actin-related protein 2,3,12,15,30,bin_5,Actin-related protein 2,ACTR2,1,265,1721
RAGP1_HUMAN,P46060,RANGAP1,Ran GTPase-activating protein 1,5,8,17,30,bin_5,Ran GTPase-activating protein 1,RANGAP1,1,251,176
UBR5_HUMAN,O95071,UBR5,E3 ubiquitin-protein ligase UBR5 ,5,17,8,30,bin_5,E3 ubiquitin-protein ligase UBR5,UBR5,1,242,183
HCN4_HUMAN,Q9Y3Q4,HCN4,Potassium/sodium hyperpolarization-activated cyclic nucleotide-gated channel 4,6,19,5,30,bin_5,Potassium/sodium hyperpolarization-activated cyclic nucleotide-gated channel 4,HCN4,1,822,7
UN13B_HUMAN,O14795,UNC13B,Protein unc-13 homolog B ,7,13,10,30,bin_5,protein,UNC13B,1,159,8
RAB17_HUMAN,Q9H0T7,RAB17,Ras-related protein Rab-17,3,13,14,30,bin_5,Ras-related protein Rab-17,RAB17,1,86,0
RAB1A_HUMAN,P62820,RAB1A,Ras-related protein Rab-1A,4,17,9,30,bin_5,Ras-related protein Rab-1A,RAB1A,1,227,10
IF2A_HUMAN,P05198,EIF2S1,Eukaryotic translation initiation factor 2 subunit 1,3,16,11,30,bin_5,Eukaryotic translation initiation factor 2 subunit 1,EIF2S1,1,121,1179
TRI22_HUMAN,Q8IYM9,TRIM22,E3 ubiquitin-protein ligase TRIM22,8,14,8,30,bin_5,E3 ubiquitin-protein ligase TRIM22,TRIM22,1,186,34
ARL3_HUMAN,P36405,ARL3,ADP-ribosylation factor-like protein 3,5,12,13,30,bin_5,ADP-ribosylation factor-like protein 3,ARL3,1,160,99
TPPP_HUMAN,O94811,TPPP,Tubulin polymerization-promoting protein ,7,13,10,30,bin_5,Tubulin polymerization-promoting protein,TPPP,1,236,127
CP2E1_HUMAN,P05181,CYP2E1,Cytochrome P450 2E1 ,14,12,4,30,bin_5,Cytochrome P450 2E1,CYP2E1,1,6841,6752
ATPA_HUMAN,Q9BTV8,ATP5F1A,"ATP synthase subunit alpha, mitochondrial ",8,10,12,30,bin_5,"ATP synthase subunit alpha, mitochondrial",ATP5F1A,1,46,674
GBRAP_HUMAN,O95166,GABARAP,Gamma-aminobutyric acid receptor-associated protein ,5,11,14,30,bin_5,Gamma-aminobutyric acid receptor-associated protein,GABARAP,1,630,196
CALC_HUMAN,P01258,CALCA,Katacalcin,3,21,6,30,bin_5,Katacalcin,CALCA,1,2574,101
ITB4_HUMAN,P16144,ITGB4,Integrin beta-4,3,14,13,30,bin_5,Integrin beta-4,ITGB4,1,419,1372
ROBO2_HUMAN,Q9HCK4,ROBO2,Roundabout homolog 2,2,24,4,30,bin_5,Roundabout homolog 2,ROBO2,1,413,263
EPS8_HUMAN,Q12929,EPS8,Epidermal growth factor receptor kinase substrate 8,2,16,12,30,bin_5,Epidermal growth factor receptor kinase substrate 8,EPS8,1,298,301
APJ_HUMAN,P35414,APLNR,Apelin receptor,3,26,1,30,bin_5,Apelin receptor,APLNR,1,994,1429
IPSP_HUMAN,P05154,SERPINA5,Plasma serine protease inhibitor,7,4,19,30,bin_5,Plasma serine protease inhibitor,SERPINA5,1,100,16032
TNIK_HUMAN,Q9UKE1,TNIK,TRAF2 and NCK-interacting protein kinase,4,15,11,30,bin_5,TRAF2 and NCK-interacting protein kinase,TNIK,1,159,74
CARD8_HUMAN,Q96P82,CARD8,"Caspase recruitment domain-containing protein 8, N-terminus ",8,15,7,30,bin_5,"Caspase recruitment domain-containing protein 8, N-terminus",CARD8,1,269,1
ATF5_HUMAN,Q9Y2D1,ATF5,Cyclic AMP-dependent transcription factor ATF-5,9,15,6,30,bin_5,Cyclic AMP-dependent transcription factor ATF-5,ATF5,1,268,0
APOC1_HUMAN,P02654,APOC1,Truncated apolipoprotein C-I,5,20,5,30,bin_5,Truncated apolipoprotein C-I,APOC1,1,427,20
EPHA7_HUMAN,Q15375,EPHA7,Ephrin type-A receptor 7,7,20,3,30,bin_5,Ephrin type-A receptor 7,EPHA7,1,271,539
GGYF2_HUMAN,Q6Y7W6,GIGYF2,GRB10-interacting GYF protein 2 ,4,16,10,30,bin_5,GRB10-interacting GYF protein 2,GIGYF2,1,100,35
RL11_HUMAN,P62913,RPL11,Large ribosomal subunit protein uL5 ,5,16,9,30,bin_5,Large ribosomal subunit protein uL5,RPL11,1,276,13
PI3R4_HUMAN,Q99570,PIK3R4,Phosphoinositide 3-kinase regulatory subunit 4,4,14,12,30,bin_5,Phosphoinositide 3-kinase regulatory subunit 4,PIK3R4,1,78,89
PI51A_HUMAN,Q99755,PIP5K1A,Phosphatidylinositol 4-phosphate 5-kinase type-1 alpha ,6,16,8,30,bin_5,Phosphatidylinositol 4-phosphate 5-kinase type-1 alpha,PIP5K1A,1,53,13
TOLIP_HUMAN,Q9H0E2,TOLLIP,Toll-interacting protein,8,11,11,30,bin_5,Toll-interacting protein,TOLLIP,1,417,193
TP53B_HUMAN,Q12888,TP53BP1,TP53-binding protein 1 ,9,12,9,30,bin_5,TP53-binding protein 1,TP53BP1,1,934,32
GIPC1_HUMAN,O14908,GIPC1,PDZ domain-containing protein GIPC1,5,13,12,30,bin_5,PDZ domain-containing protein GIPC1,GIPC1,1,188,29
ADA15_HUMAN,Q71S69,ADAM15,Disintegrin and metalloproteinase domain-containing protein 15,6,17,7,30,bin_5,Disintegrin and metalloproteinase domain-containing protein 15,ADAM15,1,248,25
MTA1_HUMAN,Q13330,MTA1,Metastasis-associated protein MTA1,7,15,8,30,bin_5,Metastasis-associated protein MTA1,MTA1,1,692,382
NDC80_HUMAN,O14777,NDC80,Kinetochore protein NDC80 homolog,4,17,9,30,bin_5,Kinetochore protein NDC80 homolog,NDC80,1,636,28
BC11B_HUMAN,Q9C0K0,BCL11B,B-cell lymphoma/leukemia 11B,5,22,3,30,bin_5,B-cell lymphoma/leukemia 11B,BCL11B,1,530,49
CTND1_HUMAN,Q9UP71,CTNND1,Catenin delta-1,5,7,18,30,bin_5,Catenin delta-1,CTNND1,1,470,1175
MP2K5_HUMAN,Q13163,MAP2K5,Dual specificity mitogen-activated protein kinase kinase 5,7,22,1,30,bin_5,Dual specificity mitogen-activated protein kinase kinase 5,MAP2K5,1,222,2
FEN1_HUMAN,P39748,FEN1,Flap endonuclease 1 ,12,11,7,30,bin_5,Flap endonuclease 1,FEN1,1,937,904
BDNF_HUMAN,Q9UC24,BDNF,BDNF precursor form ,2,20,8,30,bin_5,BDNF,BDNF,1,34343,132
SHLB1_HUMAN,Q9Y371,SH3GLB1,Endophilin-B1,4,17,9,30,bin_5,Endophilin-B1,SH3GLB1,1,79,48
CXCR2_HUMAN,P25025,CXCR2,C-X-C chemokine receptor type 2,6,15,9,30,bin_5,C-X-C chemokine receptor type 2,CXCR2,1,3296,2216
SOX18_HUMAN,P35713,SOX18,Transcription factor SOX-18,5,22,3,30,bin_5,Transcription factor SOX-18,SOX18,1,270,710
BRCC3_HUMAN,Q16107,BRCC3,Lys-63-specific deubiquitinase BRCC36,7,14,9,30,bin_5,Lys-63-specific deubiquitinase BRCC36,BRCC3,1,116,2
MBP_HUMAN,Q15338,MBP,Myelin basic protein,4,15,11,30,bin_5,Myelin basic protein,MBP,1,16649,12876
YES_HUMAN,P07947,YES1,Tyrosine-protein kinase Yes,7,16,7,30,bin_5,Tyrosine-protein kinase Yes,YES1,1,393,1009
BST2_HUMAN,Q10589,BST2,Bone marrow stromal antigen 2,4,17,9,30,bin_5,Bone marrow stromal antigen 2,BST2,1,758,125
CSN5_HUMAN,Q92905,COPS5,COP9 signalosome complex subunit 5,8,13,9,30,bin_5,COP9 signalosome complex subunit 5,COPS5,1,382,149
BIRC3_HUMAN,Q13489,BIRC3,Baculoviral IAP repeat-containing protein 3,6,19,5,30,bin_5,Baculoviral IAP repeat-containing protein 3,BIRC3,1,736,395
SPTN2_HUMAN,O15020,SPTBN2,"Spectrin beta chain, non-erythrocytic 2",7,8,15,30,bin_5,"Spectrin beta chain, non-erythrocytic 2",SPTBN2,1,108,16
BID_HUMAN,P55957,BID,BH3-interacting domain death agonist p11,3,23,4,30,bin_5,BH3-interacting domain death agonist p11,BID,1,20158,3
FKBP8_HUMAN,Q14318,FKBP8,Peptidyl-prolyl cis-trans isomerase FKBP8,6,16,8,30,bin_5,Peptidyl-prolyl cis-trans isomerase FKBP8,FKBP8,1,141,98
CAMP3_HUMAN,Q9P1Y5,CAMSAP3,Calmodulin-regulated spectrin-associated protein 3 ,5,19,7,31,bin_5,Calmodulin-regulated spectrin-associated protein 3,CAMSAP3,1,51,26
SRPK2_HUMAN,P78362,SRPK2,SRSF protein kinase 2 C-terminal,6,18,7,31,bin_5,SRSF protein kinase 2 C-terminal,SRPK2,1,100,0
VAPA_HUMAN,Q9P0L0,VAPA,Vesicle-associated membrane protein-associated protein A ,6,15,10,31,bin_5,Vesicle-associated membrane protein-associated protein A,VAPA,1,514,33
CATC_HUMAN,Q7Z5U7,CTSC,Dipeptidyl peptidase 1 light chain,9,9,13,31,bin_5,Dipeptidyl peptidase 1 light chain,CTSC,1,352,46
ACM3_HUMAN,P20309,CHRM3,Muscarinic acetylcholine receptor M3,5,19,7,31,bin_5,Muscarinic acetylcholine receptor M3,CHRM3,1,223,4178
IF2B1_HUMAN,Q9NZI8,IGF2BP1,Insulin-like growth factor 2 mRNA-binding protein 1,6,11,14,31,bin_5,Insulin-like growth factor 2 mRNA-binding protein 1,IGF2BP1,1,731,454
KDM2B_HUMAN,Q8NHM5,KDM2B,Lysine-specific demethylase 2B,9,17,5,31,bin_5,Lysine-specific demethylase 2B,KDM2B,1,199,28
CD209_HUMAN,Q96QQ1,CD209,CD209 antigen,6,18,7,31,bin_5,CD209 antigen,CD209,1,565,1205
MAFB_HUMAN,Q9Y5Q3,MAFB,Transcription factor MafB,6,22,3,31,bin_5,Transcription factor MafB,MAFB,1,756,556
UBP8_HUMAN,P40818,USP8,Ubiquitin carboxyl-terminal hydrolase 8 ,6,15,10,31,bin_5,Ubiquitin carboxyl-terminal hydrolase 8,USP8,1,363,986
TRBP2_HUMAN,Q15633,TARBP2,RISC-loading complex subunit TARBP2 ,9,14,8,31,bin_5,RISC-loading complex subunit TARBP2,TARBP2,1,90,0
AKAP6_HUMAN,Q13023,AKAP6,A-kinase anchor protein 6,6,15,10,31,bin_5,A-kinase anchor protein 6,AKAP6,1,68,296
IRAK4_HUMAN,Q9NWZ3,IRAK4,Interleukin-1 receptor-associated kinase 4,7,16,8,31,bin_5,Interleukin-1 receptor-associated kinase 4,IRAK4,1,974,1984
ACL6B_HUMAN,O94805,ACTL6B,Actin-like protein 6B ,3,17,11,31,bin_5,Actin-like protein 6B,ACTL6B,1,28,3
INTU_HUMAN,Q9ULD6,INTU,Protein inturned,0,24,7,31,bin_5,protein,INTU,1,55,35
IL23R_HUMAN,Q8IW84,IL23R,Interleukin-23 receptor,2,25,4,31,bin_5,Interleukin-23 receptor,IL23R,1,1342,2232
HXK2_HUMAN,P52789,HK2,Hexokinase-2 ,5,19,7,31,bin_5,Hexokinase-2,HK2,1,6551,12453
ABCC9_HUMAN,O60706,ABCC9,ATP-binding cassette sub-family C member 9,10,16,5,31,bin_5,ATP-binding cassette sub-family C member 9,ABCC9,1,422,49
LTOR1_HUMAN,Q6IAA8,LAMTOR1,Ragulator complex protein LAMTOR1 ,2,18,11,31,bin_5,Ragulator complex protein LAMTOR1,LAMTOR1,1,91,28
AFG32_HUMAN,Q9Y4W6,AFG3L2,Mitochondrial inner membrane m-AAA protease component AFG3L2 ,7,21,3,31,bin_5,Mitochondrial inner membrane m-AAA protease component AFG3L2,AFG3L2,1,125,5
HNRPK_HUMAN,P61978,HNRNPK,Heterogeneous nuclear ribonucleoprotein K,6,13,12,31,bin_5,Heterogeneous nuclear ribonucleoprotein K,HNRNPK,1,444,569
KCC2B_HUMAN,Q9Y6F4,CAMK2B,Calcium/calmodulin-dependent protein kinase type II subunit beta,8,14,9,31,bin_5,Calcium/calmodulin-dependent protein kinase type II subunit beta,CAMK2B,1,150,184
STAU2_HUMAN,Q6AHY7,STAU2,Double-stranded RNA-binding protein Staufen homolog 2,7,11,13,31,bin_5,Double-stranded RNA-binding protein Staufen homolog 2,STAU2,1,83,11
ACM1_HUMAN,P11229,CHRM1,Muscarinic acetylcholine receptor M1,3,18,10,31,bin_5,Muscarinic acetylcholine receptor M1,CHRM1,1,158,5366
ACACB_HUMAN,O00763,ACACB,Acetyl-CoA carboxylase 2 ,5,21,5,31,bin_5,Acetyl-CoA carboxylase 2,ACACB,1,263,3622
BRSK2_HUMAN,Q8IWQ3,BRSK2,Serine/threonine-protein kinase BRSK2,9,17,5,31,bin_5,Serine/threonine-protein kinase BRSK2,BRSK2,1,70,50
TENR_HUMAN,Q92752,TNR,Tenascin-R,0,22,9,31,bin_5,Tenascin-R,TNR,1,905,303
TULP3_HUMAN,O75386,TULP3,Tubby-related protein 3 ,6,16,9,31,bin_5,Tubby-related protein 3,TULP3,1,67,3
ABL2_HUMAN,Q7Z301,ABL2,Tyrosine-protein kinase ABL2,9,19,3,31,bin_5,Tyrosine-protein kinase ABL2,ABL2,1,249,129
KAP0_HUMAN,P10644,PRKAR1A,cAMP-dependent protein kinase type I-alpha regulatory subunit,6,12,13,31,bin_5,cAMP-dependent protein kinase type I-alpha regulatory subunit,PRKAR1A,1,815,49
STAU1_HUMAN,O95793,STAU1,Double-stranded RNA-binding protein Staufen homolog 1,4,10,17,31,bin_5,Double-stranded RNA-binding protein Staufen homolog 1,STAU1,1,232,20
AGRG1_HUMAN,Q9Y653,ADGRG1,ADGRG1 C-terminal fragment,4,22,5,31,bin_5,ADGRG1 C-terminal fragment,ADGRG1,1,199,9
TF2B_HUMAN,Q00403,GTF2B,Transcription initiation factor IIB ,10,10,11,31,bin_5,Transcription initiation factor IIB,GTF2B,1,25,120
FZD7_HUMAN,O75084,FZD7,Frizzled-7,6,21,4,31,bin_5,Frizzled-7,FZD7,1,413,171
MED12_HUMAN,Q93074,MED12,Mediator of RNA polymerase II transcription subunit 12,9,16,6,31,bin_5,Mediator of RNA polymerase II transcription subunit 12,MED12,1,632,161
STA5A_HUMAN,P42229,STAT5A,Signal transducer and activator of transcription 5A,4,21,6,31,bin_5,Signal transducer and activator of transcription 5A,STAT5A,1,1552,5578
UBC9_HUMAN,P63279,UBE2I,SUMO-conjugating enzyme UBC9,9,11,11,31,bin_5,SUMO-conjugating enzyme UBC9,UBE2I,1,95,215
GBRA5_HUMAN,P31644,GABRA5,Gamma-aminobutyric acid receptor subunit alpha-5 ,6,11,14,31,bin_5,Gamma-aminobutyric acid receptor subunit alpha-5,GABRA5,1,296,255
TPC2_HUMAN,Q8NHX9,TPCN2,Two pore channel protein 2,8,15,8,31,bin_5,Two pore channel protein 2,TPCN2,1,152,2817
PIAS4_HUMAN,Q8N2W9,PIAS4,E3 SUMO-protein ligase PIAS4 ,7,17,7,31,bin_5,E3 SUMO-protein ligase PIAS4,PIAS4,1,178,73
FBN1_HUMAN,P35555,FBN1,Asprosin ,8,16,7,31,bin_5,Asprosin,FBN1,1,2617,249
ZP3_HUMAN,P21754,ZP3,Processed zona pellucida sperm-binding protein 3,6,20,5,31,bin_5,Processed zona pellucida sperm-binding protein 3,ZP3,1,869,4
PLF4_HUMAN,P02776,PF4,"Platelet factor 4, short form",4,22,5,31,bin_5,Platelet factor 4,PF4,1,2932,4
AT1A4_HUMAN,Q13733,ATP1A4,Sodium/potassium-transporting ATPase subunit alpha-4 ,6,18,7,31,bin_5,Sodium/potassium-transporting ATPase subunit alpha-4,ATP1A4,1,49,2
NSSAQAFLGP,Q14683,SMC1A,Structural maintenance of chromosomes protein 1A,7,12,12,31,bin_5,Structural maintenance of chromosomes protein 1A,SMC1A,1,287,59
VVAVTGDGTN,P20020,ATP2B1,Plasma membrane calcium-transporting ATPase 1 ,8,11,12,31,bin_5,Plasma membrane calcium-transporting ATPase 1,ATP2B1,1,249,2824
S27A4_HUMAN,Q6P1M0,SLC27A4,Long-chain fatty acid transport protein 4 ,9,16,6,31,bin_5,Long-chain fatty acid transport protein 4,SLC27A4,1,201,506
OPTN_HUMAN,Q8N562,OPTN,Optineurin,5,16,10,31,bin_5,Optineurin,OPTN,1,1682,623
PERM_HUMAN,P05164,MPO,Myeloperoxidase heavy chain,5,15,11,31,bin_5,Myeloperoxidase heavy chain,MPO,1,17987,731
RYK_HUMAN,P34925,RYK,Tyrosine-protein kinase RYK ,7,19,5,31,bin_5,Tyrosine-protein kinase RYK,RYK,1,456,169
EXOS9_HUMAN,Q06265,EXOSC9,Exosome complex component RRP45,4,16,11,31,bin_5,Exosome complex component RRP45,EXOSC9,1,29,3
PER1_HUMAN,DPGHPDDPLF,PER1,Period circadian protein homolog 1,8,19,4,31,bin_5,Period circadian protein homolog 1,PER1,1,2385,261
NCBP2_HUMAN,P52298,NCBP2,Nuclear cap-binding protein subunit 2,6,20,5,31,bin_5,Nuclear cap-binding protein subunit 2,NCBP2,1,61,72
ABCA4_HUMAN,P78363,ABCA4,Retinal-specific phospholipid-transporting ATPase ABCA4 ,14,9,8,31,bin_5,Retinal-specific phospholipid-transporting ATPase ABCA4,ABCA4,1,1145,1
P3C2A_HUMAN,O00443,PIK3C2A,Phosphatidylinositol 4-phosphate 3-kinase C2 domain-containing subunit alpha,6,14,11,31,bin_5,Phosphatidylinositol 4-phosphate 3-kinase C2 domain-containing subunit alpha,PIK3C2A,1,102,2
BIG2_HUMAN,Q9Y6D5,ARFGEF2,Brefeldin A-inhibited guanine nucleotide-exchange protein 2,4,9,18,31,bin_5,Brefeldin A-inhibited guanine nucleotide-exchange protein 2,ARFGEF2,1,73,31
WASF2_HUMAN,Q9Y6W5,WASF2,Actin-binding protein WASF2 ,6,14,11,31,bin_5,Actin-binding protein WASF2,WASF2,1,145,126
NCOA2_HUMAN,Q15596,NCOA2,Nuclear receptor coactivator 2,9,16,6,31,bin_5,Nuclear receptor coactivator 2,NCOA2,1,600,668
PECA1_HUMAN,Q9NPB7,PECAM1,Platelet endothelial cell adhesion molecule,2,20,9,31,bin_5,Platelet endothelial cell adhesion molecule,PECAM1,1,2523,9545
USH1C_HUMAN,Q9Y6N9,USH1C,Harmonin,1,16,14,31,bin_5,Harmonin,USH1C,1,209,111
ANKR1_HUMAN,Q15327,ANKRD1,Ankyrin repeat domain-containing protein 1,8,16,7,31,bin_5,Ankyrin repeat domain-containing protein 1,ANKRD1,1,266,195
BICD1_HUMAN,Q96G01,BICD1,Protein bicaudal D homolog 1,8,15,8,31,bin_5,Protein bicaudal D homolog 1,BICD1,1,50,20
RUNX3_HUMAN,Q13761,RUNX3,Runt-related transcription factor 3,7,16,8,31,bin_5,Runt-related transcription factor 3,RUNX3,1,1636,275
ROA1_HUMAN,P09651,HNRNPA1,"Heterogeneous nuclear ribonucleoprotein A1, N-terminally processed",11,11,9,31,bin_5,Heterogeneous nuclear ribonucleoprotein A1,HNRNPA1,1,629,0
SHOX2_HUMAN,O60902,SHOX2,Short stature homeobox protein 2,2,27,2,31,bin_5,Short stature homeobox protein 2,SHOX2,1,300,221
PCM1_HUMAN,Q9H4A2,PCM1,Pericentriolar material 1 protein ,2,16,13,31,bin_5,Pericentriolar material 1 protein,PCM1,1,332,3131
APBB1_HUMAN,Q96A93,APBB1,Amyloid beta precursor protein binding family B member 1 ,8,14,9,31,bin_5,Amyloid beta precursor protein binding family B member 1,APBB1,1,204,42
NEK6_HUMAN,Q9HC98,NEK6,Serine/threonine-protein kinase Nek6 ,9,13,9,31,bin_5,Serine/threonine-protein kinase Nek6,NEK6,1,145,118
DLX5_HUMAN,P56178,DLX5,Homeobox protein DLX-5,6,22,3,31,bin_5,Homeobox protein DLX-5,DLX5,1,834,21
VEGFB_HUMAN,P49765,VEGFB,Vascular endothelial growth factor B,6,21,4,31,bin_5,Vascular endothelial growth factor B,VEGFB,1,828,444
RIMS1_HUMAN,Q9HBA1,RIMS1,Regulating synaptic membrane exocytosis protein 1,5,20,6,31,bin_5,Regulating synaptic membrane exocytosis protein 1,RIMS1,1,149,519
SGRKLRRRTL,Q9NR48,ASH1L,Histone-lysine N-methyltransferase ASH1L,10,16,5,31,bin_5,Histone-lysine N-methyltransferase ASH1L,ASH1L,1,152,84
SAP_HUMAN,GTEKCIWGPS,PSAP,Saposin-D,11,9,11,31,bin_5,Saposin-D,PSAP,1,954,819
E41L5_HUMAN,Q9HCM4,EPB41L5,Band 4.1-like protein 5,2,21,8,31,bin_5,Band 4.1-like protein 5,EPB41L5,1,46,152
BBS7_HUMAN,Q8IWZ6,BBS7,Bardet-Biedl syndrome 7 protein,1,19,11,31,bin_5,Bardet-Biedl syndrome 7 protein,BBS7,1,89,4
ALKB1_HUMAN,Q13686,ALKBH1,Nucleic acid dioxygenase ALKBH1 ,9,16,6,31,bin_5,Nucleic acid dioxygenase ALKBH1,ALKBH1,1,141,68
RABX5_HUMAN,Q9UJ41,RABGEF1,Rab5 GDP/GTP exchange factor,5,20,6,31,bin_5,Rab5 GDP/GTP exchange factor,RABGEF1,1,84,219
ARI5A_HUMAN,Q03989,ARID5A,AT-rich interactive domain-containing protein 5A,12,15,4,31,bin_5,AT-rich interactive domain-containing protein 5A,ARID5A,1,78,17
DDX17_HUMAN,Q92841,DDX17,Probable ATP-dependent RNA helicase DDX17,8,15,8,31,bin_5,Probable ATP-dependent RNA helicase DDX17,DDX17,1,193,1
NOTC4_HUMAN,Q9UIJ0,NOTCH4,Notch 4 intracellular domain,5,18,8,31,bin_5,Notch 4 intracellular domain,NOTCH4,1,846,489
EDA_HUMAN,Q9Y6L0,EDA,"Ectodysplasin-A, secreted form",5,17,9,31,bin_5,"Ectodysplasin-A, secreted form",EDA,1,7013,50
EDN2_HUMAN,P20800,EDN2,Endothelin-2,2,27,2,31,bin_5,Endothelin-2,EDN2,1,102,451
RAMP3_HUMAN,O60896,RAMP3,Receptor activity-modifying protein 3,4,21,6,31,bin_5,Receptor activity-modifying protein 3,RAMP3,1,315,194
EF1A1_HUMAN,P68104,EEF1A1,Elongation factor 1-alpha 1,8,6,17,31,bin_5,Elongation factor 1-alpha 1,EEF1A1,1,457,2736
PRLR_HUMAN,Q9UHJ5,PRLR,Prolactin receptor,6,19,6,31,bin_5,Prolactin receptor,PRLR,1,1306,11766
EFNB2_HUMAN,P52799,EFNB2,Ephrin-B2,2,22,7,31,bin_5,Ephrin-B2,EFNB2,1,300,1058
GMIKMDVVDG,Q96RD7,PANX1,Caspase-activated pannexin-1 ,13,11,7,31,bin_5,Caspase-activated pannexin-1,PANX1,1,846,3
SAC2_HUMAN,Q9NT51,INPP5F,Phosphatidylinositide phosphatase SAC2 ,7,15,9,31,bin_5,Phosphatidylinositide phosphatase SAC2,INPP5F,1,53,1
NKX22_HUMAN,O95096,NKX2-2,Homeobox protein Nkx-2.2,4,24,3,31,bin_5,Homeobox protein Nkx-2.2,NKX2-2,1,634,563
PO3F2_HUMAN,P20265,POU3F2,"POU domain, class 3, transcription factor 2",7,21,3,31,bin_5,"POU domain, class 3, transcription factor 2",POU3F2,1,183,105
HEMH_HUMAN,P22830,FECH,"Ferrochelatase, mitochondrial",7,22,3,32,bin_5,"Ferrochelatase, mitochondrial",FECH,1,367,309
AREG_HUMAN,P15514,AREG,Amphiregulin ,5,19,8,32,bin_5,Amphiregulin,AREG,1,1399,1786
BMI1_HUMAN,P35226,BMI1,Polycomb complex protein BMI-1,5,19,8,32,bin_5,Polycomb complex protein BMI-1,BMI1,1,2676,583
NDKB_HUMAN,P22392,NME2,Nucleoside diphosphate kinase B,8,13,11,32,bin_5,Nucleoside diphosphate kinase B,NME2,1,1011,1457
MTMR2_HUMAN,Q13614,MTMR2,Myotubularin-related protein 2 ,4,13,15,32,bin_5,Myotubularin-related protein 2,MTMR2,1,136,99
MMP12_HUMAN,P39900,MMP12,Macrophage metalloelastase,8,21,3,32,bin_5,Macrophage metalloelastase,MMP12,1,1759,1059
CXL13_HUMAN,O43927,CXCL13,C-X-C motif chemokine 13,8,22,2,32,bin_5,C-X-C motif chemokine 13,CXCL13,1,2393,608
MYO1D_HUMAN,O94832,MYO1D,Unconventional myosin-Id,6,6,20,32,bin_5,Unconventional myosin-Id,MYO1D,1,63,11
MBD2_HUMAN,Q9UBB5,MBD2,Methyl-CpG-binding domain protein 2 ,9,16,7,32,bin_5,Methyl-CpG-binding domain protein 2,MBD2,1,602,663
PLEK_HUMAN,P08567,PLEK,Pleckstrin,3,23,6,32,bin_5,Pleckstrin,PLEK,1,110,3355
MRP5_HUMAN,Q9UQC3,ABCC5,ATP-binding cassette sub-family C member 5,13,13,6,32,bin_5,ATP-binding cassette sub-family C member 5,ABCC5,1,366,95
ALDOA_HUMAN,P04075,ALDOA,Fructose-bisphosphate aldolase A ,8,10,14,32,bin_5,Fructose-bisphosphate aldolase A,ALDOA,1,330,7315
NCK2_HUMAN,O43639,NCK2,Cytoplasmic protein NCK2,7,20,5,32,bin_5,Cytoplasmic protein NCK2,NCK2,1,143,37
MK07_HUMAN,Q13164,MAPK7,Mitogen-activated protein kinase 7,6,21,5,32,bin_5,Mitogen-activated protein kinase 7,MAPK7,1,271,795
FLRT3_HUMAN,Q9NZU0,FLRT3,Leucine-rich repeat transmembrane protein FLRT3,4,13,15,32,bin_5,Leucine-rich repeat transmembrane protein FLRT3,FLRT3,1,92,17
FGFR3_HUMAN,P22607,FGFR3,Fibroblast growth factor receptor 3,5,20,7,32,bin_5,Fibroblast growth factor receptor 3,FGFR3,1,3686,2290
CCAR2_HUMAN,Q9HD12,CCAR2,Cell cycle and apoptosis regulator protein 2,6,19,7,32,bin_5,Cell cycle and apoptosis regulator protein 2,CCAR2,1,125,16247
MCRS1_HUMAN,Q96EZ8,MCRS1,Microspherule protein 1,4,18,10,32,bin_5,Microspherule protein 1,MCRS1,1,73,31
UCHL5_HUMAN,Q9Y5K5,UCHL5,Ubiquitin carboxyl-terminal hydrolase isozyme L5,4,21,7,32,bin_5,Ubiquitin carboxyl-terminal hydrolase isozyme L5,UCHL5,1,202,8
MK09_HUMAN,Q8N5C5,MAPK9,Mitogen-activated protein kinase 9,5,19,8,32,bin_5,Mitogen-activated protein kinase 9,MAPK9,1,149,858
SMC5_HUMAN,Q8IY18,SMC5,Structural maintenance of chromosomes protein 5,4,16,12,32,bin_5,Structural maintenance of chromosomes protein 5,SMC5,1,387,904
NCF1_HUMAN,Q9UDV9,NCF1,Neutrophil cytosol factor 1,6,17,9,32,bin_5,Neutrophil cytosol factor 1,NCF1,1,399,2298
HCLS1_HUMAN,P14317,HCLS1,Hematopoietic lineage cell-specific protein,5,20,7,32,bin_5,Hematopoietic lineage cell-specific protein,HCLS1,1,156,363
FGF21_HUMAN,Q9NSA1,FGF21,Fibroblast growth factor 21,2,27,3,32,bin_5,Fibroblast growth factor 21,FGF21,1,3757,2979
CD47_HUMAN,Q08722,CD47,Leukocyte surface antigen CD47,3,24,5,32,bin_5,Leukocyte surface antigen CD47,CD47,1,2884,337
SMC3_HUMAN,Q9UQE7,SMC3,Structural maintenance of chromosomes protein 3,9,11,12,32,bin_5,Structural maintenance of chromosomes protein 3,SMC3,1,624,1033
RL5_HUMAN,P46777,RPL5,Large ribosomal subunit protein uL18 ,7,12,13,32,bin_5,Large ribosomal subunit protein uL18,RPL5,1,313,9
NOX1_HUMAN,Q9Y5S8,NOX1,NADPH oxidase 1,5,22,5,32,bin_5,NADPH oxidase 1,NOX1,1,1995,1011
UBP7_HUMAN,Q93009,USP7,Ubiquitin carboxyl-terminal hydrolase 7,5,20,7,32,bin_5,Ubiquitin carboxyl-terminal hydrolase 7,USP7,1,888,1166
RIT2_HUMAN,Q99578,RIT2,GTP-binding protein Rit2,7,14,11,32,bin_5,GTP-binding protein Rit2,RIT2,1,59,28
CCN2_HUMAN,P29279,CCN2,CCN family member 2 ,3,23,6,32,bin_5,CCN family member 2,CCN2,1,2995,384
DPEP1_HUMAN,P16444,DPEP1,Dipeptidase 1,8,15,9,32,bin_5,Dipeptidase 1,DPEP1,1,79,75
GBP5_HUMAN,Q96PP8,GBP5,Guanylate-binding protein 5,6,17,9,32,bin_5,Guanylate-binding protein 5,GBP5,1,192,201
ABCG2_HUMAN,Q8IX16,ABCG2,Broad substrate specificity ATP-binding cassette transporter ABCG2 ,13,12,7,32,bin_5,Broad substrate specificity ATP-binding cassette transporter ABCG2,ABCG2,1,6255,22
HPRT_HUMAN,P00492,HPRT1,Hypoxanthine-guanine phosphoribosyltransferase,5,24,3,32,bin_5,Hypoxanthine-guanine phosphoribosyltransferase,HPRT1,1,653,5452
XPC_HUMAN,Q01831,XPC,DNA repair protein complementing XP-C cells,8,11,13,32,bin_5,DNA repair protein complementing XP-C cells,XPC,1,1575,12
CLIC4_HUMAN,Q9Y696,CLIC4,Chloride intracellular channel protein 4,1,14,17,32,bin_5,Chloride intracellular channel protein 4,CLIC4,1,183,3007
TOP1_HUMAN,P11387,TOP1,DNA topoisomerase 1,12,12,8,32,bin_5,DNA topoisomerase 1,TOP1,1,1737,8542
RECQ5_HUMAN,O94762,RECQL5,ATP-dependent DNA helicase Q5,11,14,7,32,bin_5,ATP-dependent DNA helicase Q5,RECQL5,1,145,2352
FFAR4_HUMAN,Q5NUL3,FFAR4,Free fatty acid receptor 4,5,21,6,32,bin_5,Free fatty acid receptor 4,FFAR4,1,504,2422
PIM1_HUMAN,P11309,PIM1,Serine/threonine-protein kinase pim-1,7,19,6,32,bin_5,Serine/threonine-protein kinase pim-1,PIM1,1,1789,1035
TYSY_HUMAN,P04818,TYMS,Thymidylate synthase ,5,21,6,32,bin_5,Thymidylate synthase,TYMS,1,884,6123
IL2RG_HUMAN,P31785,IL2RG,Cytokine receptor common subunit gamma,5,18,9,32,bin_5,Cytokine receptor common subunit gamma,IL2RG,1,1210,1257
B3AT_HUMAN,P02730,SLC4A1,Band 3 anion transport protein ,9,14,9,32,bin_5,Band 3 anion transport protein,SLC4A1,1,456,2197
KLF2_HUMAN,Q9Y5W3,KLF2,Krueppel-like factor 2,6,25,1,32,bin_5,Krueppel-like factor 2,KLF2,1,1245,47
EFNA5_HUMAN,P52803,EFNA5,Ephrin-A5,6,20,6,32,bin_5,Ephrin-A5,EFNA5,1,431,417
CCR5_HUMAN,Q9UPA4,CCR5,C-C chemokine receptor type 5 ,9,18,5,32,bin_5,C-C chemokine receptor type 5,CCR5,1,11154,1300
DLX2_HUMAN,Q07687,DLX2,Homeobox protein DLX-2,8,22,2,32,bin_5,Homeobox protein DLX-2,DLX2,1,422,37
CASP4_HUMAN,Q9UG96,CASP4,Caspase-4 subunit p20,4,18,10,32,bin_5,Caspase-4 subunit p20,CASP4,1,727,2
RBBP4_HUMAN,Q09028,RBBP4,Histone-binding protein RBBP4,3,16,13,32,bin_5,Histone-binding protein RBBP4,RBBP4,1,205,16
INSM1_HUMAN,Q01101,INSM1,Insulinoma-associated protein 1,8,21,3,32,bin_5,Insulinoma-associated protein 1,INSM1,1,354,363
TLR8_HUMAN,Q9NR97,TLR8,Toll-like receptor 8 ,7,19,6,32,bin_5,Toll-like receptor 8,TLR8,1,1660,1051
GOGA2_HUMAN,Q08379,GOLGA2,Golgin subfamily A member 2,6,17,9,32,bin_5,Golgin subfamily A member 2,GOLGA2,1,50,185
CANB1_HUMAN,P63098,PPP3R1,Calcineurin subunit B type 1,7,15,10,32,bin_5,Calcineurin subunit B type 1,PPP3R1,1,86,44
INHA_HUMAN,P05111,INHA,Inhibin alpha chain,6,18,8,32,bin_5,Inhibin alpha chain,INHA,1,11861,859
ING2_HUMAN,Q9H160,ING2,Inhibitor of growth protein 2,8,20,4,32,bin_5,Inhibitor of growth protein 2,ING2,1,147,151844
ROA2_HUMAN,P22626,HNRNPA2B1,Heterogeneous nuclear ribonucleoproteins A2/B1,9,12,11,32,bin_5,Heterogeneous nuclear ribonucleoproteins A2/B1,HNRNPA2B1,1,469,233
TIF1A_HUMAN,O15164,TRIM24,Transcription intermediary factor 1-alpha,10,14,8,32,bin_5,Transcription intermediary factor 1-alpha,TRIM24,1,208,42
THB_HUMAN,P10828,THRB,Thyroid hormone receptor beta,11,16,5,32,bin_5,Thyroid hormone receptor beta,THRB,1,507,3631
ERCC3_HUMAN,P19447,ERCC3,General transcription and DNA repair factor IIH helicase/translocase subunit XPB ,7,18,7,32,bin_5,General transcription and DNA repair factor IIH helicase/translocase subunit XPB,ERCC3,1,221,1
DMRT1_HUMAN,Q9Y5R6,DMRT1,Doublesex- and mab-3-related transcription factor 1,8,20,4,32,bin_5,Doublesex- and mab-3-related transcription factor 1,DMRT1,1,1009,487
CP2C9_HUMAN,P11712,CYP2C9,Cytochrome P450 2C9 ,14,14,4,32,bin_5,Cytochrome P450 2C9,CYP2C9,1,6131,1969
DUS10_HUMAN,Q9Y6W6,DUSP10,Dual specificity protein phosphatase 10,8,20,4,32,bin_5,Dual specificity protein phosphatase 10,DUSP10,1,144,745
DYHC1_HUMAN,Q14204,DYNC1H1,Cytoplasmic dynein 1 heavy chain 1,6,13,13,32,bin_5,Cytoplasmic dynein 1 heavy chain 1,DYNC1H1,1,189,232
RL23_HUMAN,P62829,RPL23,Large ribosomal subunit protein uL14 ,6,14,12,32,bin_5,Large ribosomal subunit protein uL14,RPL23,1,180,4
KPYM_HUMAN,Q9BWB5,PKM,Pyruvate kinase PKM,12,7,13,32,bin_5,Pyruvate kinase PKM,PKM,1,1193,421
OPRD_HUMAN,P41143,OPRD1,Delta-type opioid receptor,4,19,9,32,bin_5,Delta-type opioid receptor,OPRD1,1,184,72
VMAT2_HUMAN,Q05940,SLC18A2,Synaptic vesicular amine transporter,3,17,12,32,bin_5,Synaptic vesicular amine transporter,SLC18A2,1,765,643
SCN1B_HUMAN,Q07699,SCN1B,Sodium channel subunit beta-1,6,19,7,32,bin_5,Sodium channel subunit beta-1,SCN1B,1,337,349
MARK4_HUMAN,Q96L34,MARK4,MAP/microtubule affinity-regulating kinase 4 ,9,14,9,32,bin_5,MAP/microtubule affinity-regulating kinase 4,MARK4,1,152,24
TRI25_HUMAN,Q14258,TRIM25,E3 ubiquitin/ISG15 ligase TRIM25,8,19,5,32,bin_5,E3 ubiquitin/ISG15 ligase TRIM25,TRIM25,1,440,0
SEM5A_HUMAN,Q13591,SEMA5A,Semaphorin-5A,5,24,3,32,bin_5,Semaphorin-5A,SEMA5A,1,142,64
GNA12_HUMAN,Q03113,GNA12,Guanine nucleotide-binding protein subunit alpha-12,8,16,8,32,bin_5,Guanine nucleotide-binding protein subunit alpha-12,GNA12,1,65,90
FBX5_HUMAN,Q9UKT4,FBXO5,F-box only protein 5 ,5,21,6,32,bin_5,F-box only protein 5,FBXO5,1,128,198
ELAV1_HUMAN,Q15717,ELAVL1,ELAV-like protein 1,9,10,13,32,bin_5,ELAV-like protein 1,ELAVL1,1,1113,1038
LYAG_HUMAN,P10253,GAA,70 kDa lysosomal alpha-glucosidase,4,17,11,32,bin_5,70 kDa lysosomal alpha-glucosidase,GAA,1,4452,49
RGS2_HUMAN,P41220,RGS2,Regulator of G-protein signaling 2,6,19,7,32,bin_5,Regulator of G-protein signaling 2,RGS2,1,693,22892
NMDE4_HUMAN,O15399,GRIN2D,"Glutamate receptor ionotropic, NMDA 2D",7,17,8,32,bin_5,"Glutamate receptor ionotropic, NMDA 2D",GRIN2D,1,106,30
VGFR1_HUMAN,B5A923,FLT1,Vascular endothelial growth factor receptor 1,5,21,6,32,bin_5,Vascular endothelial growth factor receptor 1,FLT1,1,3895,6566
VATA_HUMAN,P38606,ATP6V1A,V-type proton ATPase catalytic subunit A,4,10,18,32,bin_5,V-type proton ATPase catalytic subunit A,ATP6V1A,1,100,42
FUT7_HUMAN,Q11130,FUT7,"Alpha-(1,3)-fucosyltransferase 7 ",3,24,5,32,bin_5,"Alpha-(1,3)-fucosyltransferase 7",FUT7,1,108,66
AT1A3_HUMAN,P13637,ATP1A3,Sodium/potassium-transporting ATPase subunit alpha-3,7,11,14,32,bin_5,Sodium/potassium-transporting ATPase subunit alpha-3,ATP1A3,1,467,6
1433S_HUMAN,P31947,SFN,14-3-3 protein sigma ,6,21,5,32,bin_5,14-3-3 protein sigma,SFN,1,2718,275
S39AE_HUMAN,Q15043,SLC39A14,Metal cation symporter ZIP14 ,7,18,7,32,bin_5,Metal cation symporter ZIP14,SLC39A14,1,224,44
LAPM5_HUMAN,Q13571,LAPTM5,Lysosomal-associated transmembrane protein 5,2,23,7,32,bin_5,Lysosomal-associated transmembrane protein 5,LAPTM5,1,125,541
LONM_HUMAN,P36776,LONP1,"Lon protease homolog, mitochondrial ",13,14,5,32,bin_5,"Lon protease homolog, mitochondrial",LONP1,1,204,39
PRKRA_HUMAN,O75569,PRKRA,Interferon-inducible double-stranded RNA-dependent protein kinase activator A,9,15,8,32,bin_5,Interferon-inducible double-stranded RNA-dependent protein kinase activator A,PRKRA,1,200,103
FOXL2_HUMAN,P58012,FOXL2,Forkhead box protein L2,9,19,4,32,bin_5,Forkhead box protein L2,FOXL2,1,1143,531
LN28A_HUMAN,Q9H9Z2,LIN28A,Protein lin-28 homolog A,9,16,7,32,bin_5,Protein lin-28 homolog A,LIN28A,1,713,79
HLAF_HUMAN,P30511,HLA-F,"HLA class I histocompatibility antigen, alpha chain F",6,11,15,32,bin_5,"HLA class I histocompatibility antigen, alpha chain F",HLA-F,1,330,0
JAM1_HUMAN,Q9Y624,F11R,Junctional adhesion molecule A,5,22,6,33,bin_5,Junctional adhesion molecule A,F11R,1,367,339
DLX1_HUMAN,P56177,DLX1,Homeobox protein DLX-1,4,24,5,33,bin_5,Homeobox protein DLX-1,DLX1,1,293,18
WASL_HUMAN,O00401,WASL,Actin nucleation-promoting factor WASL ,3,18,12,33,bin_5,Actin nucleation-promoting factor WASL,WASL,1,431,14
FGF4_HUMAN,P08620,FGF4,Fibroblast growth factor 4 ,3,27,3,33,bin_5,Fibroblast growth factor 4,FGF4,1,1275,777
RHOB_HUMAN,P62745,RHOB,Rho-related GTP-binding protein RhoB,3,20,10,33,bin_5,Rho-related GTP-binding protein RhoB,RHOB,1,1108,9
HDAC9_HUMAN,O94845,HDAC9,Histone deacetylase 9,11,16,6,33,bin_5,Histone deacetylase 9,HDAC9,1,499,6361
RHG35_HUMAN,Q9NRY4,ARHGAP35,Rho GTPase-activating protein 35 ,5,23,5,33,bin_5,Rho GTPase-activating protein 35,ARHGAP35,1,234,18
RALA_HUMAN,P11233,RALA,Ras-related protein Ral-A,8,15,10,33,bin_5,Ras-related protein Ral-A,RALA,1,660,9
SCRB2_HUMAN,Q14108,SCARB2,Lysosome membrane protein 2,10,10,13,33,bin_5,Lysosome membrane protein 2,SCARB2,1,330,13228
UBE2N_HUMAN,P61088,UBE2N,Ubiquitin-conjugating enzyme E2 N,7,16,10,33,bin_5,Ubiquitin-conjugating enzyme E2 N,UBE2N,1,285,1440
PRDX5_HUMAN,Q9UKX4,PRDX5,"Peroxiredoxin-5, mitochondrial",8,13,12,33,bin_5,"Peroxiredoxin-5, mitochondrial",PRDX5,1,240,692
VPS18_HUMAN,Q9P253,VPS18,Vacuolar protein sorting-associated protein 18 homolog,5,13,15,33,bin_5,Vacuolar protein sorting-associated protein 18 homolog,VPS18,1,72,0
SRBP2_HUMAN,Q12772,SREBF2,Processed sterol regulatory element-binding protein 2 ,6,16,11,33,bin_5,Processed sterol regulatory element-binding protein 2,SREBF2,1,918,224
WNT9B_HUMAN,O14905,WNT9B,Protein Wnt-9b,4,27,2,33,bin_5,Protein Wnt-9b,WNT9B,1,195,3
MTM1_HUMAN,Q13496,MTM1,Myotubularin ,5,20,8,33,bin_5,Myotubularin,MTM1,1,1908,512
HXA5_HUMAN,P20719,HOXA5,Homeobox protein Hox-A5,6,25,2,33,bin_5,Homeobox protein Hox-A5,HOXA5,1,471,14
GDF8_HUMAN,O14793,MSTN,Growth/differentiation factor 8,6,26,1,33,bin_5,Growth/differentiation factor 8,MSTN,1,1909,3956
FGF18_HUMAN,O76093,FGF18,Fibroblast growth factor 18,3,26,4,33,bin_5,Fibroblast growth factor 18,FGF18,1,436,278
IRF1_HUMAN,P10914,IRF1,Interferon regulatory factor 1,6,22,5,33,bin_5,Interferon regulatory factor 1,IRF1,1,3235,2648
IF172_HUMAN,Q9UG01,IFT172,Intraflagellar transport protein 172 homolog,0,24,9,33,bin_5,Intraflagellar transport protein 172 homolog,IFT172,1,80,7
SHAN2_HUMAN,Q9UPX8,SHANK2,SH3 and multiple ankyrin repeat domains protein 2,4,14,15,33,bin_5,SH3 and multiple ankyrin repeat domains protein 2,SHANK2,1,322,38
PLAT3_HUMAN,P53816,PLAAT3,Phospholipase A and acyltransferase 3 ,7,13,13,33,bin_5,Phospholipase A and acyltransferase 3,PLAAT3,1,65,298
ARNT_HUMAN,P27540,ARNT,Aryl hydrocarbon receptor nuclear translocator ,11,14,8,33,bin_5,Aryl hydrocarbon receptor nuclear translocator,ARNT,1,2877,1748
FKBP4_HUMAN,Q02790,FKBP4,"Peptidyl-prolyl cis-trans isomerase FKBP4, N-terminally processed",11,12,10,33,bin_5,Peptidyl-prolyl cis-trans isomerase FKBP4,FKBP4,1,299,0
AKAP5_HUMAN,P24588,AKAP5,A-kinase anchor protein 5,11,12,10,33,bin_5,A-kinase anchor protein 5,AKAP5,1,262,468
PDE4B_HUMAN,Q07343,PDE4B,"3',5'-cyclic-AMP phosphodiesterase 4B ",7,15,11,33,bin_5,"3',5'-cyclic-AMP phosphodiesterase 4B",PDE4B,1,663,221
BCAR1_HUMAN,F5GXV6,BCAR1,Breast cancer anti-estrogen resistance protein 1,2,23,8,33,bin_5,Breast cancer anti-estrogen resistance protein 1,BCAR1,1,548,168
IMB1_HUMAN,Q14974,KPNB1,Importin subunit beta-1,9,9,15,33,bin_5,Importin subunit beta-1,KPNB1,1,212,13
SNX9_HUMAN,Q9Y5X1,SNX9,Sorting nexin-9,7,14,12,33,bin_5,Sorting nexin-9,SNX9,1,130,74
ENOA_HUMAN,Q71V37,ENO1,Alpha-enolase,10,11,12,33,bin_5,Alpha-enolase,ENO1,1,977,10110
COT2_HUMAN,P24468,NR2F2,COUP transcription factor 2,7,23,3,33,bin_5,COUP transcription factor 2,NR2F2,1,489,468
PDC10_HUMAN,Q9BUL8,PDCD10,Programmed cell death protein 10,2,24,7,33,bin_5,Programmed cell death protein 10,PDCD10,1,344,29833
MYB_HUMAN,P78526,MYB,Transcriptional activator Myb,3,26,4,33,bin_5,Transcriptional activator Myb,MYB,1,9949,3872
NKX61_HUMAN,P78426,NKX6-1,Homeobox protein Nkx-6.1,4,26,3,33,bin_5,Homeobox protein Nkx-6.1,NKX6-1,1,617,13
ITA8_HUMAN,P53708,ITGA8,Integrin alpha-8 light chain,2,19,12,33,bin_5,Integrin alpha-8 light chain,ITGA8,1,142,0
NEC1_HUMAN,P29120,PCSK1,Neuroendocrine convertase 1,2,21,10,33,bin_5,Neuroendocrine convertase 1,PCSK1,1,384,303
CP26B_HUMAN,Q9NR63,CYP26B1,Cytochrome P450 26B1,7,24,2,33,bin_5,Cytochrome P450 26B1,CYP26B1,1,686,17
PLTP_HUMAN,P55058,PLTP,Phospholipid transfer protein,20,9,4,33,bin_5,Phospholipid transfer protein,PLTP,1,610,4102
CENPJ_HUMAN,Q9HC77,CENPJ,Centromere protein J,6,19,8,33,bin_5,Centromere protein J,CENPJ,1,123,0
HLAB_HUMAN,Q9TQH6,HLA-B,"HLA class I histocompatibility antigen, B alpha chain",4,13,16,33,bin_5,"HLA class I histocompatibility antigen, B alpha chain",HLA-B,1,15645,369
GHRHR_HUMAN,Q02643,GHRHR,Growth hormone-releasing hormone receptor,5,20,8,33,bin_5,Growth hormone-releasing hormone receptor,GHRHR,1,388,494
KCNJ2_HUMAN,AAFLFSIETQ,KCNJ2,Inward rectifier potassium channel 2,4,20,9,33,bin_5,Inward rectifier potassium channel 2,KCNJ2,1,597,33
P2RX1_HUMAN,P51575,P2RX1,P2X purinoceptor 1,8,16,9,33,bin_5,P2X purinoceptor 1,P2RX1,1,46,4176
FLOT2_HUMAN,Q14254,FLOT2,Flotillin-2,1,12,20,33,bin_5,Flotillin-2,FLOT2,1,101,744
OVOL2_HUMAN,Q9BRP0,OVOL2,Transcription factor Ovo-like 2 ,8,24,1,33,bin_5,Transcription factor Ovo-like 2,OVOL2,1,98,17
YTHD2_HUMAN,Q9Y5A9,YTHDF2,YTH domain-containing family protein 2 ,4,22,7,33,bin_5,YTH domain-containing family protein 2,YTHDF2,1,796,39
GABT_HUMAN,P80404,ABAT,"4-aminobutyrate aminotransferase, mitochondrial",7,23,3,33,bin_5,"4-aminobutyrate aminotransferase, mitochondrial",ABAT,1,374,93
G6PI_HUMAN,P06744,GPI,Glucose-6-phosphate isomerase ,6,20,7,33,bin_5,Glucose-6-phosphate isomerase,GPI,1,21584,3598
SIX2_HUMAN,Q9NPC8,SIX2,Homeobox protein SIX2,6,24,3,33,bin_5,Homeobox protein SIX2,SIX2,1,382,206
EXT2_HUMAN,Q93063,EXT2,Exostosin-2 ,7,19,7,33,bin_5,Exostosin-2,EXT2,1,435,248
S39A8_HUMAN,Q9C0K1,SLC39A8,Metal cation symporter ZIP8 ,3,25,5,33,bin_5,Metal cation symporter ZIP8,SLC39A8,1,258,38
GNA13_HUMAN,Q14344,GNA13,Guanine nucleotide-binding protein subunit alpha-13,7,16,10,33,bin_5,Guanine nucleotide-binding protein subunit alpha-13,GNA13,1,132,65
2AAA_HUMAN,P30153,PPP2R1A,Serine/threonine-protein phosphatase 2A 65 kDa regulatory subunit A alpha isoform,4,14,15,33,bin_5,Serine/threonine-protein phosphatase 2A 65 kDa regulatory subunit A alpha isoform,PPP2R1A,1,207,4
HMCS2_HUMAN,P54868,HMGCS2,"Hydroxymethylglutaryl-CoA synthase, mitochondrial",2,29,2,33,bin_5,"Hydroxymethylglutaryl-CoA synthase, mitochondrial",HMGCS2,1,345,255
MITF_HUMAN,O75030,MITF,Microphthalmia-associated transcription factor,7,20,6,33,bin_5,Microphthalmia-associated transcription factor,MITF,1,3586,2689
C5AR1_HUMAN,P21730,C5AR1,C5a anaphylatoxin chemotactic receptor 1,2,27,4,33,bin_5,C5a anaphylatoxin chemotactic receptor 1,C5AR1,1,711,160
TRIM6_HUMAN,Q9C030,TRIM6,Tripartite motif-containing protein 6,8,22,3,33,bin_5,Tripartite motif-containing protein 6,TRIM6,1,50,277
GRP75_HUMAN,P38646,HSPA9,"Stress-70 protein, mitochondrial ",8,13,12,33,bin_5,"Stress-70 protein, mitochondrial",HSPA9,1,349,27
CY24A_HUMAN,P13498,CYBA,Cytochrome b-245 light chain,6,18,9,33,bin_5,Cytochrome b-245 light chain,CYBA,1,1068,21
S29A2_HUMAN,Q14542,SLC29A2,Equilibrative nucleoside transporter 2 ,9,20,4,33,bin_5,Equilibrative nucleoside transporter 2,SLC29A2,1,138,168
OCRL_HUMAN,Q5JQF1,OCRL,Inositol polyphosphate 5-phosphatase OCRL ,10,8,15,33,bin_5,Inositol polyphosphate 5-phosphatase OCRL,OCRL,1,374,83
KIFA3_HUMAN,Q92845,KIFAP3,Kinesin-associated protein 3,3,14,16,33,bin_5,Kinesin-associated protein 3,KIFAP3,1,56,21
SLAF1_HUMAN,Q13291,SLAMF1,Signaling lymphocytic activation molecule,7,22,4,33,bin_5,Signaling lymphocytic activation molecule,SLAMF1,1,283,17726
CD24_HUMAN,P25063,CD24,Signal transducer CD24,2,26,5,33,bin_5,CD24,CD24,1,4290,94
EFNA1_HUMAN,P20827,EFNA1,"Ephrin-A1, secreted form",2,28,3,33,bin_5,EPHA1,EFNA1,1,477,27
CPEB3_HUMAN,Q8NE35,CPEB3,Cytoplasmic polyadenylation element-binding protein 3,7,13,13,33,bin_5,Cytoplasmic polyadenylation element-binding protein 3,CPEB3,1,133,184
TAOK1_HUMAN,Q7L7X3,TAOK1,Serine/threonine-protein kinase TAO1,11,19,3,33,bin_5,Serine/threonine-protein kinase TAO1,TAOK1,1,79,36
SNW1_HUMAN,Q13573,SNW1,SNW domain-containing protein 1,10,15,8,33,bin_5,SNW domain-containing protein 1,SNW1,1,99,7
SC5A1_HUMAN,P13866,SLC5A1,Sodium/glucose cotransporter 1,10,15,8,33,bin_5,Sodium/glucose cotransporter 1,SLC5A1,1,855,1405
AT8B1_HUMAN,O43520,ATP8B1,Phospholipid-transporting ATPase IC ,9,14,10,33,bin_5,Phospholipid-transporting ATPase IC,ATP8B1,1,320,2
PLSL_HUMAN,P13796,LCP1,Plastin-2,5,16,12,33,bin_5,Plastin-2,LCP1,1,226,32
GNA11_HUMAN,P29992,GNA11,Guanine nucleotide-binding protein subunit alpha-11,7,19,7,33,bin_5,Guanine nucleotide-binding protein subunit alpha-11,GNA11,1,592,124
RS7_HUMAN,P62081,RPS7,Small ribosomal subunit protein eS7 ,6,11,16,33,bin_5,Small ribosomal subunit protein eS7,RPS7,1,242,5
AP2M1_HUMAN,Q96CW1,AP2M1,AP-2 complex subunit mu ,6,12,15,33,bin_5,AP-2 complex subunit mu,AP2M1,1,60,104
ACHA4_HUMAN,P43681,CHRNA4,Neuronal acetylcholine receptor subunit alpha-4,4,20,9,33,bin_5,Neuronal acetylcholine receptor subunit alpha-4,CHRNA4,1,341,198
NRATCYTDLS,Q9NR61,DLL4,Delta-like protein 4,3,29,1,33,bin_5,Delta-like protein 4,DLL4,1,1315,361
BAG3_HUMAN,O95817,BAG3,BAG family molecular chaperone regulator 3,6,18,9,33,bin_5,BAG family molecular chaperone regulator 3,BAG3,1,809,53
UBB_HUMAN,Q91887,UBB,Ubiquitin,2,17,14,33,bin_5,Ubiquitin,UBB,1,459,106601
DDX21_HUMAN,Q9NR30,DDX21,Nucleolar RNA helicase 2 ,12,14,7,33,bin_5,Nucleolar RNA helicase 2,DDX21,1,141,93
ZEB2_HUMAN,O60315,ZEB2,Zinc finger E-box-binding homeobox 2,5,23,5,33,bin_5,Zinc finger E-box-binding homeobox 2,ZEB2,1,1642,807
TBP_HUMAN,P20226,TBP,TATA-box-binding protein,12,9,12,33,bin_5,TATA-box-binding protein,TBP,1,5492,5586
SMCE1_HUMAN,Q969G3,SMARCE1,SWI/SNF-related matrix-associated actin-dependent regulator of chromatin subfamily E member 1,6,14,13,33,bin_5,SWI/SNF-related matrix-associated actin-dependent regulator of chromatin subfamily E member 1,SMARCE1,1,167,16
KCNC1_HUMAN,P48547,KCNC1,Voltage-gated potassium channel KCNC1 ,5,18,10,33,bin_5,Voltage-gated potassium channel KCNC1,KCNC1,1,154,122
AHI1_HUMAN,Q8N157,AHI1,Jouberin,1,23,9,33,bin_5,Jouberin,AHI1,1,211,18
CRY2_HUMAN,Q49AN0,CRY2,Cryptochrome-2,9,18,7,34,bin_5,Cryptochrome-2,CRY2,1,1421,249
DESP_HUMAN,P15924,DSP,Desmoplakin,6,16,12,34,bin_5,Desmoplakin,DSP,1,5888,2122
SHC1_HUMAN,Q8N4K5,SHC1,SHC-transforming protein 1,10,19,5,34,bin_5,SHC-transforming protein 1,SHC1,1,1395,1252
MARE1_HUMAN,Q15691,MAPRE1,Microtubule-associated protein RP/EB family member 1,5,15,14,34,bin_5,Microtubule-associated protein RP/EB family member 1,MAPRE1,1,218,25
SKIL_HUMAN,P12757,SKIL,Ski-like protein,8,19,7,34,bin_5,Ski-like protein,SKIL,1,246,14
CATK_HUMAN,P43235,CTSK,Cathepsin K,7,18,9,34,bin_5,Cathepsin K,CTSK,1,1711,3470
CSK2B_HUMAN,P67870,CSNK2B,Casein kinase II subunit beta,9,14,11,34,bin_5,Casein kinase II subunit beta,CSNK2B,1,81,632
FGF23_HUMAN,Q9GZV9,FGF23,Fibroblast growth factor 23 C-terminal peptide,2,27,5,34,bin_5,Fibroblast growth factor 23 C-terminal peptide,FGF23,1,4907,347
SCNNB_HUMAN,P51168,SCNN1B,Amiloride-sensitive sodium channel subunit beta,2,26,6,34,bin_5,Amiloride-sensitive sodium channel subunit beta,SCNN1B,1,332,326
VIME_HUMAN,Q96ML2,VIM,Vimentin,8,12,14,34,bin_5,Vimentin,VIM,1,6615,34780
NRX1A_HUMAN,Q9H3M2,NRXN1,Neurexin-1,6,19,9,34,bin_5,Neurexin-1,NRXN1,1,498,173
NR5A2_HUMAN,O00482,NR5A2,Nuclear receptor subfamily 5 group A member 2,13,16,5,34,bin_5,Nuclear receptor subfamily 5 group A member 2,NR5A2,1,599,0
FES_HUMAN,P07332,FES,Tyrosine-protein kinase Fes/Fps,6,20,8,34,bin_5,Tyrosine-protein kinase Fes/Fps,FES,1,14163,164
CY24B_HUMAN,P04839,CYBB,Cytochrome b-245 heavy chain,5,18,11,34,bin_5,CYBB,CYBB,1,2793,13
S29A4_HUMAN,Q7RTT9,SLC29A4,Equilibrative nucleoside transporter 4 ,9,21,4,34,bin_5,Equilibrative nucleoside transporter 4,SLC29A4,1,69,516
SIX3_HUMAN,ILRARAVVAF,SIX3,Homeobox protein SIX3,6,25,3,34,bin_5,Homeobox protein SIX3,SIX3,1,498,254
PPLSRGLEYN,O15230,LAMA5,Laminin subunit alpha-5,1,20,13,34,bin_5,Laminin subunit alpha-5,LAMA5,1,171,213
LAMP1_HUMAN,P11279,LAMP1,Lysosome-associated membrane glycoprotein 1 ,4,9,21,34,bin_5,Lysosome-associated membrane glycoprotein 1,LAMP1,1,2753,6106
VP33B_HUMAN,Q9H267,VPS33B,Vacuolar protein sorting-associated protein 33B,1,16,17,34,bin_5,Vacuolar protein sorting-associated protein 33B,VPS33B,1,121,2
FOLR1_HUMAN,P15328,FOLR1,Folate receptor alpha,3,15,16,34,bin_5,Folate receptor alpha,FOLR1,1,395,1304
DDX1_HUMAN,Q92499,DDX1,ATP-dependent RNA helicase DDX1,12,12,10,34,bin_5,ATP-dependent RNA helicase DDX1,DDX1,1,183,9
FBX7_HUMAN,Q9Y3I1,FBXO7,F-box only protein 7,6,15,13,34,bin_5,F-box only protein 7,FBXO7,1,163,210
ANGL3_HUMAN,Q9Y5C1,ANGPTL3,ANGPTL3(17-224),5,22,7,34,bin_5,ANGPTL3,ANGPTL3,1,736,0
CHD4_HUMAN,Q14839,CHD4,Chromodomain-helicase-DNA-binding protein 4,12,10,12,34,bin_5,Chromodomain-helicase-DNA-binding protein 4,CHD4,1,405,196
MEFV_HUMAN,O15553,MEFV,Pyrin ,4,19,11,34,bin_5,Pyrin,MEFV,1,1960,15757
FOXO4_HUMAN,P98177,FOXO4,Forkhead box protein O4,13,15,6,34,bin_5,Forkhead box protein O4,FOXO4,1,589,94
BRSK1_HUMAN,Q8TDC3,BRSK1,Serine/threonine-protein kinase BRSK1,8,18,8,34,bin_5,Serine/threonine-protein kinase BRSK1,BRSK1,1,63,46
SATT_HUMAN,P43007,SLC1A4,Neutral amino acid transporter A ,11,16,7,34,bin_5,Neutral amino acid transporter A,SLC1A4,1,126,20559
NR0B1_HUMAN,P51843,NR0B1,Nuclear receptor subfamily 0 group B member 1,8,17,9,34,bin_5,Nuclear receptor subfamily 0 group B member 1,NR0B1,1,657,585
CATS_HUMAN,P25774,CTSS,Cathepsin S,7,16,11,34,bin_5,Cathepsin S,CTSS,1,646,1190
AGTR1_HUMAN,P30556,AGTR1,Type-1 angiotensin II receptor ,4,28,2,34,bin_5,Type-1 angiotensin II receptor,AGTR1,1,870,20278
LEPR_HUMAN,P48357,LEPR,Leptin receptor,5,25,4,34,bin_5,Leptin receptor,LEPR,1,11834,13736
VFLMNFKDPK,RRTRRQDIRN,SEMA3A,Semaphorin-3A,3,25,6,34,bin_5,Semaphorin-3A,SEMA3A,1,1581,1340
CSKP_HUMAN,Q5VT19,CASK,Peripheral plasma membrane protein CASK ,7,12,15,34,bin_5,Peripheral plasma membrane protein CASK,CASK,1,548,11
ANF_HUMAN,P01160,NPPA,Atriopeptin-3 ,5,22,7,34,bin_5,Atriopeptin-3,NPPA,1,811,58
SALL1_HUMAN,Q9NSC2,SALL1,Sal-like protein 1,5,24,5,34,bin_5,Sal-like protein 1,SALL1,1,330,81
VDAC1_HUMAN,P21796,VDAC1,Non-selective voltage-gated ion channel VDAC1 ,9,13,12,34,bin_5,VDAC1,VDAC1,1,1238,0
HGS_HUMAN,O14964,HGS,Hepatocyte growth factor-regulated tyrosine kinase substrate,5,20,9,34,bin_5,Hepatocyte growth factor-regulated tyrosine kinase substrate,HGS,1,4106,270
DYN3_HUMAN,Q9NQ68,DNM3,Dynamin-3,9,9,16,34,bin_5,Dynamin-3,DNM3,1,101,276
EDN3_HUMAN,P14138,EDN3,Endothelin-3,3,29,2,34,bin_5,Endothelin-3,EDN3,1,257,1155
ZAP70_HUMAN,P43403,ZAP70,Tyrosine-protein kinase ZAP-70,5,22,7,34,bin_5,Tyrosine-protein kinase ZAP-70,ZAP70,1,2727,1777
FOG1_HUMAN,Q8IX07,ZFPM1,Zinc finger protein ZFPM1,4,25,5,34,bin_5,Zinc finger protein ZFPM1,ZFPM1,1,168,44
ITA6_HUMAN,Q16508,ITGA6,Processed integrin alpha-6,6,19,9,34,bin_5,integrin alpha-6,ITGA6,1,459,221
TAF7_HUMAN,Q15545,TAF7,Transcription initiation factor TFIID subunit 7,9,17,8,34,bin_5,Transcription initiation factor TFIID subunit 7,TAF7,1,84,23
ERR2_HUMAN,O95718,ESRRB,Steroid hormone receptor ERR2 ,14,14,6,34,bin_5,Estrogen-related receptor beta,ESRRB,1,321,2
RSMB_HUMAN,P14678,SNRPB,Small nuclear ribonucleoprotein-associated proteins B and B',6,6,22,34,bin_5,Small nuclear ribonucleoprotein-associated proteins B and B',SNRPB,1,112,0
ADNP_HUMAN,Q9H2P0,ADNP,Activity-dependent neuroprotector homeobox protein,7,20,7,34,bin_5,Activity-dependent neuroprotector homeobox protein,ADNP,1,382,15
VPS11_HUMAN,Q9H270,VPS11,Vacuolar protein sorting-associated protein 11 homolog,6,16,12,34,bin_5,Vacuolar protein sorting-associated protein 11 homolog,VPS11,1,78,1
MOT1_HUMAN,P53985,SLC16A1,Monocarboxylate transporter 1 ,8,15,11,34,bin_5,Monocarboxylate transporter 1,SLC16A1,1,278,2696
IFIH1_HUMAN,Q9BYX4,IFIH1,Interferon-induced helicase C domain-containing protein 1 ,11,19,4,34,bin_5,Interferon-induced helicase C domain-containing protein 1,IFIH1,1,1703,1424
IF4E_HUMAN,P06730,EIF4E,Eukaryotic translation initiation factor 4E ,8,12,14,34,bin_5,Eukaryotic translation initiation factor 4E,EIF4E,1,4823,3525
HYAS2_HUMAN,Q92819,HAS2,Hyaluronan synthase 2,2,24,8,34,bin_5,Hyaluronan synthase 2,HAS2,1,1178,1381
ACHA3_HUMAN,P32297,CHRNA3,Neuronal acetylcholine receptor subunit alpha-3,4,17,13,34,bin_5,Neuronal acetylcholine receptor subunit alpha-3,CHRNA3,1,378,337
RNF8_HUMAN,O76064,RNF8,E3 ubiquitin-protein ligase RNF8 ,8,19,7,34,bin_5,E3 ubiquitin-protein ligase RNF8,RNF8,1,333,246
CENPE_HUMAN,Q02224,CENPE,Centromere-associated protein E,4,15,15,34,bin_5,Centromere-associated protein E,CENPE,1,466,95
PLK2_HUMAN,Q9NYY3,PLK2,Serine/threonine-protein kinase PLK2,4,21,9,34,bin_5,Serine/threonine-protein kinase PLK2,PLK2,1,362,236
RRAGC_HUMAN,Q9HB90,RRAGC,Ras-related GTP-binding protein C,9,16,9,34,bin_5,Ras-related GTP-binding protein C,RRAGC,1,54,16183
P2Y12_HUMAN,Q9H244,P2RY12,P2Y purinoceptor 12,4,25,5,34,bin_5,P2Y purinoceptor 12,P2RY12,1,1307,1494
HCD2_HUMAN,Q99714,HSD17B10,3-hydroxyacyl-CoA dehydrogenase type-2,13,14,7,34,bin_5,3-hydroxyacyl-CoA dehydrogenase type-2,HSD17B10,1,175,41
RAB13_HUMAN,P51153,RAB13,Ras-related protein Rab-13,2,15,17,34,bin_5,Ras-related protein Rab-13,RAB13,1,139,5
TNR6_HUMAN,Q5T9P2,FAS,Tumor necrosis factor receptor superfamily member 6,5,20,9,34,bin_5,Tumor necrosis factor receptor superfamily member 6,FAS,1,45426,18905
SMRD1_HUMAN,Q96GM5,SMARCD1,SWI/SNF-related matrix-associated actin-dependent regulator of chromatin subfamily D member 1,5,17,12,34,bin_5,SWI/SNF-related matrix-associated actin-dependent regulator of chromatin subfamily D member 1,SMARCD1,1,95,19
APFDLSVVYR,Q6SV45,IL7R,Interleukin-7 receptor subunit alpha,3,25,6,34,bin_5,Interleukin-7 receptor subunit alpha,IL7R,1,1349,949
APAF_HUMAN,Q9UJ67,APAF1,Apoptotic protease-activating factor 1 ,6,20,8,34,bin_5,Apoptotic protease-activating factor 1,APAF1,1,2191,1175
OPSD_HUMAN,P08100,RHO,Rhodopsin,4,15,15,34,bin_5,Rhodopsin,RHO,1,73764,12709
UVRAG_HUMAN,Q9P2Y5,UVRAG,UV radiation resistance-associated gene protein,2,18,14,34,bin_5,UV radiation resistance-associated gene protein,UVRAG,1,300,92
UPAR_HUMAN,Q9UEA6,PLAUR,Urokinase plasminogen activator surface receptor,5,16,13,34,bin_5,Urokinase plasminogen activator surface receptor,PLAUR,1,2291,2621
UROK_HUMAN,P00749,PLAU,Urokinase-type plasminogen activator chain B,1,21,12,34,bin_5,Urokinase-type plasminogen activator chain B,PLAU,1,639,0
CXCR3_HUMAN,P49682,CXCR3,C-X-C chemokine receptor type 3,7,23,4,34,bin_5,C-X-C chemokine receptor type 3,CXCR3,1,4554,1613
EPAS1_HUMAN,Q99814,EPAS1,Endothelial PAS domain-containing protein 1,7,22,5,34,bin_5,Endothelial PAS domain-containing protein 1,EPAS1,1,641,2424
AP3D1_HUMAN,O14617,AP3D1,AP-3 complex subunit delta-1,0,22,12,34,bin_5,AP-3 complex subunit delta-1,AP3D1,1,55,3
EHD1_HUMAN,Q9H4M9,EHD1,EH domain-containing protein 1 ,6,15,13,34,bin_5,EH domain-containing protein 1,EHD1,1,348,159
GBF1_HUMAN,Q92538,GBF1,Golgi-specific brefeldin A-resistance guanine nucleotide exchange factor 1,3,22,9,34,bin_5,Golgi-specific brefeldin A-resistance guanine nucleotide exchange factor 1,GBF1,1,244,9
GOLP3_HUMAN,Q9H4A6,GOLPH3,Golgi phosphoprotein 3,3,20,11,34,bin_5,Golgi phosphoprotein 3,GOLPH3,1,256,420
CCR1_HUMAN,P32246,CCR1,C-C chemokine receptor type 1,6,25,3,34,bin_5,C-C chemokine receptor type 1,CCR1,1,1913,2931
MLH1_HUMAN,P40692,MLH1,DNA mismatch repair protein Mlh1,6,19,9,34,bin_5,DNA mismatch repair protein Mlh1,MLH1,1,6817,4512
PER2_HUMAN,SAMGRASPPL,PER2,Period circadian protein homolog 2,3,24,7,34,bin_5,Period circadian protein homolog 2,PER2,1,2878,207
VAMP3_HUMAN,Q15836,VAMP3,Vesicle-associated membrane protein 3,2,14,18,34,bin_5,Vesicle-associated membrane protein 3,VAMP3,1,330,209
CSRP3_HUMAN,P50461,CSRP3,Cysteine and glycine-rich protein 3,6,23,6,35,bin_5,Cysteine and glycine-rich protein 3,CSRP3,1,120,166
ACV1B_HUMAN,P36896,ACVR1B,Activin receptor type-1B,11,19,5,35,bin_5,Activin receptor type-1B,ACVR1B,1,234,20
CLN8_HUMAN,Q9UBY8,CLN8,Protein CLN8,1,27,7,35,bin_5,Protein CLN8,CLN8,1,166,129
LOX15_HUMAN,P16050,ALOX15,Polyunsaturated fatty acid lipoxygenase ALOX15 ,5,25,5,35,bin_5,Polyunsaturated fatty acid lipoxygenase ALOX15,ALOX15,1,559,138
RAC2_HUMAN,P15153,RAC2,Ras-related C3 botulinum toxin substrate 2,3,22,10,35,bin_5,Ras-related C3 botulinum toxin substrate 2,RAC2,1,970,283
AIM2_HUMAN,O14862,AIM2,Interferon-inducible protein AIM2 ,5,24,6,35,bin_5,Interferon-inducible protein AIM2,AIM2,1,1613,53
ZEB1_HUMAN,Q5VZ84,ZEB1,Zinc finger E-box-binding homeobox 1 ,7,24,4,35,bin_5,Zinc finger E-box-binding homeobox 1,ZEB1,1,3894,1955
GIT1_HUMAN,Q9Y2X7,GIT1,ARF GTPase-activating protein GIT1,5,18,12,35,bin_5,ARF GTPase-activating protein GIT1,GIT1,1,327,39
ETS1_HUMAN,P14921,ETS1,Protein C-ets-1,11,20,4,35,bin_5,protein,ETS1,1,2437,1522
PROF1_HUMAN,P07737,PFN1,Profilin-1,9,16,10,35,bin_5,Profilin-1,PFN1,1,579,1874
FOXH1_HUMAN,O75593,FOXH1,Forkhead box protein H1,12,19,4,35,bin_5,Forkhead box protein H1,FOXH1,1,187,434
5HT1B_HUMAN,P28222,HTR1B,5-hydroxytryptamine receptor 1B,4,24,7,35,bin_5,5-hydroxytryptamine receptor 1B,HTR1B,1,496,1764
PARD3_HUMAN,Q9BY57,PARD3,Partitioning defective 3 homolog,4,17,14,35,bin_5,Partitioning defective 3 homolog,PARD3,1,393,36
MD2L2_HUMAN,Q9UI95,MAD2L2,Mitotic spindle assembly checkpoint protein MAD2B,2,25,8,35,bin_5,Mitotic spindle assembly checkpoint protein MAD2B,MAD2L2,1,197,7
PLLIVFSDDQ,O95393,BMP10,Bone morphogenetic protein 10,5,25,5,35,bin_5,Bone morphogenetic protein 10,BMP10,1,217,5721
AIFM1_HUMAN,Q5JUZ7,AIFM1,"Apoptosis-inducing factor 1, mitochondrial ",7,21,7,35,bin_5,"Apoptosis-inducing factor 1, mitochondrial",AIFM1,1,814,2388
TBB5_HUMAN,P07437,TUBB,Tubulin beta chain,10,9,16,35,bin_5,Tubulin beta chain,TUBB,1,404,3539
SC6A1_HUMAN,P30531,SLC6A1,Sodium- and chloride-dependent GABA transporter 1,5,22,8,35,bin_5,Sodium- and chloride-dependent GABA transporter 1,SLC6A1,1,508,29
PTPRO_HUMAN,Q16827,PTPRO,Receptor-type tyrosine-protein phosphatase O,6,16,13,35,bin_5,Receptor-type tyrosine-protein phosphatase O,PTPRO,1,180,9
ECE1_HUMAN,Q5THM8,ECE1,Endothelin-converting enzyme 1,5,19,11,35,bin_5,Endothelin-converting enzyme 1,ECE1,1,800,1107
CR1_HUMAN,P17927,CR1,Complement receptor type 1,5,22,8,35,bin_5,Complement receptor type 1,CR1,1,4435,31718
SUV91_HUMAN,O43463,SUV39H1,Histone-lysine N-methyltransferase SUV39H1,8,15,12,35,bin_5,Histone-lysine N-methyltransferase SUV39H1,SUV39H1,1,667,206
KPCT_HUMAN,Q04759,PRKCQ,Protein kinase C theta type,6,24,5,35,bin_5,protein,PRKCQ,1,741,147
FZD3_HUMAN,Q9NPG1,FZD3,Frizzled-3,4,21,10,35,bin_5,Frizzled-3,FZD3,1,240,65
TAF9_HUMAN,Q16594,TAF9,Transcription initiation factor TFIID subunit 9,9,19,7,35,bin_5,Transcription initiation factor TFIID subunit 9,TAF9,1,111,13
G6PD_HUMAN,P11413,G6PD,Glucose-6-phosphate 1-dehydrogenase,5,23,7,35,bin_5,Glucose-6-phosphate 1-dehydrogenase,G6PD,1,7053,78
GABR1_HUMAN,Q71SG6,GABBR1,Gamma-aminobutyric acid type B receptor subunit 1,5,14,16,35,bin_5,Gamma-aminobutyric acid type B receptor subunit 1,GABBR1,1,144,174
LBP_HUMAN,P18428,LBP,Lipopolysaccharide-binding protein,5,25,5,35,bin_5,Lipopolysaccharide-binding protein,LBP,1,12573,1962
ICAM1_HUMAN,P05362,ICAM1,Intercellular adhesion molecule 1,4,21,10,35,bin_5,Intercellular adhesion molecule 1,ICAM1,1,31980,24894
PIAS1_HUMAN,O75925,PIAS1,E3 SUMO-protein ligase PIAS1,10,17,8,35,bin_5,E3 SUMO-protein ligase PIAS1,PIAS1,1,457,145
KCNQ3_HUMAN,O43525,KCNQ3,Potassium voltage-gated channel subfamily KQT member 3 ,2,26,7,35,bin_5,Potassium voltage-gated channel subfamily KQT member 3,KCNQ3,1,556,26
WNT2_HUMAN,P09544,WNT2,Protein Wnt-2,3,27,5,35,bin_5,Protein Wnt-2,WNT2,1,647,70
DLG5_HUMAN,Q9Y4E3,DLG5,Disks large homolog 5,3,25,7,35,bin_5,Disks large homolog 5,DLG5,1,153,558
FA7_HUMAN,P08709,F7,Factor VII heavy chain,4,23,8,35,bin_5,Factor VII heavy chain,F7,1,5023,75
GIP_HUMAN,P09681,GIP,Gastric inhibitory polypeptide,3,27,5,35,bin_5,Gastric inhibitory polypeptide,GIP,1,6300,4040
AP1G1_HUMAN,O43747,AP1G1,AP-1 complex subunit gamma-1,5,13,17,35,bin_5,AP-1 complex subunit gamma-1,AP1G1,1,20,4
BBS2_HUMAN,Q9BXC9,BBS2,Bardet-Biedl syndrome 2 protein ,1,24,10,35,bin_5,Bardet-Biedl syndrome 2 protein,BBS2,1,182,8
MK15_HUMAN,Q8TD08,MAPK15,Mitogen-activated protein kinase 15 ,8,16,11,35,bin_5,Mitogen-activated protein kinase 15,MAPK15,1,74,8893
STX1A_HUMAN,Q16623,STX1A,Syntaxin-1A,6,17,12,35,bin_5,Syntaxin-1A,STX1A,1,693,1549
IL13_HUMAN,P35225,IL13,Interleukin-13,2,29,4,35,bin_5,Interleukin-13,IL13,1,18198,7615
STAT6_HUMAN,P42226,STAT6,Signal transducer and activator of transcription 6,8,21,6,35,bin_5,Signal transducer and activator of transcription 6,STAT6,1,4552,3081
MP2K6_HUMAN,P52564,MAP2K6,Dual specificity mitogen-activated protein kinase kinase 6,7,24,4,35,bin_5,Dual specificity mitogen-activated protein kinase kinase 6,MAP2K6,1,428,23
SMUF1_HUMAN,Q9HCE7,SMURF1,E3 ubiquitin-protein ligase SMURF1,8,20,7,35,bin_5,E3 ubiquitin-protein ligase SMURF1,SMURF1,1,501,364
DNJA1_HUMAN,P31689,DNAJA1,DnaJ homolog subfamily A member 1,11,15,9,35,bin_5,DnaJ homolog subfamily A member 1,DNAJA1,1,192,71
NECT2_HUMAN,Q92692,NECTIN2,Nectin-2,5,21,9,35,bin_5,Nectin-2,NECTIN2,1,289,886
DAPK1_HUMAN,P53355,DAPK1,Death-associated protein kinase 1,9,19,7,35,bin_5,Death-associated protein kinase 1,DAPK1,1,717,1283
DRD5_HUMAN,P21918,DRD5,D(1B) dopamine receptor,4,25,6,35,bin_5,D(1B) dopamine receptor,DRD5,1,407,7
GRM5_HUMAN,P41594,GRM5,Metabotropic glutamate receptor 5,9,18,8,35,bin_5,Metabotropic glutamate receptor 5,GRM5,1,1224,2386
VHL_HUMAN,P40337,VHL,von Hippel-Lindau disease tumor suppressor,7,22,6,35,bin_5,von Hippel-Lindau disease tumor suppressor,VHL,1,6420,1559
IRS1_HUMAN,P35568,IRS1,Insulin receptor substrate 1,9,18,8,35,bin_5,Insulin receptor substrate 1,IRS1,1,6809,7605
NEK2_HUMAN,P51955,NEK2,Serine/threonine-protein kinase Nek2,6,18,11,35,bin_5,Serine/threonine-protein kinase Nek2,NEK2,1,541,364
SGK1_HUMAN,Q5VY65,SGK1,Serine/threonine-protein kinase Sgk1,8,19,8,35,bin_5,Serine/threonine-protein kinase Sgk1,SGK1,1,1607,1042
IRF7_HUMAN,Q92985,IRF7,Interferon regulatory factor 7,4,25,6,35,bin_5,Interferon regulatory factor 7,IRF7,1,2123,1096
ZNT1_HUMAN,Q9Y6M5,SLC30A1,Proton-coupled zinc antiporter SLC30A1 ,4,17,14,35,bin_5,Proton-coupled zinc antiporter SLC30A1,SLC30A1,1,212,4
AKAP9_HUMAN,Q9UQQ4,AKAP9,A-kinase anchor protein 9,6,15,14,35,bin_5,A-kinase anchor protein 9,AKAP9,1,221,196
TNR1B_HUMAN,P20333,TNFRSF1B,Tumor necrosis factor-binding protein 2,3,23,9,35,bin_5,Tumor necrosis factor-binding protein 2,TNFRSF1B,1,507,428
ARH_HUMAN,Q5SW96,LDLRAP1,Low density lipoprotein receptor adapter protein 1 ,10,16,9,35,bin_5,Low density lipoprotein receptor adapter protein 1,LDLRAP1,1,214,897
RAMP2_HUMAN,O60895,RAMP2,Receptor activity-modifying protein 2,3,25,7,35,bin_5,Receptor activity-modifying protein 2,RAMP2,1,419,288
NFAC2_HUMAN,Q9NPX6,NFATC2,"Nuclear factor of activated T-cells, cytoplasmic 2",11,16,8,35,bin_5,"Nuclear factor of activated T-cells, cytoplasmic 2",NFATC2,1,799,1146
NFAC1_HUMAN,Q15793,NFATC1,"Nuclear factor of activated T-cells, cytoplasmic 1",10,16,9,35,bin_5,"Nuclear factor of activated T-cells, cytoplasmic 1",NFATC1,1,3246,1532
SHIP2_HUMAN,O15357,INPPL1,"Phosphatidylinositol 3,4,5-trisphosphate 5-phosphatase 2 ",5,22,8,35,bin_5,"Phosphatidylinositol 3,4,5-trisphosphate 5-phosphatase 2",INPPL1,1,527,21
RAB38_HUMAN,P57729,RAB38,Ras-related protein Rab-38,6,14,15,35,bin_5,Ras-related protein Rab-38,RAB38,1,124,4
CCL11_HUMAN,P51671,CCL11,Eotaxin,5,28,2,35,bin_5,Eotaxin,CCL11,1,2527,4751
ATF6A_HUMAN,P18850,ATF6,Processed cyclic AMP-dependent transcription factor ATF-6 alpha,11,13,11,35,bin_5,Processed cyclic AMP-dependent transcription factor ATF-6 alpha,ATF6,1,2948,0
VEGFC_HUMAN,P49767,VEGFC,Vascular endothelial growth factor C,3,28,4,35,bin_5,Vascular endothelial growth factor C,VEGFC,1,3446,2576
APOC2_HUMAN,P02655,APOC2,Proapolipoprotein C-II,6,21,8,35,bin_5,Proapolipoprotein C-II,APOC2,1,1388,2
DPOLB_HUMAN,P06746,POLB,DNA polymerase beta,9,20,6,35,bin_5,DNA polymerase beta,POLB,1,354,30865
BC11A_HUMAN,Q9NWA7,BCL11A,B-cell lymphoma/leukemia 11A ,10,17,8,35,bin_5,B-cell lymphoma/leukemia 11A,BCL11A,1,777,49
FKB1B_HUMAN,P68106,FKBP1B,Peptidyl-prolyl cis-trans isomerase FKBP1B ,7,22,6,35,bin_5,Peptidyl-prolyl cis-trans isomerase FKBP1B,FKBP1B,1,44,18
MP2K7_HUMAN,O14733,MAP2K7,Dual specificity mitogen-activated protein kinase kinase 7,11,21,3,35,bin_5,Dual specificity mitogen-activated protein kinase kinase 7,MAP2K7,1,314,33
FOXA2_HUMAN,Q9Y261,FOXA2,Hepatocyte nuclear factor 3-beta,8,22,5,35,bin_5,Hepatocyte nuclear factor 3-beta,FOXA2,1,1644,993
DAPK3_HUMAN,O43293,DAPK3,Death-associated protein kinase 3,8,22,5,35,bin_5,Death-associated protein kinase 3,DAPK3,1,105,1216
CK5P2_HUMAN,Q9UIW9,CDK5RAP2,CDK5 regulatory subunit-associated protein 2,7,15,13,35,bin_5,CDK5 regulatory subunit-associated protein 2,CDK5RAP2,1,179,53
SEM4D_HUMAN,Q92854,SEMA4D,Semaphorin-4D,7,25,3,35,bin_5,Semaphorin-4D,SEMA4D,1,491,389
RGCC_HUMAN,Q9H4X1,RGCC,Regulator of cell cycle RGCC,3,26,6,35,bin_5,Regulator of cell cycle RGCC,RGCC,1,142,54
CLD5_HUMAN,O00501,CLDN5,Claudin-5,2,23,10,35,bin_5,Claudin-5,CLDN5,1,702,2359
SEPR_HUMAN,Q12884,FAP,"Antiplasmin-cleaving enzyme FAP, soluble form ",9,15,11,35,bin_5,"Antiplasmin-cleaving enzyme FAP, soluble form",FAP,1,7431,1
DNA2_HUMAN,P51530,DNA2,DNA replication ATP-dependent helicase DNA2,13,16,6,35,bin_5,DNA replication ATP-dependent helicase DNA2,DNA2,1,659,7
CALB1_HUMAN,P05937,CALB1,Calbindin,5,13,17,35,bin_5,Calbindin,CALB1,1,878,7783
CD38_HUMAN,P28907,CD38,ADP-ribosyl cyclase/cyclic ADP-ribose hydrolase 1,5,25,6,36,bin_5,ADP-ribosyl cyclase/cyclic ADP-ribose hydrolase 1,CD38,1,10349,3533
DYN1_HUMAN,Q05193,DNM1,Dynamin-1 ,10,11,15,36,bin_5,Dynamin-1,DNM1,1,284,770
PA2G3_HUMAN,Q9NZ20,PLA2G3,Group 3 secretory phospholipase A2,2,29,5,36,bin_5,Group 3 secretory phospholipase A2,PLA2G3,1,53,638
SMRD3_HUMAN,Q6STE5,SMARCD3,SWI/SNF-related matrix-associated actin-dependent regulator of chromatin subfamily D member 3,8,20,8,36,bin_5,SWI/SNF-related matrix-associated actin-dependent regulator of chromatin subfamily D member 3,SMARCD3,1,88,16
KCNE1_HUMAN,P15382,KCNE1,Potassium voltage-gated channel subfamily E member 1,5,24,7,36,bin_5,Potassium voltage-gated channel subfamily E member 1,KCNE1,1,976,39
ACES_HUMAN,Q86TM9,ACHE,Acetylcholinesterase ,9,14,13,36,bin_5,Acetylcholinesterase,ACHE,1,1112993,40862
KI20B_HUMAN,Q9H6Q9,KIF20B,Kinesin-like protein KIF20B ,7,13,16,36,bin_5,Kinesin-like protein KIF20B,KIF20B,1,67,1
OPRM_HUMAN,Q6UQ80,OPRM1,Mu-type opioid receptor,7,20,9,36,bin_5,Mu-type opioid receptor,OPRM1,1,1406,123
KIF3B_HUMAN,O15066,KIF3B,"Kinesin-like protein KIF3B, N-terminally processed",7,13,16,36,bin_5,Kinesin-like protein KIF3B,KIF3B,1,125,0
IATQGPLAET,Q13332,PTPRS,Receptor-type tyrosine-protein phosphatase S,5,20,11,36,bin_5,Receptor-type tyrosine-protein phosphatase S,PTPRS,1,127,172
SMD3_HUMAN,P62318,SNRPD3,Small nuclear ribonucleoprotein Sm D3,6,6,24,36,bin_5,Small nuclear ribonucleoprotein Sm D3,SNRPD3,1,38,46
TADBP_HUMAN,Q96DJ0,TARDBP,TAR DNA-binding protein 43 ,9,18,9,36,bin_5,TAR DNA-binding protein 43,TARDBP,1,1857,1517
HMGA1_HUMAN,P17096,HMGA1,High mobility group protein HMG-I/HMG-Y,20,9,7,36,bin_5,High mobility group protein HMG-I/HMG-Y,HMGA1,1,1348,37
KAT6A_HUMAN,Q92794,KAT6A,Histone acetyltransferase KAT6A,14,13,9,36,bin_5,Histone acetyltransferase KAT6A,KAT6A,1,287,217
TENA_HUMAN,P24821,TNC,Tenascin,3,23,10,36,bin_5,Tenascin,TNC,1,3612,5347
CCNA2_HUMAN,P20248,CCNA2,Cyclin-A2 ,3,23,10,36,bin_5,Cyclin-A2,CCNA2,1,883,1511
ARL8B_HUMAN,Q9NVJ2,ARL8B,ADP-ribosylation factor-like protein 8B ,6,17,13,36,bin_5,ADP-ribosylation factor-like protein 8B,ARL8B,1,77,12
GDF2_HUMAN,Q9UK05,GDF2,Growth/differentiation factor 2,3,30,3,36,bin_5,Growth/differentiation factor 2,GDF2,1,343,541
IRAK3_HUMAN,Q9Y616,IRAK3,Interleukin-1 receptor-associated kinase 3,6,27,3,36,bin_5,Interleukin-1 receptor-associated kinase 3,IRAK3,1,309,1925
TMEDA_HUMAN,P49755,TMED10,Transmembrane emp24 domain-containing protein 10,3,15,18,36,bin_5,Transmembrane emp24 domain-containing protein 10,TMED10,1,77,7
HXA11_HUMAN,P31270,HOXA11,Homeobox protein Hox-A11,3,28,5,36,bin_5,Homeobox protein Hox-A11,HOXA11,1,501,18
VAMP7_HUMAN,P51809,VAMP7,Vesicle-associated membrane protein 7,2,12,22,36,bin_5,Vesicle-associated membrane protein 7,VAMP7,1,307,902
IRS2_HUMAN,Q9Y4H2,IRS2,Insulin receptor substrate 2,7,27,2,36,bin_5,Insulin receptor substrate 2,IRS2,1,2279,6818
ROBO1_HUMAN,Q9Y6N7,ROBO1,Roundabout homolog 1,3,27,6,36,bin_5,Roundabout homolog 1,ROBO1,1,689,155
PDC6I_HUMAN,Q8WUM4,PDCD6IP,Programmed cell death 6-interacting protein ,3,21,12,36,bin_5,Programmed cell death 6-interacting protein,PDCD6IP,1,300,36
RBM4_HUMAN,Q9BWF3,RBM4,RNA-binding protein 4,8,20,8,36,bin_5,RNA-binding protein 4,RBM4,1,95,60184
VAMP8_HUMAN,Q9BV40,VAMP8,Vesicle-associated membrane protein 8 ,3,11,22,36,bin_5,Vesicle-associated membrane protein 8,VAMP8,1,338,849
ITB6_HUMAN,P18564,ITGB6,Integrin beta-6,4,22,10,36,bin_5,Integrin beta-6,ITGB6,1,191,265
HSP72_HUMAN,P54652,HSPA2,Heat shock-related 70 kDa protein 2,11,13,12,36,bin_5,HSPA2,HSPA2,1,308,25
ITPR3_HUMAN,Q14573,ITPR3,"Inositol 1,4,5-trisphosphate-gated calcium channel ITPR3 ",7,12,17,36,bin_5,"Inositol 1,4,5-trisphosphate-gated calcium channel ITPR3",ITPR3,1,249,0
RS6_HUMAN,P62753,RPS6,Small ribosomal subunit protein eS6 ,3,17,16,36,bin_5,Small ribosomal subunit protein eS6,RPS6,1,938,8
MTP_HUMAN,P55157,MTTP,Microsomal triglyceride transfer protein large subunit,12,15,9,36,bin_5,Microsomal triglyceride transfer protein large subunit,MTTP,1,474,47
CDK4_HUMAN,P11802,CDK4,Cyclin-dependent kinase 4,5,18,13,36,bin_5,Cyclin-dependent kinase 4,CDK4,1,11618,5774
LATS1_HUMAN,O95835,LATS1,Serine/threonine-protein kinase LATS1,6,23,7,36,bin_5,Serine/threonine-protein kinase LATS1,LATS1,1,1033,700
FSCN1_HUMAN,Q16658,FSCN1,Fascin,5,15,16,36,bin_5,Fascin,FSCN1,1,384,1144
BBS1_HUMAN,Q8NFJ9,BBS1,Bardet-Biedl syndrome 1 protein,4,25,7,36,bin_5,Bardet-Biedl syndrome 1 protein,BBS1,1,269,25
FBW1B_HUMAN,Q9UKB1,FBXW11,F-box/WD repeat-containing protein 11,4,20,12,36,bin_5,F-box/WD repeat-containing protein 11,FBXW11,1,80,120
UBE3A_HUMAN,Q9UEP9,UBE3A,Ubiquitin-protein ligase E3A,4,28,4,36,bin_5,Ubiquitin-protein ligase E3A,UBE3A,1,1062,121
UHRF1_HUMAN,Q96T88,UHRF1,E3 ubiquitin-protein ligase UHRF1,13,15,8,36,bin_5,E3 ubiquitin-protein ligase UHRF1,UHRF1,1,762,498
CSF2_HUMAN,P04141,CSF2,Granulocyte-macrophage colony-stimulating factor,3,28,5,36,bin_5,Granulocyte-macrophage colony-stimulating factor,CSF2,1,713,25486
SRC8_HUMAN,Q14247,CTTN,Src substrate cortactin,2,16,18,36,bin_5,Src substrate cortactin,CTTN,1,563,148
RIQRATTVSQ,Q6AZD7,SETX,Probable helicase senataxin ,7,19,10,36,bin_5,Probable helicase senataxin,SETX,1,284,6
HGF_HUMAN,Q9UDU6,HGF,Hepatocyte growth factor beta chain,4,28,4,36,bin_5,Hepatocyte growth factor beta chain,HGF,1,12895,552
UD11_HUMAN,P22309,UGT1A1,UDP-glucuronosyltransferase 1A1 ,7,23,6,36,bin_5,UDP-glucuronosyltransferase 1A1,UGT1A1,1,3401,1742
AMFR_HUMAN,Q9UKV5,AMFR,E3 ubiquitin-protein ligase AMFR,11,13,12,36,bin_5,E3 ubiquitin-protein ligase AMFR,AMFR,1,340,222
ZBT7A_HUMAN,O95365,ZBTB7A,Zinc finger and BTB domain-containing protein 7A ,12,20,4,36,bin_5,Zinc finger and BTB domain-containing protein 7A,ZBTB7A,1,292,22
NDEL1_HUMAN,Q9GZM8,NDEL1,Nuclear distribution protein nudE-like 1,4,21,11,36,bin_5,Nuclear distribution protein nudE-like 1,NDEL1,1,224,9
VRFKAYPQIR,P36888,FLT3,Receptor-type tyrosine-protein kinase FLT3,9,22,5,36,bin_5,Receptor-type tyrosine-protein kinase FLT3,FLT3,1,8476,60
HDAC5_HUMAN,Q9UQL6,HDAC5,Histone deacetylase 5,11,18,7,36,bin_5,Histone deacetylase 5,HDAC5,1,982,11539
NCKX4_HUMAN,Q8NFF2,SLC24A4,Sodium/potassium/calcium exchanger 4,5,25,6,36,bin_5,Sodium/potassium/calcium exchanger 4,SLC24A4,1,120,18
MLXPL_HUMAN,Q9Y2P3,MLXIPL,Carbohydrate-responsive element-binding protein,11,19,6,36,bin_5,Carbohydrate-responsive element-binding protein,MLXIPL,1,521,215
ALS2_HUMAN,Q96Q42,ALS2,Alsin,6,16,14,36,bin_5,Alsin,ALS2,1,442,106
S4A8_HUMAN,Q8N3U2,SLC4A8,Electroneutral sodium bicarbonate exchanger 1,8,10,18,36,bin_5,Electroneutral sodium bicarbonate exchanger 1,SLC4A8,1,38,923
LX15B_HUMAN,O15296,ALOX15B,Polyunsaturated fatty acid lipoxygenase ALOX15B ,7,21,8,36,bin_5,Polyunsaturated fatty acid lipoxygenase ALOX15B,ALOX15B,1,151,59
CRHBP_HUMAN,P24387,CRHBP,Corticotropin-releasing factor-binding protein,2,22,12,36,bin_5,Corticotropin-releasing factor-binding protein,CRHBP,1,218,249
STX1B_HUMAN,P61266,STX1B,Syntaxin-1B,4,18,14,36,bin_5,Syntaxin-1B,STX1B,1,142,1357
RARB_HUMAN,P10826,RARB,Retinoic acid receptor beta,9,23,4,36,bin_5,Retinoic acid receptor beta,RARB,1,421,1327
FPR2_HUMAN,P25090,FPR2,N-formyl peptide receptor 2,7,23,6,36,bin_5,N-formyl peptide receptor 2,FPR2,1,1072,403
TNR11_HUMAN,Q9Y6Q6,TNFRSF11A,Tumor necrosis factor receptor superfamily member 11A,5,27,4,36,bin_5,Tumor necrosis factor receptor superfamily member 11A,TNFRSF11A,1,2104,4493
STF1_HUMAN,Q13285,NR5A1,Steroidogenic factor 1,12,19,5,36,bin_5,Steroidogenic factor 1,NR5A1,1,991,1897
DDRGK_HUMAN,Q96HY6,DDRGK1,DDRGK domain-containing protein 1 ,3,29,4,36,bin_5,DDRGK domain-containing protein 1,DDRGK1,1,42,9
BARD1_HUMAN,Q99728,BARD1,BRCA1-associated RING domain protein 1,6,19,11,36,bin_5,BRCA1-associated RING domain protein 1,BARD1,1,800,83
NOL3_HUMAN,O60936,NOL3,Nucleolar protein 3 ,7,23,6,36,bin_5,Nucleolar protein 3,NOL3,1,156,225774
VATB1_HUMAN,P15313,ATP6V1B1,"V-type proton ATPase subunit B, kidney isoform",4,23,9,36,bin_5,"V-type proton ATPase subunit B, kidney isoform",ATP6V1B1,1,164,3
CRY1_HUMAN,Q16526,CRY1,Cryptochrome-1,9,24,3,36,bin_5,Cryptochrome-1,CRY1,1,1997,341
SCP2_HUMAN,Q16622,SCP2,Sterol carrier protein 2,12,15,9,36,bin_5,Sterol carrier protein 2,SCP2,1,510,556
DBNL_HUMAN,Q9HBN8,DBNL,Drebrin-like protein,6,7,23,36,bin_5,Drebrin-like protein,DBNL,1,63,16
GNAT2_HUMAN,P19087,GNAT2,Guanine nucleotide-binding protein G(t) subunit alpha-2,6,23,7,36,bin_5,Guanine nucleotide-binding protein G(t) subunit alpha-2,GNAT2,1,158,3
IF16_HUMAN,Q5T3X2,IFI16,Gamma-interferon-inducible protein 16 ,4,25,7,36,bin_5,Gamma-interferon-inducible protein 16,IFI16,1,625,20
IFNB_HUMAN,P01574,IFNB1,Interferon beta ,4,30,2,36,bin_5,Interferon beta,IFNB1,1,331,39091
V1AR_HUMAN,P37288,AVPR1A,Vasopressin V1a receptor,5,28,3,36,bin_5,Vasopressin V1a receptor,AVPR1A,1,328,8754
TRPM2_HUMAN,O94759,TRPM2,Transient receptor potential cation channel subfamily M member 2,8,19,9,36,bin_5,Transient receptor potential cation channel subfamily M member 2,TRPM2,1,4460,256
TRAF3_HUMAN,Q13114,TRAF3,TNF receptor-associated factor 3 ,9,18,9,36,bin_5,TNF receptor-associated factor 3,TRAF3,1,1141,731
RENT1_HUMAN,Q92900,UPF1,Regulator of nonsense transcripts 1 ,10,16,10,36,bin_5,Regulator of nonsense transcripts 1,UPF1,1,762,827
PEX5_HUMAN,P50542,PEX5,Peroxisomal targeting signal 1 receptor ,6,21,9,36,bin_5,Peroxisomal targeting signal 1 receptor,PEX5,1,407,214
CNOT7_HUMAN,Q9UIV1,CNOT7,CCR4-NOT transcription complex subunit 7,7,21,8,36,bin_5,CCR4-NOT transcription complex subunit 7,CNOT7,1,119,27
PK2L1_HUMAN,Q9P0L9,PKD2L1,Polycystin-2-like protein 1,12,12,12,36,bin_5,Polycystin-2-like protein 1,PKD2L1,1,155,1
EOMES_HUMAN,O95936,EOMES,Eomesodermin homolog,7,26,3,36,bin_5,Eomesodermin homolog,EOMES,1,1073,14
CI072_HUMAN,Q96LT7,C9orf72,Guanine nucleotide exchange factor C9orf72 ,2,15,19,36,bin_5,Guanine nucleotide exchange factor C9orf72,C9orf72,1,2785,2198
WWTR1_HUMAN,Q9GZV5,WWTR1,WW domain-containing transcription regulator protein 1,4,25,7,36,bin_5,WW domain-containing transcription regulator protein 1,WWTR1,1,937,945
TOPB1_HUMAN,Q92547,TOPBP1,DNA topoisomerase 2-binding protein 1 ,5,16,15,36,bin_5,DNA topoisomerase 2-binding protein 1,TOPBP1,1,487,16
TPM1_HUMAN,Q7Z6L8,TPM1,Tropomyosin alpha-1 chain,8,20,8,36,bin_5,Tropomyosin alpha-1 chain,TPM1,1,655,46
RGAP1_HUMAN,Q9H0H5,RACGAP1,Rac GTPase-activating protein 1,9,13,14,36,bin_5,Rac GTPase-activating protein 1,RACGAP1,1,202,466
PO5F1_HUMAN,Q5STF4,POU5F1,"POU domain, class 5, transcription factor 1",12,18,6,36,bin_5,"POU domain, class 5, transcription factor 1",POU5F1,1,3946,4643
PITX2_HUMAN,Q99697,PITX2,Pituitary homeobox 2 ,12,19,5,36,bin_5,Pituitary homeobox 2,PITX2,1,1241,206
DNJB2_HUMAN,P25686,DNAJB2,DnaJ homolog subfamily B member 2 ,11,17,9,37,bin_5,DnaJ homolog subfamily B member 2,DNAJB2,1,54,30
PDIA1_HUMAN,P07237,P4HB,Protein disulfide-isomerase,9,14,14,37,bin_5,protein disulfide-isomerase,P4HB,1,402,5031
SP3_HUMAN,Q02447,SP3,Transcription factor Sp3,8,22,7,37,bin_5,Transcription factor Sp3,SP3,1,5483,1287
GDN_HUMAN,P07093,SERPINE2,Glia-derived nexin,4,26,7,37,bin_5,Glia-derived nexin,SERPINE2,1,504,57
MYOC_HUMAN,Q99972,MYOC,"Myocilin, C-terminal fragment",5,20,12,37,bin_5,"Myocilin, C-terminal fragment",MYOC,1,518,8
TNR1A_HUMAN,P19438,TNFRSF1A,Tumor necrosis factor-binding protein 1,2,26,9,37,bin_5,Tumor necrosis factor-binding protein 1,TNFRSF1A,1,1449,612
COR1C_HUMAN,Q9ULV4,CORO1C,Coronin-1C,2,24,11,37,bin_5,Coronin-1C,CORO1C,1,68,46
NLRP1_HUMAN,Q9Y2E0,NLRP1,"NACHT, LRR and PYD domains-containing protein 1, N-terminus ",12,18,7,37,bin_5,"NACHT, LRR and PYD domains-containing protein 1, N-terminus",NLRP1,1,952,1
INHBB_HUMAN,P09529,INHBB,Inhibin beta B chain,5,28,4,37,bin_5,Inhibin beta B chain,INHBB,1,269,0
IL8_HUMAN,Q9UCS0,CXCL8,IL-8(9-77),4,31,2,37,bin_5,Interleukin-8,CXCL8,1,7608,7
ACTN3_HUMAN,Q08043,ACTN3,Alpha-actinin-3,6,21,10,37,bin_5,Alpha-actinin-3,ACTN3,1,472,241
ACTN1_HUMAN,P12814,ACTN1,Alpha-actinin-1,9,9,19,37,bin_5,Alpha-actinin-1,ACTN1,1,230,161
BMP5_HUMAN,P22003,BMP5,Bone morphogenetic protein 5,3,32,2,37,bin_5,Bone morphogenetic protein 5,BMP5,1,341,140
WASP_HUMAN,P42768,WAS,Actin nucleation-promoting factor WAS ,7,20,10,37,bin_5,Actin nucleation-promoting factor WAS,WAS,1,0,267
DRA_HUMAN,P01903,HLA-DRA,"HLA class II histocompatibility antigen, DR alpha chain",5,15,17,37,bin_5,"HLA class II histocompatibility antigen, DR alpha chain",HLA-DRA,1,1264,1007
IL12A_HUMAN,P29459,IL12A,Interleukin-12 subunit alpha,6,26,5,37,bin_5,Interleukin-12 subunit alpha,IL12A,1,706,991
MRP4_HUMAN,O15439,ABCC4,ATP-binding cassette sub-family C member 4,16,13,8,37,bin_5,ATP-binding cassette sub-family C member 4,ABCC4,1,885,151
RENR_HUMAN,Q9UG89,ATP6AP2,Renin receptor C-terminal fragment ,1,17,19,37,bin_5,Renin receptor C-terminal fragment,ATP6AP2,1,306,15
ILK_HUMAN,Q13418,ILK,Integrin-linked protein kinase ,4,27,6,37,bin_5,Integrin-linked protein kinase,ILK,1,2033,1428
TFE2_HUMAN,P15923,TCF3,Transcription factor E2-alpha,15,14,8,37,bin_5,Transcription factor E2-alpha,TCF3,1,1032,9769
MET_HUMAN,P08581,MET,Hepatocyte growth factor receptor,7,23,7,37,bin_5,Hepatocyte growth factor receptor,MET,1,300460,10383
FPPYVLRPDD,Q9UPY3,DICER1,Endoribonuclease Dicer,12,18,7,37,bin_5,Endoribonuclease Dicer,DICER1,1,2147,2177
NLGN3_HUMAN,Q9NZ97,NLGN3,Neuroligin-3,4,22,11,37,bin_5,Neuroligin-3,NLGN3,1,152,244
BASI_HUMAN,P35613,BSG,Basigin ,4,18,15,37,bin_5,Basigin,BSG,1,2416,1917
SCF_HUMAN,P21583,KITLG,Soluble KIT ligand,3,27,7,37,bin_5,KITLG,KITLG,1,355,2833
CSK21_HUMAN,P68400,CSNK2A1,Casein kinase II subunit alpha,6,24,7,37,bin_5,Casein kinase II subunit alpha,CSNK2A1,1,285,676
MALT1_HUMAN,Q9UDY8,MALT1,Mucosa-associated lymphoid tissue lymphoma translocation protein 1 ,7,22,8,37,bin_5,Mucosa-associated lymphoid tissue lymphoma translocation protein 1,MALT1,1,1023,540
LEUK_HUMAN,P16150,SPN,CD43 cytoplasmic tail ,3,24,10,37,bin_5,CD43 cytoplasmic tail,SPN,1,3490,16
PLK3_HUMAN,Q9H4B4,PLK3,Serine/threonine-protein kinase PLK3,4,23,10,37,bin_5,Serine/threonine-protein kinase PLK3,PLK3,1,272,197
LAMP2_HUMAN,P13473,LAMP2,Lysosome-associated membrane glycoprotein 2 ,4,17,16,37,bin_5,Lysosome-associated membrane glycoprotein 2,LAMP2,1,1550,5010
FZD1_HUMAN,Q9UP38,FZD1,Frizzled-1,6,27,4,37,bin_5,Frizzled-1,FZD1,1,285,119
MAP1S_HUMAN,Q96SP8,MAP1S,MAP1S light chain,7,14,16,37,bin_5,MAP1S light chain,MAP1S,1,63,11
MAPK2_HUMAN,P49137,MAPKAPK2,MAP kinase-activated protein kinase 2,8,23,6,37,bin_5,MAP kinase-activated protein kinase 2,MAPKAPK2,1,997,829
OAS1_HUMAN,Q16701,OAS1,2'-5'-oligoadenylate synthase 1,4,24,9,37,bin_5,2'-5'-oligoadenylate synthase 1,OAS1,1,769,61
NFAC4_HUMAN,Q96H68,NFATC4,"Nuclear factor of activated T-cells, cytoplasmic 4",6,26,5,37,bin_5,"Nuclear factor of activated T-cells, cytoplasmic 4",NFATC4,1,289,649
PARP9_HUMAN,Q8IXQ6,PARP9,Protein mono-ADP-ribosyltransferase PARP9 ,11,18,8,37,bin_5,protein,PARP9,1,121,55
FGF13_HUMAN,Q92913,FGF13,Fibroblast growth factor 13 ,5,19,13,37,bin_5,Fibroblast growth factor 13,FGF13,1,234,138
KGP1_HUMAN,Q13976,PRKG1,cGMP-dependent protein kinase 1,8,22,7,37,bin_5,cGMP-dependent protein kinase 1,PRKG1,1,325,3245
OSR2_HUMAN,Q8N2R0,OSR2,Protein odd-skipped-related 2 ,6,30,1,37,bin_5,Protein odd-skipped-related 2,OSR2,1,115,41
CAC1C_HUMAN,Q99025,CACNA1C,Voltage-dependent L-type calcium channel subunit alpha-1C,7,20,10,37,bin_5,Voltage-dependent L-type calcium channel subunit alpha-1C,CACNA1C,1,1188,151
CD28_HUMAN,Q9BYV0,CD28,T-cell-specific surface glycoprotein CD28,3,28,6,37,bin_5,T-cell-specific surface glycoprotein CD28,CD28,1,13641,8602
NED4L_HUMAN,Q9H2W4,NEDD4L,E3 ubiquitin-protein ligase NEDD4-like,7,24,6,37,bin_5,E3 ubiquitin-protein ligase NEDD4-like,NEDD4L,1,746,75
MDR1_HUMAN,P08183,ABCB1,ATP-dependent translocase ABCB1 ,13,17,7,37,bin_5,ATP-dependent translocase ABCB1,ABCB1,1,7706,16694
KC1D_HUMAN,P48730,CSNK1D,Casein kinase I isoform delta,6,20,11,37,bin_5,Casein kinase I isoform delta,CSNK1D,1,82,64
MEF2A_HUMAN,Q02078,MEF2A,Myocyte-specific enhancer factor 2A,14,18,5,37,bin_5,Myocyte-specific enhancer factor 2A,MEF2A,1,672,2266
AMRA1_HUMAN,Q9C0C7,AMBRA1,Activating molecule in BECN1-regulated autophagy protein 1 ,4,19,14,37,bin_5,Activating molecule in BECN1-regulated autophagy protein 1,AMBRA1,1,268,3
SPTB2_HUMAN,Q01082,SPTBN1,"Spectrin beta chain, non-erythrocytic 1",9,13,15,37,bin_5,"Spectrin beta chain, non-erythrocytic 1",SPTBN1,1,169,16
E2AK4_HUMAN,Q9P2K8,EIF2AK4,eIF-2-alpha kinase GCN2 ,5,28,4,37,bin_5,eIF-2-alpha kinase GCN2,EIF2AK4,1,445,329
KCNA2_HUMAN,P16389,KCNA2,Potassium voltage-gated channel subfamily A member 2,7,13,17,37,bin_5,Potassium voltage-gated channel subfamily A member 2,KCNA2,1,268,317
MTA70_HUMAN,Q86U44,METTL3,N6-adenosine-methyltransferase catalytic subunit ,6,24,7,37,bin_5,N6-adenosine-methyltransferase catalytic subunit,METTL3,1,2329,16
CLD1_HUMAN,O95832,CLDN1,Claudin-1,3,26,8,37,bin_5,Claudin-1,CLDN1,1,1372,4119
CNGB1_HUMAN,Q14028,CNGB1,Cyclic nucleotide-gated channel beta-1,8,20,9,37,bin_5,Cyclic nucleotide-gated channel beta-1,CNGB1,1,134,33
HYAL1_HUMAN,Q8NFK9,HYAL1,Hyaluronidase-1,3,27,7,37,bin_5,Hyaluronidase-1,HYAL1,1,330,152
DYL1_HUMAN,P63167,DYNLL1,"Dynein light chain 1, cytoplasmic",8,10,19,37,bin_5,"Dynein light chain 1, cytoplasmic",DYNLL1,1,173,1676
TYK2_HUMAN,P29597,TYK2,Non-receptor tyrosine-protein kinase TYK2,5,21,11,37,bin_5,Non-receptor tyrosine-protein kinase TYK2,TYK2,1,1637,1222
IBP5_HUMAN,P24593,IGFBP5,Insulin-like growth factor-binding protein 5,3,29,5,37,bin_5,Insulin-like growth factor-binding protein 5,IGFBP5,1,1478,983
PRGR_HUMAN,P06401,PGR,Progesterone receptor,15,18,4,37,bin_5,Progesterone receptor,PGR,1,4835,46407
IDE_HUMAN,P14735,IDE,Insulin-degrading enzyme ,9,18,10,37,bin_5,Insulin-degrading enzyme,IDE,1,12823,1490
EHMT2_HUMAN,Q96QD0,EHMT2,Histone-lysine N-methyltransferase EHMT2,12,21,4,37,bin_5,Histone-lysine N-methyltransferase EHMT2,EHMT2,1,564,432
HHEX_HUMAN,Q03014,HHEX,Hematopoietically-expressed homeobox protein HHEX,11,21,5,37,bin_5,Hematopoietically-expressed homeobox protein HHEX,HHEX,1,519,58
CLD3_HUMAN,O15551,CLDN3,Claudin-3,3,26,8,37,bin_5,Claudin-3,CLDN3,1,513,1134
GRHL2_HUMAN,Q6ISB3,GRHL2,Grainyhead-like protein 2 homolog,10,22,5,37,bin_5,Grainyhead-like protein 2 homolog,GRHL2,1,256,11
DTX3L_HUMAN,Q8TDB6,DTX3L,E3 ubiquitin-protein ligase DTX3L,10,19,8,37,bin_5,E3 ubiquitin-protein ligase DTX3L,DTX3L,1,71,46
RASK_HUMAN,P01116,KRAS,"GTPase KRas, N-terminally processed",7,22,9,38,bin_5,"GTPase KRas, N-terminally processed",KRAS,1,28029,3
AK1C1_HUMAN,Q04828,AKR1C1,Aldo-keto reductase family 1 member C1 ,20,16,2,38,bin_5,Aldo-keto reductase family 1 member C1,AKR1C1,1,374,47
VGFR3_HUMAN,P35916,FLT4,Vascular endothelial growth factor receptor 3,6,27,5,38,bin_5,Vascular endothelial growth factor receptor 3,FLT4,1,749,1802
KCNH2_HUMAN,Q9H3P0,KCNH2,Potassium voltage-gated channel subfamily H member 2,11,24,3,38,bin_5,Potassium voltage-gated channel subfamily H member 2,KCNH2,1,2106,2144
ARHG2_HUMAN,Q92974,ARHGEF2,Rho guanine nucleotide exchange factor 2,4,22,12,38,bin_5,Rho guanine nucleotide exchange factor 2,ARHGEF2,1,185,1228
QEQDLEKVVS,P21817,RYR1,Ryanodine receptor 1 ,8,15,15,38,bin_5,Ryanodine receptor 1,RYR1,1,8234,7816
TAF10_HUMAN,Q12962,TAF10,Transcription initiation factor TFIID subunit 10,7,22,9,38,bin_5,Transcription initiation factor TFIID subunit 10,TAF10,1,75,22
BAP1_HUMAN,Q92560,BAP1,Ubiquitin carboxyl-terminal hydrolase BAP1 ,5,28,5,38,bin_5,Ubiquitin carboxyl-terminal hydrolase BAP1,BAP1,1,2052,876
ANO6_HUMAN,Q4KMQ2,ANO6,Anoctamin-6 ,8,22,8,38,bin_5,Anoctamin-6,ANO6,1,167,61
WNK4_HUMAN,Q96J92,WNK4,Serine/threonine-protein kinase WNK4 ,6,26,6,38,bin_5,Serine/threonine-protein kinase WNK4,WNK4,1,465,380
ZO1_HUMAN,Q07157,TJP1,Tight junction protein ZO-1,3,21,14,38,bin_5,Tight junction protein ZO-1,TJP1,1,2657,4755
CHK2_HUMAN,Q9UGF1,CHEK2,Serine/threonine-protein kinase Chk2 ,8,25,5,38,bin_5,Serine/threonine-protein kinase Chk2,CHEK2,1,2688,2798
PA21B_HUMAN,P04054,PLA2G1B,Phospholipase A2,6,29,3,38,bin_5,Phospholipase A2,PLA2G1B,1,105,25918
ATX3_HUMAN,Q96TC4,ATXN3,Ataxin-3,6,20,12,38,bin_5,Ataxin-3,ATXN3,1,867,966
LDB1_HUMAN,Q86U70,LDB1,LIM domain-binding protein 1,8,23,7,38,bin_5,LIM domain-binding protein 1,LDB1,1,290,128
PAI1_HUMAN,P05121,SERPINE1,Plasminogen activator inhibitor 1,3,27,8,38,bin_5,Plasminogen activator inhibitor 1,SERPINE1,1,2470,13517
CNTP2_HUMAN,Q9UHC6,CNTNAP2,Contactin-associated protein-like 2,3,21,14,38,bin_5,Contactin-associated protein-like 2,CNTNAP2,1,609,290
DSRAD_HUMAN,P55265,ADAR,Double-stranded RNA-specific adenosine deaminase,6,25,7,38,bin_5,Double-stranded RNA-specific adenosine deaminase,ADAR,1,2178,81
PKN2_HUMAN,Q16513,PKN2,Serine/threonine-protein kinase N2,11,13,14,38,bin_5,Serine/threonine-protein kinase N2,PKN2,1,98,1397
PKN1_HUMAN,Q16512,PKN1,Serine/threonine-protein kinase N1,13,17,8,38,bin_5,Serine/threonine-protein kinase N1,PKN1,1,126,785
PK3C3_HUMAN,Q8NEB9,PIK3C3,Phosphatidylinositol 3-kinase catalytic subunit type 3,5,18,15,38,bin_5,Phosphatidylinositol 3-kinase catalytic subunit type 3,PIK3C3,1,339,1065
AT2A1_HUMAN,O14983,ATP2A1,Sarcoplasmic/endoplasmic reticulum calcium ATPase 1 ,6,21,11,38,bin_5,Sarcoplasmic/endoplasmic reticulum calcium ATPase 1,ATP2A1,1,280,7546
TOPRS_HUMAN,Q9NS56,TOPORS,E3 ubiquitin-protein ligase Topors,7,20,11,38,bin_5,E3 ubiquitin-protein ligase Topors,TOPORS,1,84,59
TOP2A_HUMAN,P11388,TOP2A,DNA topoisomerase 2-alpha,12,16,10,38,bin_5,DNA topoisomerase 2-alpha,TOP2A,1,1476,71
APOC3_HUMAN,P02656,APOC3,Apolipoprotein C-III,5,24,9,38,bin_5,Apolipoprotein C-III,APOC3,1,848,2192
TNKS1_HUMAN,O95271,TNKS,Poly [ADP-ribose] polymerase tankyrase-1 ,5,21,12,38,bin_5,Poly [ADP-ribose] polymerase tankyrase-1,TNKS,1,367,87
TLR7_HUMAN,Q9NYK1,TLR7,Toll-like receptor 7 ,4,23,11,38,bin_5,Toll-like receptor 7,TLR7,1,5139,3288
PP1A_HUMAN,P62136,PPP1CA,Serine/threonine-protein phosphatase PP1-alpha catalytic subunit,8,16,14,38,bin_5,Serine/threonine-protein phosphatase PP1-alpha catalytic subunit,PPP1CA,1,110,4
TIF1B_HUMAN,Q13263,TRIM28,Transcription intermediary factor 1-beta ,14,18,6,38,bin_5,Transcription intermediary factor 1-beta,TRIM28,1,704,15
DVL2_HUMAN,O14641,DVL2,Segment polarity protein dishevelled homolog DVL-2,6,22,10,38,bin_5,Segment polarity protein dishevelled homolog DVL-2,DVL2,1,488,1
TERF1_HUMAN,P54274,TERF1,Telomeric repeat-binding factor 1,9,19,10,38,bin_5,Telomeric repeat-binding factor 1,TERF1,1,148,481
LYOX_HUMAN,P28300,LOX,"Protein-lysine 6-oxidase, short form ",5,29,4,38,bin_5,protein,LOX,1,10199,2
XIAP_HUMAN,P98170,XIAP,E3 ubiquitin-protein ligase XIAP,8,26,4,38,bin_5,E3 ubiquitin-protein ligase XIAP,XIAP,1,4496,2469
PLPP3_HUMAN,O14495,PLPP3,Phospholipid phosphatase 3 ,4,23,11,38,bin_5,Phospholipid phosphatase 3,PLPP3,1,67,3186
NCBP1_HUMAN,Q09161,NCBP1,Nuclear cap-binding protein subunit 1,5,26,7,38,bin_5,Nuclear cap-binding protein subunit 1,NCBP1,1,33,91
SNAI1_HUMAN,O95863,SNAI1,Zinc finger protein SNAI1,7,24,7,38,bin_5,Zinc finger protein SNAI1,SNAI1,1,2563,340
NEMO_HUMAN,Q9Y6K9,IKBKG,NF-kappa-B essential modulator ,11,18,9,38,bin_5,NF-kappa-B essential modulator,IKBKG,1,640,1111
CD44_HUMAN,Q96J24,CD44,CD44 antigen,3,22,13,38,bin_5,CD44 antigen,CD44,1,23325,12689
SORCN_HUMAN,P30626,SRI,Sorcin,8,20,10,38,bin_5,Sorcin,SRI,1,42263,219
AMOT_HUMAN,Q4VCS5,AMOT,Angiomotin,2,21,15,38,bin_5,Angiomotin,AMOT,1,226,262
FGF7_HUMAN,P21781,FGF7,Fibroblast growth factor 7,4,30,4,38,bin_5,Fibroblast growth factor 7,FGF7,1,1507,1709
HEXB_HUMAN,P07686,HEXB,Beta-hexosaminidase subunit beta chain A,4,24,10,38,bin_5,Beta-hexosaminidase subunit beta chain A,HEXB,1,379,0
MYOG_HUMAN,P15173,MYOG,Myogenin,11,22,5,38,bin_5,Myogenin,MYOG,1,1608,3837
SHAN1_HUMAN,Q9Y566,SHANK1,SH3 and multiple ankyrin repeat domains protein 1,9,18,11,38,bin_5,SH3 and multiple ankyrin repeat domains protein 1,SHANK1,1,203,51
CSTN3_HUMAN,Q9BQT9,CLSTN3,Calsyntenin-3 ,4,23,11,38,bin_5,Calsyntenin-3,CLSTN3,1,39,20
RAB14_HUMAN,P61106,RAB14,Ras-related protein Rab-14 ,4,13,21,38,bin_5,Ras-related protein Rab-14,RAB14,1,211,5
NLGNX_HUMAN,Q8N0W4,NLGN4X,"Neuroligin-4, X-linked",6,19,13,38,bin_5,"Neuroligin-4, X-linked",NLGN4X,1,111,21
PTAFR_HUMAN,P25105,PTAFR,Platelet-activating factor receptor,7,27,4,38,bin_5,Platelet-activating factor receptor,PTAFR,1,70,1787
AKT2_HUMAN,P31751,AKT2,RAC-beta serine/threonine-protein kinase,5,25,8,38,bin_5,RAC-beta serine/threonine-protein kinase,AKT2,1,2241,12
BMR1B_HUMAN,O00238,BMPR1B,Bone morphogenetic protein receptor type-1B,9,24,5,38,bin_5,Bone morphogenetic protein receptor type-1B,BMPR1B,1,558,37
MAGI2_HUMAN,Q86UL8,MAGI2,"Membrane-associated guanylate kinase, WW and PDZ domain-containing protein 2",5,16,17,38,bin_5,MAGI2,MAGI2,1,304,19
MTAP2_HUMAN,P11137,MAP2,Microtubule-associated protein 2,5,13,20,38,bin_5,Microtubule-associated protein 2,MAP2,1,4705,67565
MCLN1_HUMAN,Q9GZU1,MCOLN1,Mucolipin-1 ,11,13,14,38,bin_5,Mucolipin-1,MCOLN1,1,362,207
CASP9_HUMAN,Q9UIJ8,CASP9,Caspase-9 subunit p10,8,24,7,39,bin_5,Caspase-9 subunit p10,CASP9,1,4182,11
LGMN_HUMAN,Q99538,LGMN,Legumain ,4,26,9,39,bin_5,Legumain,LGMN,1,112,687
FIBG_HUMAN,Q9UCF3,FGG,Fibrinogen gamma chain,6,21,12,39,bin_5,Fibrinogen gamma chain,FGG,1,1851,481
QKI_HUMAN,Q9P0X7,QKI,KH domain-containing RNA-binding protein QKI ,8,27,4,39,bin_5,KH domain-containing RNA-binding protein QKI,QKI,1,424,11
MARK2_HUMAN,Q7KZI7,MARK2,Serine/threonine-protein kinase MARK2,10,21,8,39,bin_5,Serine/threonine-protein kinase MARK2,MARK2,1,310,154
HAND1_HUMAN,O96004,HAND1,Heart- and neural crest derivatives-expressed protein 1,11,22,6,39,bin_5,Heart- and neural crest derivatives-expressed protein 1,HAND1,1,344,52
FRDA_HUMAN,Q16595,FXN,Extramitochondrial frataxin ,5,28,6,39,bin_5,frataxin,FXN,1,558,14
LRP4_HUMAN,O75096,LRP4,Low-density lipoprotein receptor-related protein 4,6,25,8,39,bin_5,Low-density lipoprotein receptor-related protein 4,LRP4,1,477,1599
ERRFI_HUMAN,Q9UJM3,ERRFI1,ERBB receptor feedback inhibitor 1,2,33,4,39,bin_5,ERBB receptor feedback inhibitor 1,ERRFI1,1,230,163
CBS_HUMAN,P35520,CBS,Cystathionine beta-synthase ,14,22,3,39,bin_5,Cystathionine beta-synthase,CBS,1,14536,3178
LSHR_HUMAN,P22888,LHCGR,Lutropin-choriogonadotropic hormone receptor,7,27,5,39,bin_5,Lutropin-choriogonadotropic hormone receptor,LHCGR,1,802,2
M3K20_HUMAN,Q9NYE9,MAP3K20,Mitogen-activated protein kinase kinase kinase 20 ,11,25,3,39,bin_5,Mitogen-activated protein kinase kinase kinase 20,MAP3K20,1,72,9751
PHLD_HUMAN,Q9H167,GPLD1,Phosphatidylinositol-glycan-specific phospholipase D,3,29,7,39,bin_5,Phosphatidylinositol-glycan-specific phospholipase D,GPLD1,1,54,10
IF4A3_HUMAN,P38919,EIF4A3,"Eukaryotic initiation factor 4A-III, N-terminally processed",9,16,14,39,bin_5,Eukaryotic initiation factor 4A-III,EIF4A3,1,304,0
EYA1_HUMAN,Q99502,EYA1,Eyes absent homolog 1,5,29,5,39,bin_5,Eyes absent homolog 1,EYA1,1,469,79
NTR1_HUMAN,P30989,NTSR1,Neurotensin receptor type 1,4,25,10,39,bin_5,Neurotensin receptor type 1,NTSR1,1,250,575
PKHD1_HUMAN,P08F94,PKHD1,Fibrocystin ,1,24,14,39,bin_5,Fibrocystin,PKHD1,1,1604,139
EMIL1_HUMAN,Q9Y6C2,EMILIN1,EMILIN-1,4,32,3,39,bin_5,EMILIN-1,EMILIN1,1,130,170
PLCG1_HUMAN,P19174,PLCG1,"1-phosphatidylinositol 4,5-bisphosphate phosphodiesterase gamma-1 ",9,19,11,39,bin_5,"1-phosphatidylinositol 4,5-bisphosphate phosphodiesterase gamma-1",PLCG1,1,354,266
FZD9_HUMAN,O00144,FZD9,Frizzled-9,5,23,11,39,bin_5,Frizzled-9,FZD9,1,129,44
NOX4_HUMAN,Q86V92,NOX4,NADPH oxidase 4,11,17,11,39,bin_5,NADPH oxidase 4,NOX4,1,4058,2376
ASM_HUMAN,P17405,SMPD1,"Sphingomyelin phosphodiesterase, processed form ",5,25,9,39,bin_5,"Sphingomyelin phosphodiesterase, processed form",SMPD1,1,329,44
IL15_HUMAN,P40933,IL15,Interleukin-15,2,29,8,39,bin_5,Interleukin-15,IL15,1,8044,4552
CD34_HUMAN,P28906,CD34,Hematopoietic progenitor cell antigen CD34,3,26,10,39,bin_5,CD34,CD34,1,41888,10422
PPBT_HUMAN,Q5VTG5,ALPL,"Alkaline phosphatase, tissue-nonspecific isozyme ",9,22,8,39,bin_5,"Alkaline phosphatase, tissue-nonspecific isozyme",ALPL,1,1179,107
IL23A_HUMAN,Q9NPF7,IL23A,Interleukin-23 subunit alpha,2,34,3,39,bin_5,Interleukin-23 subunit alpha,IL23A,1,757,663
G3P_HUMAN,P04406,GAPDH,Glyceraldehyde-3-phosphate dehydrogenase ,8,17,14,39,bin_5,Glyceraldehyde-3-phosphate dehydrogenase,GAPDH,1,9034,12729
NLRP6_HUMAN,P59044,NLRP6,"NACHT, LRR and PYD domains-containing protein 6 ",9,23,7,39,bin_5,"NACHT, LRR and PYD domains-containing protein 6",NLRP6,1,293,52
RAP1A_HUMAN,P62834,RAP1A,Ras-related protein Rap-1A,7,16,16,39,bin_5,Ras-related protein Rap-1A,RAP1A,1,580,12
SYT7_HUMAN,O43581,SYT7,Synaptotagmin-7 ,8,15,16,39,bin_5,Synaptotagmin-7,SYT7,1,175,2219
CP4F2_HUMAN,P78329,CYP4F2,Cytochrome P450 4F2 ,14,21,4,39,bin_5,Cytochrome P450 4F2,CYP4F2,1,574,100
ABCB6_HUMAN,Q9NP58,ABCB6,ATP-binding cassette sub-family B member 6 ,7,13,19,39,bin_5,ATP-binding cassette sub-family B member 6,ABCB6,1,188,186
CP1A2_HUMAN,P05177,CYP1A2,Cytochrome P450 1A2 ,13,24,2,39,bin_5,Cytochrome P450 1A2,CYP1A2,1,7418,7219
THY1_HUMAN,P04216,THY1,Thy-1 membrane glycoprotein,3,22,14,39,bin_5,Thy-1 membrane glycoprotein,THY1,1,6348,3836
TYOBP_HUMAN,O43914,TYROBP,TYRO protein tyrosine kinase-binding protein ,5,30,4,39,bin_5,TYRO protein tyrosine kinase-binding protein,TYROBP,1,673,26
TSC2_HUMAN,Q8TAZ1,TSC2,Tuberin ,5,24,10,39,bin_5,Tuberin,TSC2,1,3448,2108
ABCBB_HUMAN,O95342,ABCB11,Bile salt export pump ,7,23,9,39,bin_5,Bile salt export pump,ABCB11,1,976,1204
ABCAC_HUMAN,Q86UK0,ABCA12,Glucosylceramide transporter ABCA12 ,9,21,9,39,bin_5,Glucosylceramide transporter ABCA12,ABCA12,1,242,16
RC3H1_HUMAN,Q5TC82,RC3H1,Roquin-1 ,10,28,1,39,bin_5,Roquin-1,RC3H1,1,94,37
CIKS_HUMAN,Q9NS14,TRAF3IP2,E3 ubiquitin ligase TRAF3IP2 ,2,33,4,39,bin_5,E3 ubiquitin ligase TRAF3IP2,TRAF3IP2,1,271,15
CTNS_HUMAN,O60931,CTNS,Cystinosin ,2,29,8,39,bin_5,Cystinosin,CTNS,1,2064,211
S38A2_HUMAN,Q96QD8,SLC38A2,Sodium-coupled neutral amino acid symporter 2 ,8,24,7,39,bin_5,Sodium-coupled neutral amino acid symporter 2,SLC38A2,1,273,18
AIF1_HUMAN,P55008,AIF1,Allograft inflammatory factor 1,2,27,10,39,bin_5,Allograft inflammatory factor 1,AIF1,1,2079,1695
SMRC1_HUMAN,Q92922,SMARCC1,SWI/SNF complex subunit SMARCC1 ,3,21,15,39,bin_5,SWI/SNF complex subunit SMARCC1,SMARCC1,1,168,51
AVR2A_HUMAN,P27037,ACVR2A,Activin receptor type-2A ,11,23,6,40,bin_5,Activin receptor type-2A,ACVR2A,1,199,28
JAK1_HUMAN,P23458,JAK1,Tyrosine-protein kinase JAK1,8,23,9,40,bin_5,Tyrosine-protein kinase JAK1,JAK1,1,5204,3149
EPHB1_HUMAN,P54762,EPHB1,Ephrin type-B receptor 1,4,25,11,40,bin_5,Ephrin type-B receptor 1,EPHB1,1,283,47
SIX4_HUMAN,Q9UIU6,SIX4,Homeobox protein SIX4,4,32,4,40,bin_5,Homeobox protein SIX4,SIX4,1,200,110
FIBA_HUMAN,P02671,FGA,Fibrinogen alpha chain,5,21,14,40,bin_5,Fibrinogen alpha chain,FGA,1,1930,2170
CD81_HUMAN,P60033,CD81,CD81 antigen,6,25,9,40,bin_5,CD81 antigen,CD81,1,2420,1093
KMT2A_HUMAN,Q9UD94,KMT2A,MLL cleavage product C180,11,24,5,40,bin_5,MLL cleavage product C180,KMT2A,1,2622,0
SYT4_HUMAN,Q9H2B2,SYT4,Synaptotagmin-4,5,20,15,40,bin_5,Synaptotagmin-4,SYT4,1,103,2198
ARRB1_HUMAN,P49407,ARRB1,Beta-arrestin-1,8,19,13,40,bin_5,Beta-arrestin-1,ARRB1,1,460,774
TOR1A_HUMAN,O14656,TOR1A,Torsin-1A,8,18,14,40,bin_5,Torsin-1A,TOR1A,1,630,14
PRDM1_HUMAN,O75626,PRDM1,PR domain zinc finger protein 1,8,28,4,40,bin_5,PR domain zinc finger protein 1,PRDM1,1,1217,225
NGN1_HUMAN,Q92886,NEUROG1,Neurogenin-1,7,30,3,40,bin_5,Neurogenin-1,NEUROG1,1,416,118
LMNA_HUMAN,Q5TCJ3,LMNA,Lamin-A/C,4,24,12,40,bin_5,Lamin-A/C,LMNA,1,2313,3410
STX3_HUMAN,Q13277,STX3,Syntaxin-3,3,13,24,40,bin_5,Syntaxin-3,STX3,1,102,3081
CHMP6_HUMAN,Q96FZ7,CHMP6,Charged multivesicular body protein 6,1,24,15,40,bin_5,Charged multivesicular body protein 6,CHMP6,1,44,35
DOPO_HUMAN,P09172,DBH,Soluble dopamine beta-hydroxylase,4,23,13,40,bin_5,Soluble dopamine beta-hydroxylase,DBH,1,3387,159
SP100_HUMAN,Q96F70,SP100,Nuclear autoantigen Sp-100,9,23,8,40,bin_5,Nuclear autoantigen Sp-100,SP100,1,516,9
CHMP7_HUMAN,Q8WUX9,CHMP7,Charged multivesicular body protein 7,0,24,16,40,bin_5,Charged multivesicular body protein 7,CHMP7,1,53,33
FKB1A_HUMAN,P62942,FKBP1A,Peptidyl-prolyl cis-trans isomerase FKBP1A,10,21,9,40,bin_5,Peptidyl-prolyl cis-trans isomerase FKBP1A,FKBP1A,1,109,51
TYRO3_HUMAN,Q06418,TYRO3,Tyrosine-protein kinase receptor TYRO3,5,29,6,40,bin_5,Tyrosine-protein kinase receptor TYRO3,TYRO3,1,721,544
IGF2_HUMAN,Q9UC69,IGF2,Preptin,8,29,3,40,bin_5,Preptin,IGF2,1,5331,65
TRI27_HUMAN,P14373,TRIM27,Zinc finger protein RFP,9,20,11,40,bin_5,Zinc finger protein RFP,TRIM27,1,256,40
DRD3_HUMAN,P35462,DRD3,D(3) dopamine receptor ,2,36,2,40,bin_5,D(3) dopamine receptor,DRD3,1,1723,1239
ENPL_HUMAN,P14625,HSP90B1,Endoplasmin,8,13,19,40,bin_5,Endoplasmin,HSP90B1,1,240,549
RGS14_HUMAN,O43566,RGS14,Regulator of G-protein signaling 14,8,19,13,40,bin_5,Regulator of G-protein signaling 14,RGS14,1,149,3179
S27A1_HUMAN,Q6PCB7,SLC27A1,Long-chain fatty acid transport protein 1 ,12,23,5,40,bin_5,Long-chain fatty acid transport protein 1,SLC27A1,1,194,787
SSFRYFQSVD,Q8WXG9,ADGRV1,ADGRV1 subunit beta ,5,22,13,40,bin_5,ADGRV1 subunit beta,ADGRV1,1,134,4
PKP2_HUMAN,Q99959,PKP2,Plakophilin-2 ,8,19,13,40,bin_5,Plakophilin-2,PKP2,1,467,637
AT1B2_HUMAN,P14415,ATP1B2,Sodium/potassium-transporting ATPase subunit beta-2,4,22,14,40,bin_5,Sodium/potassium-transporting ATPase subunit beta-2,ATP1B2,1,92,0
INO80_HUMAN,Q9ULG1,INO80,Chromatin-remodeling ATPase INO80 ,8,25,7,40,bin_5,Chromatin-remodeling ATPase INO80,INO80,1,439,172
HEY1_HUMAN,Q9Y5J3,HEY1,Hairy/enhancer-of-split related with YRPW motif protein 1,8,28,4,40,bin_5,Hairy/enhancer-of-split related with YRPW motif protein 1,HEY1,1,767,43
S22A3_HUMAN,O75751,SLC22A3,Solute carrier family 22 member 3 ,7,24,9,40,bin_5,Solute carrier family 22 member 3,SLC22A3,1,222,750
FOSL1_HUMAN,P15407,FOSL1,Fos-related antigen 1,6,29,5,40,bin_5,Fos-related antigen 1,FOSL1,1,443,591
IL17_HUMAN,Q16552,IL17A,Interleukin-17A,3,34,3,40,bin_5,Interleukin-17A,IL17A,1,12570,21655
TRFE_HUMAN,P02787,TF,Serotransferrin ,4,14,22,40,bin_5,Serotransferrin,TF,1,35815,40082
GRN_HUMAN,Q9BWE7,GRN,Granulin-7,4,23,13,40,bin_5,Granulin-7,GRN,1,3439,333
NLS1_HUMAN,Q8NA29,MFSD2A,Sodium-dependent lysophosphatidylcholine symporter 1 ,6,31,3,40,bin_5,Sodium-dependent lysophosphatidylcholine symporter 1,MFSD2A,1,184,7
PP1G_HUMAN,P36873,PPP1CC,Serine/threonine-protein phosphatase PP1-gamma catalytic subunit,11,13,16,40,bin_5,Serine/threonine-protein phosphatase PP1-gamma catalytic subunit,PPP1CC,1,100,5
WNT3_HUMAN,P56703,WNT3,Proto-oncogene Wnt-3,4,27,9,40,bin_5,Proto-oncogene Wnt-3,WNT3,1,1171,23
SYNE1_HUMAN,Q9NU50,SYNE1,Nesprin-1 ,9,14,17,40,bin_5,Nesprin-1,SYNE1,1,358,114
DIAP3_HUMAN,Q5JTP8,DIAPH3,Protein diaphanous homolog 3,5,23,12,40,bin_5,protein,DIAPH3,1,101,24
ARC_HUMAN,Q7LC44,ARC,Activity-regulated cytoskeleton-associated protein ,2,21,17,40,bin_5,Activity-regulated cytoskeleton-associated protein,ARC,1,59776,377
ASPH_HUMAN,Q6NXR7,ASPH,Aspartyl/asparaginyl beta-hydroxylase,6,26,8,40,bin_5,Aspartyl/asparaginyl beta-hydroxylase,ASPH,1,397,103
CD14_HUMAN,P08571,CD14,"Monocyte differentiation antigen CD14, membrane-bound form",5,25,10,40,bin_5,CD14,CD14,1,30470,17
ANM5_HUMAN,Q9UKH1,PRMT5,"Protein arginine N-methyltransferase 5, N-terminally processed",14,18,8,40,bin_5,Protein arginine N-methyltransferase 5,PRMT5,1,1052,0
CAP7_HUMAN,P20160,AZU1,Azurocidin ,5,27,8,40,bin_5,Azurocidin,AZU1,1,349,382
RAD50_HUMAN,Q92878,RAD50,DNA repair protein RAD50,10,22,9,41,bin_5,DNA repair protein RAD50,RAD50,1,2054,1454
GRIK2_HUMAN,Q96KS6,GRIK2,"Glutamate receptor ionotropic, kainate 2",11,20,10,41,bin_5,"Glutamate receptor ionotropic, kainate 2",GRIK2,1,177,1067
PLMN_HUMAN,P00747,PLG,Plasmin light chain B,11,19,11,41,bin_5,Plasmin light chain B,PLG,1,2139,0
NR4A1_HUMAN,P22736,NR4A1,Nuclear receptor subfamily 4immunitygroup A member 1,11,22,8,41,bin_5,Nuclear receptor subfamily 4 group A member 1,NR4A1,1,1705,7211
TAOK2_HUMAN,Q9UL54,TAOK2,Serine/threonine-protein kinase TAO2,9,20,12,41,bin_5,Serine/threonine-protein kinase TAO2,TAOK2,1,72,17
PNPT1_HUMAN,Q8TCS8,PNPT1,"Polyribonucleotide nucleotidyltransferase 1, mitochondrial ",7,26,8,41,bin_5,"Polyribonucleotide nucleotidyltransferase 1, mitochondrial",PNPT1,1,90,33
IKBZ_HUMAN,Q9BYH8,NFKBIZ,NF-kappa-B inhibitor zeta,3,35,3,41,bin_5,NF-kappa-B inhibitor zeta,NFKBIZ,1,244,52
SUMO1_HUMAN,P63165,SUMO1,Small ubiquitin-related modifier 1,9,20,12,41,bin_5,Small ubiquitin-related modifier 1,SUMO1,1,1734,1444
CO3_HUMAN,P01024,C3,Complement C3c alpha' chain fragment 2,3,28,10,41,bin_5,Complement C3c alpha' chain fragment 2,C3,1,89928,13
NMDE2_HUMAN,Q13224,GRIN2B,"Glutamate receptor ionotropic, NMDA 2B",8,20,13,41,bin_5,"Glutamate receptor ionotropic, NMDA 2B",GRIN2B,1,580,93
KCC2A_HUMAN,Q9UQM7,CAMK2A,Calcium/calmodulin-dependent protein kinase type II subunit alpha,10,21,10,41,bin_5,Calcium/calmodulin-dependent protein kinase type II subunit alpha,CAMK2A,1,510,387
DAXX_HUMAN,Q9BWI3,DAXX,Death domain-associated protein 6,14,20,7,41,bin_5,Death domain-associated protein 6,DAXX,1,985,62
FIBB_HUMAN,P02675,FGB,Fibrinogen beta chain,4,22,15,41,bin_5,Fibrinogen beta chain,FGB,1,691,1535
CHMP5_HUMAN,Q9NZZ3,CHMP5,Charged multivesicular body protein 5,1,27,13,41,bin_5,Charged multivesicular body protein 5,CHMP5,1,59,53
UFL1_HUMAN,O94874,UFL1,E3 UFM1-protein ligase 1 ,3,28,10,41,bin_5,E3 UFM1-protein ligase 1,UFL1,1,94,14
ECT2_HUMAN,Q9H8V3,ECT2,Protein ECT2,4,24,13,41,bin_5,protein,ECT2,1,419,358
PPLA_HUMAN,P26678,PLN,Cardiac phospholamban ,5,27,9,41,bin_5,phospholamban,PLN,1,2132,2588
SHAN3_HUMAN,Q9BYB0,SHANK3,SH3 and multiple ankyrin repeat domains protein 3,6,28,7,41,bin_5,SH3 and multiple ankyrin repeat domains protein 3,SHANK3,1,878,62
DYR1A_HUMAN,Q13627,DYRK1A,Dual specificity tyrosine-phosphorylation-regulated kinase 1A,16,17,8,41,bin_5,Dual specificity tyrosine-phosphorylation-regulated kinase 1A,DYRK1A,1,965,949
SIN3A_HUMAN,Q96ST3,SIN3A,Paired amphipathic helix protein Sin3a,6,27,8,41,bin_5,Paired amphipathic helix protein Sin3a,SIN3A,1,590,18
NRP2_HUMAN,Q7LBX6,NRP2,Neuropilin-2,8,26,7,41,bin_5,Neuropilin-2,NRP2,1,553,601
RFIP3_HUMAN,Q9H1G0,RAB11FIP3,Rab11 family-interacting protein 3 ,8,16,17,41,bin_5,Rab11 family-interacting protein 3,RAB11FIP3,1,46,28
EXOSX_HUMAN,Q01780,EXOSC10,Exosome complex component 10 ,7,23,11,41,bin_5,Exosome complex component 10,EXOSC10,1,143,113
E2F1_HUMAN,Q01094,E2F1,Transcription factor E2F1 ,11,22,8,41,bin_5,Transcription factor E2F1,E2F1,1,5342,3643
CHM4C_HUMAN,Q96CF2,CHMP4C,Charged multivesicular body protein 4c,1,26,14,41,bin_5,Charged multivesicular body protein 4c,CHMP4C,1,75,9
ABCG1_HUMAN,Q9BXL2,ABCG1,ATP-binding cassette sub-family G member 1 ,12,21,8,41,bin_5,ATP-binding cassette sub-family G member 1,ABCG1,1,1676,227
CENPF_HUMAN,P49454,CENPF,Centromere protein F,5,17,19,41,bin_5,Centromere protein F,CENPF,1,434,228
APOA5_HUMAN,Q6Q788,APOA5,Apolipoprotein A-V,13,18,10,41,bin_5,Apolipoprotein A-V,APOA5,1,927,722
OPA1_HUMAN,O60313,OPA1,"Dynamin-like GTPase OPA1, short form ",8,20,13,41,bin_5,"Dynamin-like GTPase OPA1, short form",OPA1,1,2218,3
TCAM1_HUMAN,Q8IUC6,TICAM1,TIR domain-containing adapter molecule 1,3,31,7,41,bin_5,TIR domain-containing adapter molecule 1,TICAM1,1,465,82
RAB7L_HUMAN,O14966,RAB29,Ras-related protein Rab-7L1,6,18,17,41,bin_5,Ras-related protein Rab-7L1,RAB29,1,79,2400
DGFTECEDHS,O75581,LRP6,Low-density lipoprotein receptor-related protein 6,10,20,11,41,bin_5,Low-density lipoprotein receptor-related protein 6,LRP6,1,1425,872
S1PR1_HUMAN,P21453,S1PR1,Sphingosine 1-phosphate receptor 1,4,30,7,41,bin_5,Sphingosine 1-phosphate receptor 1,S1PR1,1,1074,4402
P73_HUMAN,Q8NHW9,TP73,Tumor protein p73,13,21,7,41,bin_5,Tumor protein p73,TP73,1,1599,2235
ZIC3_HUMAN,O60481,ZIC3,Zinc finger protein ZIC 3,8,30,3,41,bin_5,Zinc finger protein ZIC 3,ZIC3,1,208,36
IF4G1_HUMAN,Q6ZN21,EIF4G1,Eukaryotic translation initiation factor 4 gamma 1,8,26,7,41,bin_5,Eukaryotic translation initiation factor 4 gamma 1,EIF4G1,1,379,480
GNAT1_HUMAN,P11488,GNAT1,Guanine nucleotide-binding protein G(t) subunit alpha-1,8,21,12,41,bin_5,Guanine nucleotide-binding protein G(t) subunit alpha-1,GNAT1,1,196,3
PDCD6_HUMAN,O75340,PDCD6,Programmed cell death protein 6,10,18,13,41,bin_5,Programmed cell death protein 6,PDCD6,1,173,39875
S29A1_HUMAN,Q99808,SLC29A1,Equilibrative nucleoside transporter 1,9,26,6,41,bin_5,Equilibrative nucleoside transporter 1,SLC29A1,1,549,768
CLOCK_HUMAN,O15516,CLOCK,Circadian locomoter output cycles protein kaput,11,22,8,41,bin_5,Circadian locomoter output cycles protein kaput,CLOCK,1,51462,13
CDK9_HUMAN,P50750,CDK9,Cyclin-dependent kinase 9,14,19,8,41,bin_5,Cyclin-dependent kinase 9,CDK9,1,1495,980
HOME1_HUMAN,Q86YM7,HOMER1,Homer protein homolog 1 ,7,18,16,41,bin_5,Homer protein homolog 1,HOMER1,1,352,67
TNFL6_HUMAN,P48023,FASLG,FasL intracellular domain,4,27,10,41,bin_5,FasL intracellular domain,FASLG,1,4588,217
XDH_HUMAN,P47989,XDH,Xanthine oxidase,10,27,4,41,bin_5,Xanthine oxidase,XDH,1,855,14373
FOXJ1_HUMAN,Q92949,FOXJ1,Forkhead box protein J1 ,6,33,2,41,bin_5,Forkhead box protein J1,FOXJ1,1,441,48
GSH1_HUMAN,P48506,GCLC,Glutamate--cysteine ligase catalytic subunit ,6,33,3,42,bin_5,Glutamate--cysteine ligase catalytic subunit,GCLC,1,1530,788
EAA2_HUMAN,P43004,SLC1A2,Excitatory amino acid transporter 2 ,7,24,11,42,bin_5,Excitatory amino acid transporter 2,SLC1A2,1,762,1630
E2AK2_HUMAN,P19525,EIF2AK2,"Interferon-induced, double-stranded RNA-activated protein kinase",11,24,7,42,bin_5,"Interferon-induced, double-stranded RNA-activated protein kinase",EIF2AK2,1,296,106
EAA1_HUMAN,P43003,SLC1A3,Excitatory amino acid transporter 1 ,6,27,9,42,bin_5,Excitatory amino acid transporter 1,SLC1A3,1,712,876
PTN22_HUMAN,Q8WVM1,PTPN22,Tyrosine-protein phosphatase non-receptor type 22,6,31,5,42,bin_5,Tyrosine-protein phosphatase non-receptor type 22,PTPN22,1,1280,836
PHX2B_HUMAN,Q99453,PHOX2B,Paired mesoderm homeobox protein 2B,5,35,2,42,bin_5,Paired mesoderm homeobox protein 2B,PHOX2B,1,814,4
LNKAWKDRID,Q96J76,DST,Dystonin ,7,11,24,42,bin_5,Dystonin,DST,1,15108,695
RB27A_HUMAN,P51159,RAB27A,Ras-related protein Rab-27A,6,20,16,42,bin_5,Ras-related protein Rab-27A,RAB27A,1,897,5
EPO_HUMAN,P01588,EPO,Erythropoietin ,4,34,4,42,bin_5,Erythropoietin,EPO,1,13664,34630
PYR1_HUMAN,P27708,CAD,Dihydroorotase,11,21,10,42,bin_5,Dihydroorotase,CAD,1,67764,613
CLCN3_HUMAN,P51790,CLCN3,H(+)/Cl(-) exchange transporter 3,6,11,25,42,bin_5,H(+)/Cl(-) exchange transporter 3,CLCN3,1,93,2105
HNF1B_HUMAN,P35680,HNF1B,Hepatocyte nuclear factor 1-beta,7,30,5,42,bin_5,Hepatocyte nuclear factor 1-beta,HNF1B,1,1399,1352
UBE2B_HUMAN,P63146,UBE2B,Ubiquitin-conjugating enzyme E2 B ,4,30,8,42,bin_5,Ubiquitin-conjugating enzyme E2 B,UBE2B,1,106,523
ITA5_HUMAN,P08648,ITGA5,Integrin alpha-5 light chain,6,23,13,42,bin_5,Integrin alpha-5 light chain,ITGA5,1,490,11
DPP4_HUMAN,P27487,DPP4,Dipeptidyl peptidase 4 soluble form,10,19,13,42,bin_5,Dipeptidyl peptidase 4 soluble form,DPP4,1,6354,91
RIPK3_HUMAN,Q9Y572,RIPK3,Receptor-interacting serine/threonine-protein kinase 3 ,7,31,4,42,bin_5,Receptor-interacting serine/threonine-protein kinase 3,RIPK3,1,2361,1739
TCF21_HUMAN,O43680,TCF21,Transcription factor 21,10,28,4,42,bin_5,Transcription factor 21,TCF21,1,319,48535
AXIN2_HUMAN,Q9Y2T1,AXIN2,Axin-2,6,30,6,42,bin_5,Axin-2,AXIN2,1,1457,113
PDE4D_HUMAN,Q8IVD3,PDE4D,"3',5'-cyclic-AMP phosphodiesterase 4D ",13,20,9,42,bin_5,"3',5'-cyclic-AMP phosphodiesterase 4D",PDE4D,1,868,288
GPC3_HUMAN,P51654,GPC3,Glypican-3 beta subunit ,1,34,7,42,bin_5,Glypican-3 beta subunit,GPC3,1,1247,7
NAC3_HUMAN,P57103,SLC8A3,Sodium/calcium exchanger 3,4,21,17,42,bin_5,Sodium/calcium exchanger 3,SLC8A3,1,112,2580
WFS1_HUMAN,O76024,WFS1,Wolframin,6,30,6,42,bin_5,Wolframin,WFS1,1,655,445
MYO7A_HUMAN,Q13402,MYO7A,Unconventional myosin-VIIa,8,17,17,42,bin_5,MYO7A,MYO7A,1,611,532
TRPM4_HUMAN,Q8TD43,TRPM4,Transient receptor potential cation channel subfamily M member 4,7,27,8,42,bin_5,Transient receptor potential cation channel subfamily M member 4,TRPM4,1,624,174
KPCG_HUMAN,P05129,PRKCG,Protein kinase C gamma type,8,23,11,42,bin_5,protein,PRKCG,1,825,236
CAN2_HUMAN,P17655,CAPN2,Calpain-2 catalytic subunit,6,18,18,42,bin_5,Calpain-2 catalytic subunit,CAPN2,1,312,25
GBP1_HUMAN,P32455,GBP1,Guanylate-binding protein 1 ,13,18,11,42,bin_5,Guanylate-binding protein 1,GBP1,1,486,414
RXRA_HUMAN,P19793,RXRA,Retinoic acid receptor RXR-alpha,20,14,8,42,bin_5,Retinoic acid receptor RXR-alpha,RXRA,1,454,629
CATG_HUMAN,P08311,CTSG,"Cathepsin G, C-terminal truncated form ",6,22,14,42,bin_5,Cathepsin G,CTSG,1,1053,0
GCH1_HUMAN,P30793,GCH1,GTP cyclohydrolase 1,10,23,9,42,bin_5,GTP cyclohydrolase 1,GCH1,1,623,900
SETD2_HUMAN,Q6ZS25,SETD2,Histone-lysine N-methyltransferase SETD2 ,6,32,4,42,bin_5,Histone-lysine N-methyltransferase SETD2,SETD2,1,778,291
KINH_HUMAN,P33176,KIF5B,Kinesin-1 heavy chain ,8,21,13,42,bin_5,Kinesin-1 heavy chain,KIF5B,1,559,143
NR4A3_HUMAN,Q92570,NR4A3,Nuclear receptor subfamily 4 group A member 3,11,27,4,42,bin_5,Nuclear receptor subfamily 4 group A member 3,NR4A3,1,616,71
CARD9_HUMAN,Q9H257,CARD9,Caspase recruitment domain-containing protein 9 ,5,32,5,42,bin_5,Caspase recruitment domain-containing protein 9,CARD9,1,583,227
JMJD6_HUMAN,Q6NYC1,JMJD6,Bifunctional arginine demethylase and lysyl-hydroxylase JMJD6 ,13,22,7,42,bin_5,Bifunctional arginine demethylase and lysyl-hydroxylase JMJD6,JMJD6,1,219,4
NCOA1_HUMAN,Q7KYV3,NCOA1,Nuclear receptor coactivator 1,9,26,7,42,bin_5,Nuclear receptor coactivator 1,NCOA1,1,835,936
JAK3_HUMAN,P52333,JAK3,Tyrosine-protein kinase JAK3 ,5,31,6,42,bin_5,Tyrosine-protein kinase JAK3,JAK3,1,2363,1606
ERCC1_HUMAN,P07992,ERCC1,DNA excision repair protein ERCC-1,4,32,6,42,bin_5,DNA excision repair protein ERCC-1,ERCC1,1,2761,73
FGR_HUMAN,P09769,FGR,Tyrosine-protein kinase Fgr,8,24,10,42,bin_5,Tyrosine-protein kinase Fgr,FGR,1,3293,468
PBX1_HUMAN,P40424,PBX1,Pre-B-cell leukemia transcription factor 1,10,27,5,42,bin_5,Pre-B-cell leukemia transcription factor 1,PBX1,1,1147,428
VDR_HUMAN,P11473,VDR,Vitamin D3 receptor,9,27,6,42,bin_5,Vitamin D3 receptor,VDR,1,9340,12593
DDX11_HUMAN,Q96FC9,DDX11,ATP-dependent DNA helicase DDX11 ,17,17,8,42,bin_5,ATP-dependent DNA helicase DDX11,DDX11,1,139,84
SHPS1_HUMAN,Q9UDX2,SIRPA,Tyrosine-protein phosphatase non-receptor type substrate 1,7,29,6,42,bin_5,Tyrosine-protein phosphatase non-receptor type substrate 1,SIRPA,1,697,913
NUPR1_HUMAN,O60356,NUPR1,Nuclear protein 1 ,4,32,6,42,bin_5,nuclear protein 1,NUPR1,1,337,404919
TERF2_HUMAN,Q15554,TERF2,Telomeric repeat-binding factor 2,6,28,8,42,bin_5,Telomeric repeat-binding factor 2,TERF2,1,379,541
GNAI2_HUMAN,P04899,GNAI2,Guanine nucleotide-binding protein G(i) subunit alpha-2,5,24,14,43,bin_5,Guanine nucleotide-binding protein G(i) subunit alpha-2,GNAI2,1,362,0
HRG_HUMAN,P04196,HRG,Histidine-rich glycoprotein,9,27,7,43,bin_5,Histidine-rich glycoprotein,HRG,1,1244,949
PAK2_HUMAN,Q13177,PAK2,PAK-2p34,9,26,8,43,bin_5,PAK-2p34,PAK2,1,599,5
HNRPD_HUMAN,Q9UCE9,HNRNPD,Heterogeneous nuclear ribonucleoprotein D0,6,29,8,43,bin_5,Heterogeneous nuclear ribonucleoprotein D0,HNRNPD,1,339,321
KCNB1_HUMAN,Q14721,KCNB1,Potassium voltage-gated channel subfamily B member 1 ,5,22,16,43,bin_5,Potassium voltage-gated channel subfamily B member 1,KCNB1,1,386,54
CHP1_HUMAN,Q99653,CHP1,Calcineurin B homologous protein 1,7,24,12,43,bin_5,Calcineurin B homologous protein 1,CHP1,1,147,337
AP3B1_HUMAN,O00203,AP3B1,AP-3 complex subunit beta-1,2,31,10,43,bin_5,AP-3 complex subunit beta-1,AP3B1,1,109,4
EREG_HUMAN,O14944,EREG,Epiregulin,4,35,4,43,bin_5,Epiregulin,EREG,1,583,577
MRP1_HUMAN,Q9UQA0,ABCC1,Multidrug resistance-associated protein 1 ,14,22,7,43,bin_5,Multidrug resistance-associated protein 1,ABCC1,1,1391,2143
TBK1_HUMAN,Q9UHD2,TBK1,Serine/threonine-protein kinase TBK1 ,8,30,5,43,bin_5,Serine/threonine-protein kinase TBK1,TBK1,1,2569,1326
KCNC2_HUMAN,Q96PR1,KCNC2,Voltage-gated potassium channel KCNC2 ,4,20,19,43,bin_5,Voltage-gated potassium channel KCNC2,KCNC2,1,39,35
DNM3A_HUMAN,Q9Y6K1,DNMT3A,DNA (cytosine-5)-methyltransferase 3A,11,23,9,43,bin_5,DNA (cytosine-5)-methyltransferase 3A,DNMT3A,1,4790,2082
LRP8_HUMAN,Q14114,LRP8,Low-density lipoprotein receptor-related protein 8,11,21,11,43,bin_5,Low-density lipoprotein receptor-related protein 8,LRP8,1,165,296
DP13B_HUMAN,Q8NEU8,APPL2,DCC-interacting protein 13-beta ,5,24,14,43,bin_5,DCC-interacting protein 13-beta,APPL2,1,61,11
SMCA2_HUMAN,P51531,SMARCA2,Probable global transcription activator SNF2L2,10,22,11,43,bin_5,Probable global transcription activator SNF2L2,SMARCA2,1,696,1
SCNBA_HUMAN,Q9UI33,SCN11A,Sodium channel protein type 11 subunit alpha ,1,35,7,43,bin_5,Sodium channel protein type 11 subunit alpha,SCN11A,1,247,277
PP2AA_HUMAN,P67775,PPP2CA,Serine/threonine-protein phosphatase 2A catalytic subunit alpha isoform,8,21,14,43,bin_5,Serine/threonine-protein phosphatase 2A catalytic subunit alpha isoform,PPP2CA,1,308,4993
MEN1_HUMAN,Q9BUF0,MEN1,Menin,8,21,14,43,bin_5,Menin,MEN1,1,4286,1338
CCND1_HUMAN,P24385,CCND1,G1/S-specific cyclin-D1 ,8,24,11,43,bin_5,G1/S-specific cyclin-D1,CCND1,1,6805,21
IL6RA_HUMAN,P08887,IL6R,Soluble interleukin-6 receptor subunit alpha ,8,27,8,43,bin_5,Soluble interleukin-6 receptor subunit alpha,IL6R,1,2924,149
SPHK2_HUMAN,Q9NRA0,SPHK2,Sphingosine kinase 2 ,7,25,11,43,bin_5,Sphingosine kinase 2,SPHK2,1,513,1626
IL18_HUMAN,Q14116,IL18,Interleukin-18 ,2,38,3,43,bin_5,Interleukin-18,IL18,1,17784,9267
ITA4_HUMAN,P13612,ITGA4,Integrin alpha-4,6,26,11,43,bin_5,Integrin alpha-4,ITGA4,1,313,1679
CATL1_HUMAN,P07711,CTSL,Cathepsin L light chain,8,20,15,43,bin_5,Cathepsin L light chain,CTSL,1,1772,63
1433Z_HUMAN,Q6NUR9,YWHAZ,14-3-3 protein zeta/delta,10,21,12,43,bin_5,14-3-3 protein zeta/delta,YWHAZ,1,690,65
CHM1B_HUMAN,Q7LBR1,CHMP1B,Charged multivesicular body protein 1b,3,24,16,43,bin_5,Charged multivesicular body protein 1b,CHMP1B,1,43,7
THA_HUMAN,P10827,THRA,Thyroid hormone receptor alpha,11,28,4,43,bin_5,Thyroid hormone receptor alpha,THRA,1,381,3206
SMAD5_HUMAN,Q99717,SMAD5,Mothers against decapentaplegic homolog 5,9,25,9,43,bin_5,Mothers against decapentaplegic homolog 5,SMAD5,1,1049,5285
SORT_HUMAN,Q99523,SORT1,Sortilin ,5,20,18,43,bin_5,Sortilin,SORT1,1,323,938
MYO1C_HUMAN,O00159,MYO1C,Unconventional myosin-Ic,6,15,22,43,bin_5,Unconventional myosin-Ic,MYO1C,1,172,11
ULK1_HUMAN,O75385,ULK1,Serine/threonine-protein kinase ULK1 ,7,24,12,43,bin_5,Serine/threonine-protein kinase ULK1,ULK1,1,2587,1325
STRA6_HUMAN,Q7L9G1,STRA6,Receptor for retinol uptake STRA6,4,37,2,43,bin_5,Receptor for retinol uptake STRA6,STRA6,1,226,61
CP3A4_HUMAN,P08684,CYP3A4,Cytochrome P450 3A4 ,22,18,3,43,bin_5,Cytochrome P450 3A4,CYP3A4,1,18186,14465
JAM3_HUMAN,Q9BX67,JAM3,Soluble form of JAM-C ,4,27,12,43,bin_5,JAM3,JAM3,1,210,3
SP1_HUMAN,P08047,SP1,Transcription factor Sp1,19,17,7,43,bin_5,Transcription factor Sp1,SP1,1,14513,8851
SIR7_HUMAN,Q9NRC8,SIRT7,NAD-dependent protein deacetylase sirtuin-7,10,25,8,43,bin_5,NAD-dependent protein deacetylase sirtuin-7,SIRT7,1,573,28
MESP1_HUMAN,Q9BRJ9,MESP1,Mesoderm posterior protein 1,6,35,2,43,bin_5,Mesoderm posterior protein 1,MESP1,1,221,709
SNAPN_HUMAN,O95295,SNAPIN,SNARE-associated protein Snapin,1,28,14,43,bin_5,SNARE-associated protein Snapin,SNAPIN,1,155,14
FOXP1_HUMAN,Q9H334,FOXP1,Forkhead box protein P1,8,32,3,43,bin_5,Forkhead box protein P1,FOXP1,1,949,245
TAL1_HUMAN,P17542,TAL1,T-cell acute lymphocytic leukemia protein 1,10,29,4,43,bin_5,T-cell acute lymphocytic leukemia protein 1,TAL1,1,1153,621
MSH2_HUMAN,P43246,MSH2,DNA mismatch repair protein Msh2,10,27,6,43,bin_5,DNA mismatch repair protein Msh2,MSH2,1,5721,3249
GLUT4_HUMAN,P14672,SLC2A4,"Solute carrier family 2, facilitated glucose transporter member 4 ",3,20,20,43,bin_5,"Solute carrier family 2, facilitated glucose transporter member 4",SLC2A4,1,3957,66
ADA1A_HUMAN,Q96RE8,ADRA1A,Alpha-1A adrenergic receptor,2,33,8,43,bin_5,Alpha-1A adrenergic receptor,ADRA1A,1,468,10874
SMCA5_HUMAN,O60264,SMARCA5,SWI/SNF-related matrix-associated actin-dependent regulator of chromatin subfamily A member 5,8,21,14,43,bin_5,SWI/SNF-related matrix-associated actin-dependent regulator of chromatin subfamily A member 5,SMARCA5,1,254,53
NAC2_HUMAN,Q9UPR5,SLC8A2,Sodium/calcium exchanger 2,6,24,13,43,bin_5,Sodium/calcium exchanger 2,SLC8A2,1,78,4280
ATVNWRKDGQ,IKGRPAPEVK,TTN,Titin,18,17,8,43,bin_5,Titin,TTN,1,2557,3720
S5A1_HUMAN,P18405,SRD5A1,3-oxo-5-alpha-steroid 4-dehydrogenase 1,5,34,4,43,bin_5,3-oxo-5-alpha-steroid 4-dehydrogenase 1,SRD5A1,1,311,1213
PO4F2_HUMAN,Q12837,POU4F2,"POU domain, class 4, transcription factor 2 ",6,30,7,43,bin_5,"POU domain, class 4, transcription factor 2",POU4F2,1,162,171
CK5P3_HUMAN,Q96JB5,CDK5RAP3,CDK5 regulatory subunit-associated protein 3 ,7,27,9,43,bin_5,CDK5 regulatory subunit-associated protein 3,CDK5RAP3,1,79,33
BACE1_HUMAN,Q9ULS1,BACE1,Beta-secretase 1 ,7,16,20,43,bin_5,Beta-secretase 1,BACE1,1,5063,6649
IKBA_HUMAN,P25963,NFKBIA,NF-kappa-B inhibitor alpha,8,29,6,43,bin_5,NF-kappa-B inhibitor alpha,NFKBIA,1,4421,6017
ASSY_HUMAN,P00966,ASS1,Argininosuccinate synthase ,6,30,7,43,bin_5,Argininosuccinate synthase,ASS1,1,445,1103
HEM2_HUMAN,P13716,ALAD,Delta-aminolevulinic acid dehydratase,5,32,6,43,bin_5,Delta-aminolevulinic acid dehydratase,ALAD,1,1183,2966
MAVS_HUMAN,Q86VY7,MAVS,Mitochondrial antiviral-signaling protein ,7,31,5,43,bin_5,Mitochondrial antiviral-signaling protein,MAVS,1,1929,734
HDAC4_HUMAN,P56524,HDAC4,Histone deacetylase 4 ,11,24,8,43,bin_5,Histone deacetylase 4,HDAC4,1,1552,12011
DDR2_HUMAN,Q16832,DDR2,Discoidin domain-containing receptor 2,4,34,5,43,bin_5,Discoidin domain-containing receptor 2,DDR2,1,625,40
ITAM_HUMAN,P11215,ITGAM,Integrin alpha-M,6,28,10,44,bin_5,Integrin alpha-M,ITGAM,1,1129,8036
HNF4A_HUMAN,Q6B4V7,HNF4A,Hepatocyte nuclear factor 4-alpha,14,26,4,44,bin_5,Hepatocyte nuclear factor 4-alpha,HNF4A,1,1921,2265
SOX10_HUMAN,P56693,SOX10,Transcription factor SOX-10,11,29,4,44,bin_5,Transcription factor SOX-10,SOX10,1,5759,4204
MKKS_HUMAN,Q9NPJ1,MKKS,Molecular chaperone MKKS ,3,35,6,44,bin_5,Molecular chaperone MKKS,MKKS,1,250,60
KMRKRYSVDK,Q9BZL6,PRKD2,Serine/threonine-protein kinase D2,7,31,6,44,bin_5,Serine/threonine-protein kinase D2,PRKD2,1,52,2472
CHK1_HUMAN,O14757,CHEK1,Serine/threonine-protein kinase Chk1,6,27,11,44,bin_5,Serine/threonine-protein kinase Chk1,CHEK1,1,2186,2701
S10A8_HUMAN,P05109,S100A8,Protein S100-A8 ,7,26,11,44,bin_5,Protein S100-A8,S100A8,1,2705,109
COMP_HUMAN,P49747,COMP,Cartilage oligomeric matrix protein ,9,29,6,44,bin_5,Cartilage oligomeric matrix protein,COMP,1,122037,1647
MMP9_HUMAN,YRWCATTANY,MMP9,82 kDa matrix metalloproteinase-9 ,8,30,6,44,bin_5,MMP9,MMP9,1,36218,36
TIAM1_HUMAN,Q13009,TIAM1,Rho guanine nucleotide exchange factor TIAM1 ,5,26,13,44,bin_5,Rho guanine nucleotide exchange factor TIAM1,TIAM1,1,629,161
LIRB4_HUMAN,Q8NHJ6,LILRB4,Leukocyte immunoglobulin-like receptor subfamily B member 4,6,34,4,44,bin_5,Leukocyte immunoglobulin-like receptor subfamily B member 4,LILRB4,1,234,18
PIN1_HUMAN,Q13526,PIN1,Peptidyl-prolyl cis-trans isomerase NIMA-interacting 1,11,24,9,44,bin_5,Peptidyl-prolyl cis-trans isomerase NIMA-interacting 1,PIN1,1,2236,614
BRCA2_HUMAN,P51587,BRCA2,Breast cancer type 2 susceptibility protein ,6,27,11,44,bin_5,Breast cancer type 2 susceptibility protein,BRCA2,1,15355,8535
MPRI_HUMAN,P11717,IGF2R,Cation-independent mannose-6-phosphate receptor,11,14,19,44,bin_5,Cation-independent mannose-6-phosphate receptor,IGF2R,1,1029,506
CXL10_HUMAN,P02778,CXCL10,CXCL10(1-73),7,34,3,44,bin_5,CXCL10(1-73),CXCL10,1,9718,1
LIRB2_HUMAN,Q8N423,LILRB2,Leukocyte immunoglobulin-like receptor subfamily B member 2,9,28,7,44,bin_5,Leukocyte immunoglobulin-like receptor subfamily B member 2,LILRB2,1,318,30
HLAG_HUMAN,P17693,HLA-G,"Soluble HLA class I histocompatibility antigen, alpha chain G",5,25,14,44,bin_5,"Soluble HLA class I histocompatibility antigen, alpha chain G",HLA-G,1,2930,0
ADML_HUMAN,P35318,ADM,Proadrenomedullin N-20 terminal peptide,3,38,3,44,bin_5,Proadrenomedullin N-20 terminal peptide,ADM,1,30846,3
4F2_HUMAN,P08195,SLC3A2,Amino acid transporter heavy chain SLC3A2 ,13,17,14,44,bin_5,Amino acid transporter heavy chain SLC3A2,SLC3A2,1,424,171
SOS1_HUMAN,Q07889,SOS1,Son of sevenless homolog 1,6,33,5,44,bin_5,Son of sevenless homolog 1,SOS1,1,1331,969
SESN2_HUMAN,P58004,SESN2,Sestrin-2 ,8,28,8,44,bin_5,Sestrin-2,SESN2,1,497,161
AP2A_HUMAN,P05549,TFAP2A,Transcription factor AP-2-alpha,12,29,3,44,bin_5,Transcription factor AP-2-alpha,TFAP2A,1,553,2147
SPY2_HUMAN,O43597,SPRY2,Protein sprouty homolog 2,4,31,9,44,bin_5,protein,SPRY2,1,529,37
HSPB1_HUMAN,P04792,HSPB1,Heat shock protein beta-1,10,22,12,44,bin_5,Heat shock protein beta-1,HSPB1,1,2137,4359
PPT1_HUMAN,P50897,PPT1,Palmitoyl-protein thioesterase 1,4,25,15,44,bin_5,Palmitoyl-protein thioesterase 1,PPT1,1,379,341
PA2GX_HUMAN,O15496,PLA2G10,Group 10 secretory phospholipase A2,6,34,4,44,bin_5,Group 10 secretory phospholipase A2,PLA2G10,1,85,336
PDPN_HUMAN,Q8NBR3,PDPN,29kDa cytosolic podoplanin intracellular domain ,3,21,20,44,bin_5,29kDa cytosolic podoplanin intracellular domain,PDPN,1,1379,1
SCX_HUMAN,Q7RTU7,SCX,Basic helix-loop-helix transcription factor scleraxis,8,33,3,44,bin_5,Basic helix-loop-helix transcription factor scleraxis,SCX,1,1437,208
EPM2A_HUMAN,Q9BS66,EPM2A,Laforin ,11,25,8,44,bin_5,Laforin,EPM2A,1,758,228
TLR6_HUMAN,Q9Y2C9,TLR6,Toll-like receptor 6,9,29,6,44,bin_5,Toll-like receptor 6,TLR6,1,1117,502
RUNX1_HUMAN,Q16285,RUNX1,Runt-related transcription factor 1,14,25,5,44,bin_5,Runt-related transcription factor 1,RUNX1,1,5600,3635
RAC3_HUMAN,P60763,RAC3,Ras-related C3 botulinum toxin substrate 3 ,5,23,16,44,bin_5,Ras-related C3 botulinum toxin substrate 3,RAC3,1,325,247
PLS1_HUMAN,O15162,PLSCR1,Phospholipid scramblase 1,14,18,12,44,bin_5,Phospholipid scramblase 1,PLSCR1,1,196,1818
ANM1_HUMAN,Q99872,PRMT1,Protein arginine N-methyltransferase 1 ,15,23,6,44,bin_5,protein,PRMT1,1,979,1455
ABCC8_HUMAN,Q09428,ABCC8,ATP-binding cassette sub-family C member 8,10,28,6,44,bin_5,ATP-binding cassette sub-family C member 8,ABCC8,1,1325,65
XCT_HUMAN,Q9UPY5,SLC7A11,Cystine/glutamate transporter ,3,34,7,44,bin_5,Cystine/glutamate transporter,SLC7A11,1,2359,564
SPAST_HUMAN,Q9UBP0,SPAST,Spastin ,8,18,18,44,bin_5,Spastin,SPAST,1,485,617
WN10B_HUMAN,O00744,WNT10B,Protein Wnt-10b,3,39,2,44,bin_5,Protein Wnt-10b,WNT10B,1,692,70
VCAM1_HUMAN,P19320,VCAM1,Soluble Vascular Cell Adhesion Molecule-1,4,26,14,44,bin_5,Soluble Vascular Cell Adhesion Molecule-1,VCAM1,1,11327,3114
TPR_HUMAN,P12270,TPR,Nucleoprotein TPR ,9,23,12,44,bin_5,Nucleoprotein TPR,TPR,1,5484,118
ATR_HUMAN,Q13535,ATR,Serine/threonine-protein kinase ATR,8,28,8,44,bin_5,Serine/threonine-protein kinase ATR,ATR,1,19782,3187
FGF1_HUMAN,P05230,FGF1,Fibroblast growth factor 1,6,30,8,44,bin_5,Fibroblast growth factor 1,FGF1,1,3352,2553
STK39_HUMAN,Q9UEW8,STK39,STE20/SPS1-related proline-alanine-rich protein kinase,5,31,8,44,bin_5,STE20/SPS1-related proline-alanine-rich protein kinase,STK39,1,325,106
ELNE_HUMAN,P08246,ELANE,Neutrophil elastase,7,25,12,44,bin_5,Neutrophil elastase,ELANE,1,493,9777
BAD_HUMAN,Q92934,BAD,Bcl2-associated agonist of cell death,5,35,4,44,bin_5,Bcl2-associated agonist of cell death,BAD,1,65010,96
ATRX_HUMAN,Q9H0Z1,ATRX,Transcriptional regulator ATRX,11,23,10,44,bin_5,Transcriptional regulator ATRX,ATRX,1,1773,179
ADAM9_HUMAN,Q13443,ADAM9,Disintegrin and metalloproteinase domain-containing protein 9,9,28,7,44,bin_5,Disintegrin and metalloproteinase domain-containing protein 9,ADAM9,1,483,50
NR1H2_HUMAN,P55055,NR1H2,Oxysterols receptor LXR-beta,10,28,6,44,bin_5,Oxysterols receptor LXR-beta,NR1H2,1,150,3527
PTHY_HUMAN,P01270,PTH,Parathyroid hormone,5,37,2,44,bin_5,Parathyroid hormone,PTH,1,27327,49700
ABCD1_HUMAN,P33897,ABCD1,ATP-binding cassette sub-family D member 1 ,12,23,9,44,bin_5,ATP-binding cassette sub-family D member 1,ABCD1,1,727,71
HFE_HUMAN,Q96KU8,HFE,Hereditary hemochromatosis protein,4,30,11,45,bin_5,Hereditary hemochromatosis protein,HFE,1,4302,5369
DRD4_HUMAN,P21917,DRD4,D(4) dopamine receptor,12,27,6,45,bin_5,D(4) dopamine receptor,DRD4,1,1980,478
GLRA1_HUMAN,P23415,GLRA1,Glycine receptor subunit alpha-1,9,22,14,45,bin_5,Glycine receptor subunit alpha-1,GLRA1,1,163,206
NUP62_HUMAN,P37198,NUP62,Nuclear pore glycoprotein p62,9,25,11,45,bin_5,Nuclear pore glycoprotein p62,NUP62,1,161,165
NCK1_HUMAN,P16333,NCK1,SH2/SH3 adapter protein NCK1 ,12,24,9,45,bin_5,SH2/SH3 adapter protein NCK1,NCK1,1,214,9
KIF14_HUMAN,Q15058,KIF14,Kinesin-like protein KIF14 ,8,29,8,45,bin_5,Kinesin-like protein KIF14,KIF14,1,176,3
OXYR_HUMAN,P30559,OXTR,Oxytocin receptor,4,37,4,45,bin_5,Oxytocin receptor,OXTR,1,1282,7521
GRB2_HUMAN,P62993,GRB2,Growth factor receptor-bound protein 2,12,19,14,45,bin_5,Growth factor receptor-bound protein 2,GRB2,1,3753,2688
CYLD_HUMAN,Q9NQC7,CYLD,Ubiquitin carboxyl-terminal hydrolase CYLD,7,30,8,45,bin_5,Ubiquitin carboxyl-terminal hydrolase CYLD,CYLD,1,884,29
HD_HUMAN,P42858,HTT,"Huntingtin, myristoylated N-terminal fragment",9,20,16,45,bin_5,"Huntingtin, myristoylated N-terminal fragment",HTT,1,6436,1
PENK_HUMAN,P01210,PENK,Met-enkephalin-Arg-Phe ,3,30,12,45,bin_5,Met-enkephalin-Arg-Phe,PENK,1,628,56
DDB1_HUMAN,Q16531,DDB1,DNA damage-binding protein 1,7,27,11,45,bin_5,DNA damage-binding protein 1,DDB1,1,867,105
CXAR_HUMAN,P78310,CXADR,Coxsackievirus and adenovirus receptor,9,16,20,45,bin_5,Coxsackievirus and adenovirus receptor,CXADR,1,95,638
ID2_HUMAN,Q02363,ID2,DNA-binding protein inhibitor ID-2,4,35,6,45,bin_5,DNA-binding protein inhibitor ID-2,ID2,1,1583,634
GTR1_HUMAN,P11166,SLC2A1,"Solute carrier family 2, facilitated glucose transporter member 1 ",7,18,20,45,bin_5,"Solute carrier family 2, facilitated glucose transporter member 1",SLC2A1,1,3730,120
ANGP1_HUMAN,Q15389,ANGPT1,Angiopoietin-1,2,36,7,45,bin_5,Angiopoietin-1,ANGPT1,1,1209,3142
TGM2_HUMAN,P21980,TGM2,Protein-glutamine gamma-glutamyltransferase 2 ,9,24,12,45,bin_5,protein,TGM2,1,656,2316
CBL_HUMAN,P22681,CBL,E3 ubiquitin-protein ligase CBL,9,27,9,45,bin_5,E3 ubiquitin-protein ligase CBL,CBL,1,5735,1641
DP13A_HUMAN,Q9UKG1,APPL1,DCC-interacting protein 13-alpha ,7,19,19,45,bin_5,DCC-interacting protein 13-alpha,APPL1,1,316,1
RPTOR_HUMAN,Q8N122,RPTOR,Regulatory-associated protein of mTOR ,8,28,9,45,bin_5,Regulatory-associated protein of mTOR,RPTOR,1,573,1998
TNF11_HUMAN,O14788,TNFSF11,"Tumor necrosis factor ligand superfamily member 11, soluble form",4,37,4,45,bin_5,"Tumor necrosis factor ligand superfamily member 11, soluble form",TNFSF11,1,4250,100
RAB10_HUMAN,P61026,RAB10,Ras-related protein Rab-10,5,17,24,46,bin_5,Ras-related protein Rab-10,RAB10,1,402,9
CAV2_HUMAN,P51636,CAV2,Caveolin-2,7,25,14,46,bin_5,Caveolin-2,CAV2,1,1964,463
EGR2_HUMAN,P11161,EGR2,E3 SUMO-protein ligase EGR2,13,28,5,46,bin_5,E3 SUMO-protein ligase EGR2,EGR2,1,1198,4
UCN1_HUMAN,P55089,UCN,Urocortin,4,37,5,46,bin_5,Urocortin,UCN,1,2001,1614
TF7L2_HUMAN,Q9NQB5,TCF7L2,Transcription factor 7-like 2,12,26,8,46,bin_5,Transcription factor 7-like 2,TCF7L2,1,2028,1416
GDNF_HUMAN,Q9UMV2,GDNF,Glial cell line-derived neurotrophic factor,6,37,3,46,bin_5,Glial cell line-derived neurotrophic factor,GDNF,1,6702,5544
DNJA3_HUMAN,Q9NYH8,DNAJA3,"DnaJ homolog subfamily A member 3, mitochondrial",12,25,9,46,bin_5,"DnaJ homolog subfamily A member 3, mitochondrial",DNAJA3,1,86,5
KCNA5_HUMAN,P22460,KCNA5,Potassium voltage-gated channel subfamily A member 5,9,26,11,46,bin_5,Potassium voltage-gated channel subfamily A member 5,KCNA5,1,387,173
AHR_HUMAN,P35869,AHR,Aryl hydrocarbon receptor ,15,22,9,46,bin_5,Aryl hydrocarbon receptor,AHR,1,26035,12270
AP2B_HUMAN,Q92481,TFAP2B,Transcription factor AP-2-beta,12,31,3,46,bin_5,Transcription factor AP-2-beta,TFAP2B,1,252,2147
CLH1_HUMAN,Q00610,CLTC,Clathrin heavy chain 1 ,8,17,21,46,bin_5,Clathrin heavy chain 1,CLTC,1,217,444
DISC1_HUMAN,C9J6D0,DISC1,Disrupted in schizophrenia 1 protein ,4,25,17,46,bin_5,Disrupted in schizophrenia 1 protein,DISC1,1,1074,1398
ACE2_HUMAN,Q9BYF1,ACE2,Processed angiotensin-converting enzyme 2 ,8,26,12,46,bin_5,Processed angiotensin-converting enzyme 2,ACE2,1,14018,1008
TIRAP_HUMAN,P58753,TIRAP,Toll/interleukin-1 receptor domain-containing adapter protein,8,31,7,46,bin_5,Toll/interleukin-1 receptor domain-containing adapter protein,TIRAP,1,650,182
CNR1_HUMAN,Q9UNN0,CNR1,Cannabinoid receptor 1,3,34,9,46,bin_5,Cannabinoid receptor 1,CNR1,1,1103,13055
C1QBP_HUMAN,Q07021,C1QBP,"Complement component 1 Q subcomponent-binding protein, mitochondrial",10,26,10,46,bin_5,"Complement component 1 Q subcomponent-binding protein, mitochondrial",C1QBP,1,534,16
GRDN_HUMAN,Q3V6T2,CCDC88A,Girdin,16,18,12,46,bin_5,Girdin,CCDC88A,1,174,210
CPSM_HUMAN,P31327,CPS1,"Carbamoyl-phosphate synthase [ammonia], mitochondrial",12,27,7,46,bin_5,"Carbamoyl-phosphate synthase [ammonia], mitochondrial",CPS1,1,553,317
B4GT1_HUMAN,P15291,B4GALT1,"Processed beta-1,4-galactosyltransferase 1 ",10,20,16,46,bin_5,"Processed beta-1,4-galactosyltransferase 1",B4GALT1,1,147,157
PK3CD_HUMAN,O00329,PIK3CD,"Phosphatidylinositol 4,5-bisphosphate 3-kinase catalytic subunit delta isoform",5,36,5,46,bin_5,"Phosphatidylinositol 4,5-bisphosphate 3-kinase catalytic subunit delta isoform",PIK3CD,1,736,41
EMP2_HUMAN,P54851,EMP2,Epithelial membrane protein 2,3,31,12,46,bin_5,Epithelial membrane protein 2,EMP2,1,153,58767
NR4A2_HUMAN,P43354,NR4A2,Nuclear receptor subfamily 4 group A member 2,11,28,7,46,bin_5,Nuclear receptor subfamily 4 group A member 2,NR4A2,1,1251,985
NR2E1_HUMAN,Q9Y466,NR2E1,Nuclear receptor subfamily 2 group E member 1,9,35,2,46,bin_5,Nuclear receptor subfamily 2 group E member 1,NR2E1,1,176,0
KCJ11_HUMAN,Q14654,KCNJ11,ATP-sensitive inward rectifier potassium channel 11,9,25,12,46,bin_5,ATP-sensitive inward rectifier potassium channel 11,KCNJ11,1,1075,324
IKKA_HUMAN,O15111,CHUK,Inhibitor of nuclear factor kappa-B kinase subunit alpha,9,31,6,46,bin_5,Inhibitor of nuclear factor kappa-B kinase subunit alpha,CHUK,1,1798,628
BAIP2_HUMAN,Q9UQB8,BAIAP2,BAR/IMD domain-containing adapter protein 2 ,7,16,23,46,bin_5,BAR/IMD domain-containing adapter protein 2,BAIAP2,1,178,0
CO3A1_HUMAN,V9GZI1,COL3A1,Collagen alpha-1(III) chain,7,35,4,46,bin_5,Collagen alpha-1(III) chain,COL3A1,1,1831,185
XCL1_HUMAN,P47992,XCL1,Lymphotactin,4,40,2,46,bin_5,Lymphotactin,XCL1,1,412,339
CHM4A_HUMAN,Q9BY43,CHMP4A,Charged multivesicular body protein 4a,4,27,15,46,bin_5,Charged multivesicular body protein 4a,CHMP4A,1,52,4
ACTN4_HUMAN,O43707,ACTN4,Alpha-actinin-4 ,14,13,19,46,bin_5,Alpha-actinin-4,ACTN4,1,481,384
IRAK1_HUMAN,P51617,IRAK1,Interleukin-1 receptor-associated kinase 1 ,10,27,9,46,bin_5,Interleukin-1 receptor-associated kinase 1,IRAK1,1,1497,2030
PDPK1_HUMAN,O15530,PDPK1,3-phosphoinositide-dependent protein kinase 1,6,32,8,46,bin_5,3-phosphoinositide-dependent protein kinase 1,PDPK1,1,677,1236
TMED2_HUMAN,Q15363,TMED2,Transmembrane emp24 domain-containing protein 2,3,28,15,46,bin_5,Transmembrane emp24 domain-containing protein 2,TMED2,1,55,14
CASP1_HUMAN,RKVRFSFEQP,CASP1,Caspase-1 subunit p10 ,8,27,11,46,bin_5,Caspase-1 subunit p10,CASP1,1,1260,34
NFL_HUMAN,P07196,NEFL,Neurofilament light polypeptide,7,27,12,46,bin_5,Neurofilament light polypeptide,NEFL,1,315,1422
MK08_HUMAN,P45983,MAPK8,Mitogen-activated protein kinase 8,9,30,7,46,bin_5,Mitogen-activated protein kinase 8,MAPK8,1,641,1776
CASR_HUMAN,P41180,CASR,Extracellular calcium-sensing receptor ,9,31,6,46,bin_5,Extracellular calcium-sensing receptor,CASR,1,2424,1648
ZBT16_HUMAN,Q05516,ZBTB16,Zinc finger and BTB domain-containing protein 16,10,29,7,46,bin_5,Zinc finger and BTB domain-containing protein 16,ZBTB16,1,675,57
NEU2_HUMAN,P01185,AVP,Copeptin,7,32,7,46,bin_5,copeptin,AVP,1,11268,1519
PCKGC_HUMAN,P35558,PCK1,"Phosphoenolpyruvate carboxykinase, cytosolic [GTP] ",7,35,4,46,bin_5,"Phosphoenolpyruvate carboxykinase, cytosolic [GTP]",PCK1,1,824,774
EGF_HUMAN,P01133,EGF,Epidermal growth factor,6,33,7,46,bin_5,Epidermal growth factor,EGF,1,37862,97063
SOX2_HUMAN,P48431,SOX2,Transcription factor SOX-2,8,31,7,46,bin_5,Transcription factor SOX-2,SOX2,1,11567,4476
HAVR2_HUMAN,Q8TDQ0,HAVCR2,Hepatitis A virus cellular receptor 2,1,40,5,46,bin_5,Hepatitis A virus cellular receptor 2,HAVCR2,1,1398,1472
NICA_HUMAN,Q92542,NCSTN,Nicastrin,4,25,17,46,bin_5,Nicastrin,NCSTN,1,137,615
VILI_HUMAN,P09327,VIL1,Villin-1,7,28,11,46,bin_5,Villin-1,VIL1,1,124,49
NDF1_HUMAN,Q13562,NEUROD1,Neurogenic differentiation factor 1,8,33,5,46,bin_5,Neurogenic differentiation factor 1,NEUROD1,1,1154,385
ERBB3_HUMAN,P21860,ERBB3,Receptor tyrosine-protein kinase erbB-3,10,28,8,46,bin_5,Receptor tyrosine-protein kinase erbB-3,ERBB3,1,2814,2093
KAT7_HUMAN,O95251,KAT7,Histone acetyltransferase KAT7 ,13,24,9,46,bin_5,Histone acetyltransferase KAT7,KAT7,1,160,141
SOX8_HUMAN,P57073,SOX8,Transcription factor SOX-8,5,37,4,46,bin_5,Transcription factor SOX-8,SOX8,1,250,4201
LPAR1_HUMAN,Q92633,LPAR1,Lysophosphatidic acid receptor 1,5,30,11,46,bin_5,Lysophosphatidic acid receptor 1,LPAR1,1,323,2219
LOX5_HUMAN,P09917,ALOX5,Polyunsaturated fatty acid 5-lipoxygenase ,5,30,11,46,bin_5,Polyunsaturated fatty acid 5-lipoxygenase,ALOX5,1,591,3711
FZD4_HUMAN,Q9ULV1,FZD4,Frizzled-4,12,29,6,47,bin_5,Frizzled-4,FZD4,1,469,159
JUN_HUMAN,P05412,JUN,Transcription factor Jun ,18,21,8,47,bin_5,Transcription factor Jun,JUN,1,3674677,120075
PAX8_HUMAN,Q06710,PAX8,Paired box protein Pax-8,8,36,3,47,bin_5,Paired box protein Pax-8,PAX8,1,2284,130
CALM3_HUMAN,Q96HK3,CALM3,Calmodulin-3 ,9,24,14,47,bin_5,Calmodulin-3,CALM3,1,77,36
IL2_HUMAN,P60568,IL2,Interleukin-2,7,38,2,47,bin_5,Interleukin-2,IL2,1,58114,65311
AL1A2_HUMAN,O94788,ALDH1A2,Retinal dehydrogenase 2,4,40,3,47,bin_5,Retinal dehydrogenase 2,ALDH1A2,1,415,1376
TNR5_HUMAN,P25942,CD40,Tumor necrosis factor receptor superfamily member 5,5,34,8,47,bin_5,Tumor necrosis factor receptor superfamily member 5,CD40,1,17235,9350
DDX5_HUMAN,P17844,DDX5,Probable ATP-dependent RNA helicase DDX5,16,21,10,47,bin_5,Probable ATP-dependent RNA helicase DDX5,DDX5,1,486,2
ADCYA_HUMAN,Q96PN6,ADCY10,Adenylate cyclase type 10,6,27,14,47,bin_5,Adenylate cyclase type 10,ADCY10,1,111,1430
CCL21_HUMAN,O00585,CCL21,C-C motif chemokine 21,4,41,2,47,bin_5,C-C motif chemokine 21,CCL21,1,1766,0
SPTN4_HUMAN,Q9H254,SPTBN4,"Spectrin beta chain, non-erythrocytic 4",8,19,20,47,bin_5,"Spectrin beta chain, non-erythrocytic 4",SPTBN4,1,28,9
MYO6_HUMAN,Q9UM54,MYO6,Unconventional myosin-VI,9,11,27,47,bin_5,MYO6,MYO6,1,199,79
BAG6_HUMAN,Q5SRP9,BAG6,Large proline-rich protein BAG6 ,11,28,8,47,bin_5,Large proline-rich protein BAG6,BAG6,1,230,5
NPC1_HUMAN,O15118,NPC1,NPC intracellular cholesterol transporter 1 ,5,31,11,47,bin_5,NPC intracellular cholesterol transporter 1,NPC1,1,1736,219
DTBP1_HUMAN,Q96EV8,DTNBP1,Dysbindin,0,23,24,47,bin_5,Dysbindin,DTNBP1,1,418,424
CFLAR_HUMAN,Q9UEW1,CFLAR,CASP8 and FADD-like apoptosis regulator subunit p12,6,36,5,47,bin_5,CASP8 and FADD-like apoptosis regulator subunit p12,CFLAR,1,1179,2
IKKB_HUMAN,GSPDSMNASR,IKBKB,Inhibitor of nuclear factor kappa-B kinase subunit beta,11,29,7,47,bin_5,Inhibitor of nuclear factor kappa-B kinase subunit beta,IKBKB,1,6526,459
GLI1_HUMAN,P08151,GLI1,Zinc finger protein GLI1,10,29,8,47,bin_5,Zinc finger protein GLI1,GLI1,1,3905,2301
BCR_HUMAN,P11274,BCR,Breakpoint cluster region protein ,6,31,10,47,bin_5,Breakpoint cluster region protein,BCR,1,45472,8431
PDX1_HUMAN,P52945,PDX1,Pancreas/duodenum homeobox protein 1,5,37,5,47,bin_5,Pancreas/duodenum homeobox protein 1,PDX1,1,3246,82
HIP1_HUMAN,O00291,HIP1,Huntingtin-interacting protein 1,14,17,16,47,bin_5,Huntingtin-interacting protein 1,HIP1,1,344,162
NSMA2_HUMAN,Q9NY59,SMPD3,Sphingomyelin phosphodiesterase 3 ,7,35,5,47,bin_5,Sphingomyelin phosphodiesterase 3,SMPD3,1,240,1233
BOK_HUMAN,Q9UMX3,BOK,Bcl-2-related ovarian killer protein ,6,26,15,47,bin_5,Bcl-2-related ovarian killer protein,BOK,1,2099,41
RO52_HUMAN,P19474,TRIM21,E3 ubiquitin-protein ligase TRIM21,9,29,9,47,bin_5,E3 ubiquitin-protein ligase TRIM21,TRIM21,1,543,154
MP2K2_HUMAN,P36507,MAP2K2,Dual specificity mitogen-activated protein kinase kinase 2,11,22,14,47,bin_5,Dual specificity mitogen-activated protein kinase kinase 2,MAP2K2,1,829,50
XRCC6_HUMAN,P12956,XRCC6,X-ray repair cross-complementing protein 6,14,16,17,47,bin_5,X-ray repair cross-complementing protein 6,XRCC6,1,1550,2088
ABCA7_HUMAN,Q8IZY2,ABCA7,Phospholipid-transporting ATPase ABCA7 ,9,27,11,47,bin_5,Phospholipid-transporting ATPase ABCA7,ABCA7,1,381,1
LIF_HUMAN,P15018,LIF,Leukemia inhibitory factor,4,40,3,47,bin_5,Leukemia inhibitory factor,LIF,1,12592,7054
PPIA_HUMAN,Q9UC61,PPIA,"Peptidyl-prolyl cis-trans isomerase A, N-terminally processed",7,28,12,47,bin_5,Peptidyl-prolyl cis-trans isomerase A,PPIA,1,599,2
LCK_HUMAN,Q9NYT8,LCK,Tyrosine-protein kinase Lck,17,24,6,47,bin_5,Tyrosine-protein kinase Lck,LCK,1,3926,2828
FOXA1_HUMAN,P55317,FOXA1,Hepatocyte nuclear factor 3-alpha,9,33,5,47,bin_5,Hepatocyte nuclear factor 3-alpha,FOXA1,1,1645,938
RORA_HUMAN,P35398,RORA,Nuclear receptor ROR-alpha,14,29,4,47,bin_5,Nuclear receptor ROR-alpha,RORA,1,802,717
APEX1_HUMAN,P27695,APEX1,"DNA repair nuclease/redox regulator APEX1, mitochondrial",24,12,11,47,bin_5,"DNA repair nuclease/redox regulator APEX1, mitochondrial",APEX1,1,1545,0
NK1R_HUMAN,P25103,TACR1,Substance-P receptor,2,38,7,47,bin_5,Substance-P receptor,TACR1,1,178,4650
AVR2B_HUMAN,Q13705,ACVR2B,Activin receptor type-2B,9,33,5,47,bin_5,Activin receptor type-2B,ACVR2B,1,208,33
IFT20_HUMAN,Q8IY31,IFT20,Intraflagellar transport protein 20 homolog,2,25,20,47,bin_5,Intraflagellar transport protein 20 homolog,IFT20,1,130,6
ITPR1_HUMAN,Q14643,ITPR1,"Inositol 1,4,5-trisphosphate-gated calcium channel ITPR1 ",10,21,16,47,bin_5,"Inositol 1,4,5-trisphosphate-gated calcium channel ITPR1",ITPR1,1,949,1
VVSPALLDRE,P55290,CDH13,Cadherin-13,7,26,14,47,bin_5,Cadherin-13,CDH13,1,479,462
HCK_HUMAN,Q96CC0,HCK,Tyrosine-protein kinase HCK,6,31,10,47,bin_5,Tyrosine-protein kinase HCK,HCK,1,1216,622
NFIB_HUMAN,O00712,NFIB,Nuclear factor 1 B-type,6,37,5,48,bin_5,Nuclear factor 1 B-type,NFIB,1,524,4
ANGI_HUMAN,P03950,ANG,Angiogenin,11,25,12,48,bin_5,Angiogenin,ANG,1,47092,1666
IRF3_HUMAN,Q14653,IRF3,Interferon regulatory factor 3 ,13,29,6,48,bin_5,Interferon regulatory factor 3,IRF3,1,4599,3485
DAB2_HUMAN,P98082,DAB2,Disabled homolog 2,4,33,11,48,bin_5,Disabled homolog 2,DAB2,1,537,652
HAP1_HUMAN,P54257,HAP1,Huntingtin-associated protein 1,4,26,18,48,bin_5,Huntingtin-associated protein 1,HAP1,1,819,134
GHR_HUMAN,P10912,GHR,Growth hormone-binding protein ,11,26,11,48,bin_5,Growth hormone-binding protein,GHR,1,3018,869
TNFL4_HUMAN,P23510,TNFSF4,Tumor necrosis factor ligand superfamily member 4,4,41,3,48,bin_5,Tumor necrosis factor ligand superfamily member 4,TNFSF4,1,574,995
RBX1_HUMAN,P62877,RBX1,"E3 ubiquitin-protein ligase RBX1, N-terminally processed",9,27,12,48,bin_5,"E3 ubiquitin-protein ligase RBX1, N-terminally processed",RBX1,1,595,0
RARG_HUMAN,Q9H1I3,RARG,Retinoic acid receptor gamma,9,33,6,48,bin_5,Retinoic acid receptor gamma,RARG,1,275,2639
CLAP1_HUMAN,Q7Z460,CLASP1,CLIP-associating protein 1,4,29,15,48,bin_5,CLIP-associating protein 1,CLASP1,1,88,6
PTN1_HUMAN,P18031,PTPN1,Tyrosine-protein phosphatase non-receptor type 1,11,27,10,48,bin_5,Tyrosine-protein phosphatase non-receptor type 1,PTPN1,1,1492,7445
ACTG_HUMAN,P63261,ACTG1,"Actin, cytoplasmic 2, N-terminally processed",8,17,23,48,bin_5,"Actin, cytoplasmic 2, N-terminally processed",ACTG1,1,214,2
PTN2_HUMAN,P17706,PTPN2,Tyrosine-protein phosphatase non-receptor type 2,7,33,8,48,bin_5,Tyrosine-protein phosphatase non-receptor type 2,PTPN2,1,481,6376
PTN_HUMAN,P21246,PTN,Pleiotrophin ,8,34,6,48,bin_5,Pleiotrophin,PTN,1,1902,908
RADI_HUMAN,P35241,RDX,Radixin,6,25,17,48,bin_5,Radixin,RDX,1,1594,1559
CATH_HUMAN,P09668,CTSH,Cathepsin H light chain,9,26,13,48,bin_5,Cathepsin H light chain,CTSH,1,435,9
SCRIB_HUMAN,Q14160,SCRIB,Protein scribble homolog,3,29,16,48,bin_5,protein scribble homolog,SCRIB,1,472,59
CHM2B_HUMAN,Q9UQN3,CHMP2B,Charged multivesicular body protein 2b,2,30,16,48,bin_5,Charged multivesicular body protein 2b,CHMP2B,1,234,58
FZD5_HUMAN,Q13467,FZD5,Frizzled-5,8,29,11,48,bin_5,Frizzled-5,FZD5,1,266,84
LEG3_HUMAN,P17931,LGALS3,Galectin-3,9,23,16,48,bin_5,Galectin-3,LGALS3,1,6158,5926
LIPL_HUMAN,P06858,LPL,Lipoprotein lipase,14,27,7,48,bin_5,Lipoprotein lipase,LPL,1,8232,14357
DGKQ_HUMAN,P52824,DGKQ,Diacylglycerol kinase theta ,8,27,13,48,bin_5,Diacylglycerol kinase theta,DGKQ,1,29,82
AT1B1_HUMAN,P05026,ATP1B1,Sodium/potassium-transporting ATPase subunit beta-1,7,28,13,48,bin_5,Sodium/potassium-transporting ATPase subunit beta-1,ATP1B1,1,206,5
HLAE_HUMAN,P13747,HLA-E,"Soluble HLA class I histocompatibility antigen, alpha chain E",6,29,13,48,bin_5,"Soluble HLA class I histocompatibility antigen, alpha chain E",HLA-E,1,1260,72
THRB_HUMAN,P00734,F2,Thrombin heavy chain,7,33,8,48,bin_5,Thrombin heavy chain,F2,1,48978,380
OPRK_HUMAN,P41145,OPRK1,Kappa-type opioid receptor,4,30,14,48,bin_5,Kappa-type opioid receptor,OPRK1,1,221,71
B2L11_HUMAN,Q8WYM1,BCL2L11,Bcl-2-like protein 11,2,39,7,48,bin_5,Bcl-2-like protein 11,BCL2L11,1,1873,2041
M3K5_HUMAN,Q99683,MAP3K5,Mitogen-activated protein kinase kinase kinase 5,12,31,5,48,bin_5,Mitogen-activated protein kinase kinase kinase 5,MAP3K5,1,783,35118
CALM2_HUMAN,Q96HK3,CALM2,Calmodulin-2 ,10,23,15,48,bin_5,Calmodulin-2,CALM2,1,140,87
CREB3_HUMAN,O43889,CREB3,Processed cyclic AMP-responsive element-binding protein 3,14,22,12,48,bin_5,Processed cyclic AMP-responsive element-binding protein 3,CREB3,1,222,640
KCC2D_HUMAN,Q13557,CAMK2D,Calcium/calmodulin-dependent protein kinase type II subunit delta,10,28,10,48,bin_5,Calcium/calmodulin-dependent protein kinase type II subunit delta,CAMK2D,1,198,49
PDGFA_HUMAN,P04085,PDGFA,Platelet-derived growth factor subunit A,7,32,9,48,bin_5,Platelet-derived growth factor subunit A,PDGFA,1,1213,1254
SNF5_HUMAN,Q12824,SMARCB1,SWI/SNF-related matrix-associated actin-dependent regulator of chromatin subfamily B member 1,5,25,18,48,bin_5,SWI/SNF-related matrix-associated actin-dependent regulator of chromatin subfamily B member 1,SMARCB1,1,1724,1308
RAB8A_HUMAN,P61006,RAB8A,Ras-related protein Rab-8A,6,18,24,48,bin_5,Ras-related protein Rab-8A,RAB8A,1,361,3
BMP6_HUMAN,P22004,BMP6,Bone morphogenetic protein 6,4,43,1,48,bin_5,Bone morphogenetic protein 6,BMP6,1,1382,823
RAB5A_HUMAN,P20339,RAB5A,Ras-related protein Rab-5A,4,16,28,48,bin_5,Ras-related protein Rab-5A,RAB5A,1,380,5
CTNA1_HUMAN,P35221,CTNNA1,Catenin alpha-1 ,8,25,15,48,bin_5,Catenin alpha-1,CTNNA1,1,733,6629
MSX2_HUMAN,P35548,MSX2,Homeobox protein MSX-2,7,36,5,48,bin_5,Homeobox protein MSX-2,MSX2,1,983,88
HLAA_HUMAN,Q9UQU7,HLA-A,"HLA class I histocompatibility antigen, A alpha chain",8,22,19,49,bin_5,"HLA class I histocompatibility antigen, A alpha chain",HLA-A,1,16828,870
TBX20_HUMAN,Q9UMR3,TBX20,T-box transcription factor TBX20,6,40,3,49,bin_5,T-box transcription factor TBX20,TBX20,1,244,159
DNLI4_HUMAN,P49917,LIG4,DNA ligase 4 ,6,36,7,49,bin_5,DNA ligase 4,LIG4,1,657,4573
S26A6_HUMAN,Q9BXS9,SLC26A6,Solute carrier family 26 member 6,14,23,12,49,bin_5,Solute carrier family 26 member 6,SLC26A6,1,282,175
KCNA1_HUMAN,Q09470,KCNA1,Potassium voltage-gated channel subfamily A member 1 ,5,22,22,49,bin_5,Potassium voltage-gated channel subfamily A member 1,KCNA1,1,472,354
NCKPL_HUMAN,P55160,NCKAP1L,Nck-associated protein 1-like ,4,38,7,49,bin_5,Nck-associated protein 1-like,NCKAP1L,1,41,5
CXA5_HUMAN,P36382,GJA5,Gap junction alpha-5 protein,9,35,5,49,bin_5,Gap junction alpha-5 protein,GJA5,1,665,605
MYCD_HUMAN,Q8IZQ8,MYOCD,Myocardin,6,41,2,49,bin_5,Myocardin,MYOCD,1,217,1168
ARRB2_HUMAN,Q8N7Y2,ARRB2,Beta-arrestin-2,8,31,10,49,bin_5,Beta-arrestin-2,ARRB2,1,658,1247
MT3_HUMAN,P25713,MT3,Metallothionein-3,6,30,13,49,bin_5,Metallothionein-3,MT3,1,933,461
MYOD1_HUMAN,P15172,MYOD1,Myoblast determination protein 1,15,28,6,49,bin_5,Myoblast determination protein 1,MYOD1,1,1762,3427
NEU1_HUMAN,P01178,OXT,Neurophysin 1,4,41,4,49,bin_5,Neurophysin 1,OXT,1,1449,789
NDP_HUMAN,Q00604,NDP,Norrin,3,43,3,49,bin_5,Norrin,NDP,1,2094,194
ERCC2_HUMAN,P18074,ERCC2,General transcription and DNA repair factor IIH helicase subunit XPD,8,31,10,49,bin_5,General transcription and DNA repair factor IIH helicase subunit XPD,ERCC2,1,1370,6
CDK6_HUMAN,Q00534,CDK6,Cyclin-dependent kinase 6,5,34,10,49,bin_5,Cyclin-dependent kinase 6,CDK6,1,3984,2330
NPT2A_HUMAN,Q06495,SLC34A1,Sodium-dependent phosphate transport protein 2A,4,33,12,49,bin_5,Sodium-dependent phosphate transport protein 2A,SLC34A1,1,324,26
MRE11_HUMAN,P49959,MRE11,Double-strand break repair protein MRE11 ,9,29,11,49,bin_5,Double-strand break repair protein MRE11,MRE11,1,2336,1097
DKK1_HUMAN,O94907,DKK1,Dickkopf-related protein 1,4,41,4,49,bin_5,Dickkopf-related protein 1,DKK1,1,3459,331
NOS2_HUMAN,P35228,NOS2,"Nitric oxide synthase, inducible ",10,31,8,49,bin_5,"Nitric oxide synthase, inducible",NOS2,1,14355,61550
NMDZ1_HUMAN,Q5VSF5,GRIN1,"Glutamate receptor ionotropic, NMDA 1",10,23,16,49,bin_5,"Glutamate receptor ionotropic, NMDA 1",GRIN1,1,467,1814
SCRB1_HUMAN,Q8WTV0,SCARB1,Scavenger receptor class B member 1,13,27,9,49,bin_5,Scavenger receptor class B member 1,SCARB1,1,2104,0
SDF1_HUMAN,Q9H554,CXCL12,SDF-1-alpha(3-67),6,39,4,49,bin_5,CXCL12,CXCL12,1,10896,0
TS101_HUMAN,Q99816,TSG101,Tumor susceptibility gene 101 protein,8,27,14,49,bin_5,Tumor susceptibility gene 101 protein,TSG101,1,1050,505
5HT2B_HUMAN,P41595,HTR2B,5-hydroxytryptamine receptor 2B,6,37,6,49,bin_5,5-hydroxytryptamine receptor 2B,HTR2B,1,196,1033
CHM1A_HUMAN,Q9HD42,CHMP1A,Charged multivesicular body protein 1a,5,26,18,49,bin_5,Charged multivesicular body protein 1a,CHMP1A,1,63,12
CBP_HUMAN,Q92793,CREBBP,CREB-binding protein,18,23,8,49,bin_5,CREB-binding protein,CREBBP,1,2384,14197
IL33_HUMAN,O95760,IL33,Interleukin-33 (109-270),2,39,8,49,bin_5,Interleukin-33,IL33,1,5917,0
YBOX1_HUMAN,P67809,YBX1,Y-box-binding protein 1 ,11,22,16,49,bin_5,Y-box-binding protein 1,YBX1,1,1260,1384
ERCC6_HUMAN,IILSGSPMQN,ERCC6,DNA excision repair protein ERCC-6,9,34,6,49,bin_5,DNA excision repair protein ERCC-6,ERCC6,1,510,5
S10A9_HUMAN,P06702,S100A9,Protein S100-A9,8,29,12,49,bin_5,Protein S100-A9,S100A9,1,2483,87
CITE1_HUMAN,Q99966,CITED1,Cbp/p300-interacting transactivator 1,5,40,4,49,bin_5,Cbp/p300-interacting transactivator 1,CITED1,1,206,80
CAN3_HUMAN,P20807,CAPN3,Calpain-3 ,11,29,9,49,bin_5,Calpain-3,CAPN3,1,471,417
SPI1_HUMAN,P17947,SPI1,Transcription factor PU.1 ,17,28,4,49,bin_5,Transcription factor PU.1,SPI1,1,1424,1426
MOES_HUMAN,P26038,MSN,Moesin ,7,20,22,49,bin_5,Moesin,MSN,1,17269,2000
SOX11_HUMAN,P35716,SOX11,Transcription factor SOX-11,5,40,4,49,bin_5,Transcription factor SOX-11,SOX11,1,713,969
FXR1_HUMAN,P51114,FXR1,RNA-binding protein FXR1 ,8,24,17,49,bin_5,RNA-binding protein FXR1,FXR1,1,289,236
WNT7B_HUMAN,P56706,WNT7B,Protein Wnt-7b,3,39,7,49,bin_5,Protein Wnt-7b,WNT7B,1,457,33
NOD1_HUMAN,LNEQGETIFI,NOD1,Nucleotide-binding oligomerization domain-containing protein 1 ,9,35,6,50,bin_5,Nucleotide-binding oligomerization domain-containing protein 1,NOD1,1,1437,1142
BCL3_HUMAN,P20749,BCL3,B-cell lymphoma 3 protein,5,34,11,50,bin_5,B-cell lymphoma 3 protein,BCL3,1,889,343
DCTN1_HUMAN,Q9UIU1,DCTN1,Dynactin subunit 1,4,23,23,50,bin_5,Dynactin subunit 1,DCTN1,1,343,1149
CHM2A_HUMAN,O43633,CHMP2A,Charged multivesicular body protein 2a,2,32,16,50,bin_5,Charged multivesicular body protein 2a,CHMP2A,1,78,15
IL6RB_HUMAN,P40189,IL6ST,Interleukin-6 receptor subunit beta ,12,25,13,50,bin_5,Interleukin-6 receptor subunit beta,IL6ST,1,1284,2540
CYFP1_HUMAN,Q7L576,CYFIP1,Cytoplasmic FMR1-interacting protein 1,4,25,21,50,bin_5,Cytoplasmic FMR1-interacting protein 1,CYFIP1,1,196,33
BIRC2_HUMAN,Q13490,BIRC2,Baculoviral IAP repeat-containing protein 2,11,33,6,50,bin_5,Baculoviral IAP repeat-containing protein 2,BIRC2,1,368,54533
KPCA_HUMAN,P17252,PRKCA,Protein kinase C alpha type,10,29,11,50,bin_5,protein,PRKCA,1,1450,848
CCL19_HUMAN,Q99731,CCL19,C-C motif chemokine 19,5,43,2,50,bin_5,C-C motif chemokine 19,CCL19,1,1648,0
NR1D1_HUMAN,P20393,NR1D1,Nuclear receptor subfamily 1 group D member 1,12,31,7,50,bin_5,Nuclear receptor subfamily 1 group D member 1,NR1D1,1,764,604
NQO1_HUMAN,P15559,NQO1,NAD(P)H dehydrogenase [quinone] 1,7,37,6,50,bin_5,NAD(P)H dehydrogenase [quinone] 1,NQO1,1,6046,4581
FLCN_HUMAN,Q8NFG4,FLCN,Folliculin ,4,36,10,50,bin_5,Folliculin,FLCN,1,610,597
CHMP3_HUMAN,Q9Y3E7,CHMP3,Charged multivesicular body protein 3,5,29,16,50,bin_5,Charged multivesicular body protein 3,CHMP3,1,81,78
PRGC1_HUMAN,Q4W5M7,PPARGC1A,Peroxisome proliferator-activated receptor gamma coactivator 1-alpha,12,33,5,50,bin_5,Peroxisome proliferator-activated receptor gamma coactivator 1-alpha,PPARGC1A,1,4486,5539
HDAC3_HUMAN,O15379,HDAC3,Histone deacetylase 3,14,27,9,50,bin_5,Histone deacetylase 3,HDAC3,1,1998,1307
RUVB1_HUMAN,Q9Y265,RUVBL1,RuvB-like 1 ,9,24,17,50,bin_5,RuvB-like 1,RUVBL1,1,286,55
PP2BB_HUMAN,P16298,PPP3CB,Serine/threonine-protein phosphatase 2B catalytic subunit beta isoform,8,33,9,50,bin_5,Serine/threonine-protein phosphatase 2B catalytic subunit beta isoform,PPP3CB,1,82,1
CRYAB_HUMAN,P02511,CRYAB,Alpha-crystallin B chain,9,24,17,50,bin_5,Alpha-crystallin B chain,CRYAB,1,710,1020
CADH5_HUMAN,P33151,CDH5,Cadherin-5 ,10,29,11,50,bin_5,Cadherin-5,CDH5,1,424,1953
ADAM8_HUMAN,P78325,ADAM8,Disintegrin and metalloproteinase domain-containing protein 8,8,30,12,50,bin_5,Disintegrin and metalloproteinase domain-containing protein 8,ADAM8,1,316,45
VINC_HUMAN,P18206,VCL,Vinculin,8,17,25,50,bin_5,Vinculin,VCL,1,1514,4416
P2RY1_HUMAN,P47900,P2RY1,P2Y purinoceptor 1,9,30,11,50,bin_5,P2Y purinoceptor 1,P2RY1,1,574,3523
OSTCN_HUMAN,P02818,BGLAP,Osteocalcin,5,37,8,50,bin_5,Osteocalcin,BGLAP,1,664,21696
ACHA7_HUMAN,P36544,CHRNA7,Neuronal acetylcholine receptor subunit alpha-7,9,33,8,50,bin_5,Neuronal acetylcholine receptor subunit alpha-7,CHRNA7,1,2003,233
E2AK3_HUMAN,Q9NZJ5,EIF2AK3,Eukaryotic translation initiation factor 2-alpha kinase 3,9,34,7,50,bin_5,Eukaryotic translation initiation factor 2-alpha kinase 3,EIF2AK3,1,735,215
DNRIVLNGID,O15294,OGT,UDP-N-acetylglucosamine--peptide N-acetylglucosaminyltransferase 110 kDa subunit,4,34,12,50,bin_5,UDP-N-acetylglucosamine--peptide N-acetylglucosaminyltransferase 110 kDa subunit,OGT,1,1815,2
S22A1_HUMAN,O15245,SLC22A1,Solute carrier family 22 member 1 ,18,25,7,50,bin_5,Solute carrier family 22 member 1,SLC22A1,1,431,827
PCNA_HUMAN,P12004,PCNA,Proliferating cell nuclear antigen,13,22,15,50,bin_5,Proliferating cell nuclear antigen,PCNA,1,26193,20333
TSPO_HUMAN,P30536,TSPO,Translocator protein,5,38,7,50,bin_5,Translocator protein,TSPO,1,2125,410608
AGO2_HUMAN,Q9UKV8,AGO2,Protein argonaute-2 ,15,23,13,51,bin_5,protein,AGO2,1,2247,723
GREM1_HUMAN,O60565,GREM1,Gremlin-1,7,41,3,51,bin_5,Gremlin-1,GREM1,1,634,226
ABCA2_HUMAN,Q9BZC7,ABCA2,ATP-binding cassette sub-family A member 2 ,8,33,10,51,bin_5,ATP-binding cassette sub-family A member 2,ABCA2,1,148,577
IL4_HUMAN,P05112,IL4,Interleukin-4,3,46,2,51,bin_5,Interleukin-4,IL4,1,53565,31622
HMOX1_HUMAN,P09601,HMOX1,Heme oxygenase 1 soluble form ,7,35,9,51,bin_5,Heme oxygenase 1,HMOX1,1,6260,31
SKI_HUMAN,P12755,SKI,Ski oncogene,11,31,9,51,bin_5,Ski oncogene,SKI,1,5233,565
VAMP2_HUMAN,P63027,VAMP2,Vesicle-associated membrane protein 2 ,7,19,25,51,bin_5,Vesicle-associated membrane protein 2,VAMP2,1,1225,743
CCL2_HUMAN,P13500,CCL2,C-C motif chemokine 2,5,44,2,51,bin_5,C-C motif chemokine 2,CCL2,1,21993,0
CD3E_HUMAN,P07766,CD3E,T-cell surface glycoprotein CD3 epsilon chain,6,34,11,51,bin_5,T-cell surface glycoprotein CD3 epsilon chain,CD3E,1,583,415
AT2A2_HUMAN,P16615,ATP2A2,Sarcoplasmic/endoplasmic reticulum calcium ATPase 2 ,9,32,10,51,bin_5,Sarcoplasmic/endoplasmic reticulum calcium ATPase 2,ATP2A2,1,1016,7549
IL1A_HUMAN,P01583,IL1A,Interleukin-1 alpha,3,43,5,51,bin_5,Interleukin-1 alpha,IL1A,1,1808,6337
ITCH_HUMAN,Q9BY75,ITCH,E3 ubiquitin-protein ligase Itchy homolog,8,31,12,51,bin_5,E3 ubiquitin-protein ligase Itchy homolog,ITCH,1,33778,13
ACL6A_HUMAN,O96019,ACTL6A,Actin-like protein 6A,2,34,15,51,bin_5,Actin-like protein 6A,ACTL6A,1,108,30
VPS54_HUMAN,Q9P1Q0,VPS54,Vacuolar protein sorting-associated protein 54,1,40,10,51,bin_5,Vacuolar protein sorting-associated protein 54,VPS54,1,71,3
SC6A3_HUMAN,Q01959,SLC6A3,Sodium-dependent dopamine transporter,12,25,14,51,bin_5,Sodium-dependent dopamine transporter,SLC6A3,1,1872,55
FERM2_HUMAN,Q96AC1,FERMT2,Fermitin family homolog 2,7,30,14,51,bin_5,Fermitin family homolog 2,FERMT2,1,127,16
ENPP1_HUMAN,P22413,ENPP1,"Ectonucleotide pyrophosphatase/phosphodiesterase family member 1, secreted form ",19,26,6,51,bin_5,"Ectonucleotide pyrophosphatase/phosphodiesterase family member 1, secreted form",ENPP1,1,692,3
RAF1_HUMAN,P04049,RAF1,RAF proto-oncogene serine/threonine-protein kinase ,8,35,8,51,bin_5,RAF proto-oncogene serine/threonine-protein kinase,RAF1,1,3929,17655
ACTN2_HUMAN,P35609,ACTN2,Alpha-actinin-2,14,20,17,51,bin_5,Alpha-actinin-2,ACTN2,1,228,169
SLIT2_HUMAN,O94813,SLIT2,Slit homolog 2 protein C-product,8,38,5,51,bin_5,SLIT2,SLIT2,1,732,0
TNR16_HUMAN,P08138,NGFR,Tumor necrosis factor receptor superfamily member 16,10,27,14,51,bin_5,Tumor necrosis factor receptor superfamily member 16,NGFR,1,1875,535
STK4_HUMAN,Q13043,STK4,Serine/threonine-protein kinase 4 18kDa subunit,9,36,6,51,bin_5,Serine/threonine-protein kinase 4 18kDa subunit,STK4,1,410,1
PO4F1_HUMAN,Q01851,POU4F1,"POU domain, class 4, transcription factor 1 ",10,35,6,51,bin_5,"POU domain, class 4, transcription factor 1",POU4F1,1,266,324
SMAD6_HUMAN,O43541,SMAD6,Mothers against decapentaplegic homolog 6,12,30,9,51,bin_5,Mothers against decapentaplegic homolog 6,SMAD6,1,677,3759
GSTP1_HUMAN,P09211,GSTP1,Glutathione S-transferase P ,8,32,11,51,bin_5,Glutathione S-transferase P,GSTP1,1,4398,46980
RAB7A_HUMAN,P51149,RAB7A,Ras-related protein Rab-7a ,6,25,20,51,bin_5,Ras-related protein Rab-7a,RAB7A,1,225,19
HIP1R_HUMAN,O75146,HIP1R,Huntingtin-interacting protein 1-related protein,13,21,17,51,bin_5,Huntingtin-interacting protein 1-related protein,HIP1R,1,114,31
PK3CB_HUMAN,P42338,PIK3CB,"Phosphatidylinositol 4,5-bisphosphate 3-kinase catalytic subunit beta isoform",7,34,10,51,bin_5,"Phosphatidylinositol 4,5-bisphosphate 3-kinase catalytic subunit beta isoform",PIK3CB,1,343,64
FKRP_HUMAN,Q9H9S5,FKRP,Ribitol 5-phosphate transferase FKRP ,5,38,8,51,bin_5,Ribitol 5-phosphate transferase FKRP,FKRP,1,318,11
EGR1_HUMAN,P18146,EGR1,Early growth response protein 1 ,14,33,4,51,bin_5,Early growth response protein 1,EGR1,1,6343,3802
NEP_HUMAN,SVARLIRQEE,MME,Neprilysin ,9,24,19,52,bin_5,Neprilysin,MME,1,2663,7232
MIF_HUMAN,P14174,MIF,Macrophage migration inhibitory factor ,7,34,11,52,bin_5,Macrophage migration inhibitory factor,MIF,1,6834,5631
GLI2_HUMAN,P10070,GLI2,Zinc finger protein GLI2 ,7,37,8,52,bin_5,Zinc finger protein GLI2,GLI2,1,1559,923
NBN_HUMAN,O60934,NBN,Nibrin ,6,33,13,52,bin_5,Nibrin,NBN,1,1888,159
AT1A1_HUMAN,Q9UJ21,ATP1A1,Sodium/potassium-transporting ATPase subunit alpha-1,10,22,20,52,bin_5,Sodium/potassium-transporting ATPase subunit alpha-1,ATP1A1,1,611,7
PLAK_HUMAN,P14923,JUP,Junction plakoglobin,10,22,20,52,bin_5,Junction plakoglobin,JUP,1,514,2498
ARF_HUMAN,Q8N726,CDKN2A,Tumor suppressor ARF ,8,38,6,52,bin_5,Tumor suppressor ARF,CDKN2A,1,14563,1930
PRIC1_HUMAN,Q96MT3,PRICKLE1,Prickle-like protein 1,2,45,5,52,bin_5,Prickle-like protein 1,PRICKLE1,1,140,1
VNLDGEVIGV,O43464,HTRA2,"Serine protease HTRA2, mitochondrial",7,33,12,52,bin_5,"Serine protease HTRA2, mitochondrial",HTRA2,1,685,372
RAN_HUMAN,Q9CWI7,RAN,GTP-binding nuclear protein Ran,12,21,19,52,bin_5,GTP-binding nuclear protein Ran,RAN,1,30560,1465
PTPRJ_HUMAN,Q12913,PTPRJ,Receptor-type tyrosine-protein phosphatase eta,9,36,7,52,bin_5,Receptor-type tyrosine-protein phosphatase eta,PTPRJ,1,246,1
NMDE1_HUMAN,Q12879,GRIN2A,"Glutamate receptor ionotropic, NMDA 2A ",5,34,13,52,bin_5,"Glutamate receptor ionotropic, NMDA 2A",GRIN2A,1,489,187
ADRB2_HUMAN,Q9UHA1,ADRB2,Beta-2 adrenergic receptor,8,32,12,52,bin_5,Beta-2 adrenergic receptor,ADRB2,1,1183,9952
STX4_HUMAN,Q12846,STX4,Syntaxin-4,3,24,25,52,bin_5,Syntaxin-4,STX4,1,84,3106
TAF1_HUMAN,Q70Q87,TAF1,Transcription initiation factor TFIID subunit 1 ,19,27,6,52,bin_5,Transcription initiation factor TFIID subunit 1,TAF1,1,412,73
FURIN_HUMAN,P09958,FURIN,Furin ,11,30,11,52,bin_5,Furin,FURIN,1,3977,3977
CREB1_HUMAN,P16220,CREB1,Cyclic AMP-responsive element-binding protein 1,9,37,6,52,bin_5,Cyclic AMP-responsive element-binding protein 1,CREB1,1,3245,7304
ITB2_HUMAN,P05107,ITGB2,Integrin beta-2,8,28,16,52,bin_5,Integrin beta-2,ITGB2,1,517,2190
TBX5_HUMAN,Q99593,TBX5,T-box transcription factor TBX5,7,39,7,53,bin_5,T-box transcription factor TBX5,TBX5,1,1062,526
P2RX4_HUMAN,Q99571,P2RX4,P2X purinoceptor 4,9,34,10,53,bin_5,P2X purinoceptor 4,P2RX4,1,336,3044
KPCI_HUMAN,P41743,PRKCI,Protein kinase C iota type,7,28,18,53,bin_5,protein kinase C iota type,PRKCI,1,127,111
GPX1_HUMAN,P07203,GPX1,Glutathione peroxidase 1 ,3,46,4,53,bin_5,Glutathione peroxidase 1,GPX1,1,3046,2423
LRP5_HUMAN,O75197,LRP5,Low-density lipoprotein receptor-related protein 5 ,3,45,5,53,bin_5,Low-density lipoprotein receptor-related protein 5,LRP5,1,1639,911
NLRP3_HUMAN,Q5JQS8,NLRP3,"NACHT, LRR and PYD domains-containing protein 3 ",15,27,11,53,bin_5,"NACHT, LRR and PYD domains-containing protein 3",NLRP3,1,20223,12549
TIE2_HUMAN,CKLRCSCNNG,TEK,Angiopoietin-1 receptor,6,34,13,53,bin_5,Angiopoietin-1 receptor,TEK,1,2195,1558
RUNX2_HUMAN,Q13950,RUNX2,Runt-related transcription factor 2,9,38,6,53,bin_5,Runt-related transcription factor 2,RUNX2,1,11362,3697
TBA1A_HUMAN,Q71U36,TUBA1A,Detyrosinated tubulin alpha-1A chain,8,33,12,53,bin_5,Detyrosinated tubulin alpha-1A chain,TUBA1A,1,238,0
FGF9_HUMAN,P31371,FGF9,Fibroblast growth factor 9,3,47,3,53,bin_5,Fibroblast growth factor 9,FGF9,1,803,494
NKX21_HUMAN,P43699,NKX2-1,Homeobox protein Nkx-2.1,9,40,4,53,bin_5,Homeobox protein Nkx-2.1,NKX2-1,1,1760,1435
BCL10_HUMAN,O95999,BCL10,B-cell lymphoma/leukemia 10,10,32,11,53,bin_5,B-cell lymphoma/leukemia 10,BCL10,1,823,5168
NODAL_HUMAN,Q96S42,NODAL,Nodal homolog,4,48,1,53,bin_5,Nodal homolog,NODAL,1,58639,278
NRAM1_HUMAN,P49279,SLC11A1,Natural resistance-associated macrophage protein 1 ,6,39,8,53,bin_5,Natural resistance-associated macrophage protein 1,SLC11A1,1,381,843
NR1H3_HUMAN,Q13133,NR1H3,Oxysterols receptor LXR-alpha,10,36,7,53,bin_5,Oxysterols receptor LXR-alpha,NR1H3,1,1258,3526
NTRK2_HUMAN,Q16620,NTRK2,BDNF/NT-3 growth factors receptor,6,35,12,53,bin_5,BDNF/NT-3 growth factors receptor,NTRK2,1,1219,154
DINTKPKKEN,P55011,SLC12A2,Solute carrier family 12 member 2,8,29,16,53,bin_5,Solute carrier family 12 member 2,SLC12A2,1,723,833
BIRC5_HUMAN,Q9P2W8,BIRC5,Baculoviral IAP repeat-containing protein 5,13,22,18,53,bin_5,Baculoviral IAP repeat-containing protein 5,BIRC5,1,5902,10483
NEDD4_HUMAN,CQININGELE,NEDD4,E3 ubiquitin-protein ligase NEDD4,10,31,13,54,bin_5,E3 ubiquitin-protein ligase NEDD4,NEDD4,1,1682,1239
ANAG_HUMAN,P54802,NAGLU,Alpha-N-acetylglucosaminidase 77 kDa form,1,50,3,54,bin_5,Alpha-N-acetylglucosaminidase 77 kDa form,NAGLU,1,250,1
FER_HUMAN,P16591,FER,Tyrosine-protein kinase Fer,6,38,10,54,bin_5,Tyrosine-protein kinase Fer,FER,1,4554,242
SYT1_HUMAN,P21579,SYT1,Synaptotagmin-1 ,14,20,20,54,bin_5,Synaptotagmin-1,SYT1,1,776,1324
SYT11_HUMAN,Q9BT88,SYT11,Synaptotagmin-11 ,9,20,25,54,bin_5,Synaptotagmin-11,SYT11,1,63,2192
CSF1_HUMAN,P09603,CSF1,Macrophage colony-stimulating factor 1 43 kDa subunit ,5,41,8,54,bin_5,Macrophage colony-stimulating factor 1 43 kDa subunit,CSF1,1,3064,0
LAT1_HUMAN,Q01650,SLC7A5,Large neutral amino acids transporter small subunit 1,9,33,12,54,bin_5,Large neutral amino acids transporter small subunit 1,SLC7A5,1,958,20
WNK1_HUMAN,Q6IFS5,WNK1,Serine/threonine-protein kinase WNK1 ,8,39,7,54,bin_5,Serine/threonine-protein kinase WNK1,WNK1,1,639,464
LEG9_HUMAN,O00182,LGALS9,Galectin-9,5,44,5,54,bin_5,Galectin-9,LGALS9,1,616,1064
MERL_HUMAN,Q9BTW3,NF2,Merlin,2,33,19,54,bin_5,Merlin,NF2,1,3212,4051
1433E_HUMAN,P62258,YWHAE,14-3-3 protein epsilon,19,26,9,54,bin_5,14-3-3 protein epsilon,YWHAE,1,377,349
SNAI2_HUMAN,O43623,SNAI2,Zinc finger protein SNAI2,9,41,4,54,bin_5,Zinc finger protein SNAI2,SNAI2,1,1091,150
FLOT1_HUMAN,O75955,FLOT1,Flotillin-1,2,26,26,54,bin_5,Flotillin-1,FLOT1,1,141,862
GELS_HUMAN,P06396,GSN,Gelsolin,6,31,17,54,bin_5,Gelsolin,GSN,1,839,2732
ANK3_HUMAN,Q12955,ANK3,Ankyrin-3 ,7,25,22,54,bin_5,Ankyrin-3,ANK3,1,416,60
RAB3A_HUMAN,P20336,RAB3A,Ras-related protein Rab-3A,5,30,19,54,bin_5,Ras-related protein Rab-3A,RAB3A,1,681,7
SDCB1_HUMAN,O00560,SDCBP,Syntenin-1,14,19,21,54,bin_5,Syntenin-1,SDCBP,1,172,264
TSC1_HUMAN,Q92574,TSC1,Hamartin ,5,35,14,54,bin_5,Hamartin,TSC1,1,2713,1421
DMD_HUMAN,Q02295,DMD,Dystrophin,8,28,18,54,bin_5,Dystrophin,DMD,1,11780,9967
DNM1L_HUMAN,Q7L6B3,DNM1L,Dynamin-1-like protein,10,28,16,54,bin_5,Dynamin-1-like protein,DNM1L,1,1557,122
VPS4B_HUMAN,O75351,VPS4B,Vacuolar protein sorting-associated protein 4B ,5,35,14,54,bin_5,Vacuolar protein sorting-associated protein 4B,VPS4B,1,127,9
PHB2_HUMAN,Q99623,PHB2,Prohibitin-2,6,32,16,54,bin_5,Prohibitin-2,PHB2,1,1221,238
SC6A4_HUMAN,P31645,SLC6A4,Sodium-dependent serotonin transporter,13,31,10,54,bin_5,Sodium-dependent serotonin transporter,SLC6A4,1,4849,8159
TYY1_HUMAN,P25490,YY1,Transcriptional repressor protein YY1,15,31,8,54,bin_5,Transcriptional repressor protein YY1,YY1,1,2452,1817
CHM4B_HUMAN,Q9H444,CHMP4B,Charged multivesicular body protein 4b,3,31,20,54,bin_5,Charged multivesicular body protein 4b,CHMP4B,1,161,18
CLAP2_HUMAN,O75122,CLASP2,CLIP-associating protein 2,5,30,20,55,bin_5,CLIP-associating protein 2,CLASP2,1,108,5
JAG1_HUMAN,P78504,JAG1,Protein jagged-1,6,44,5,55,bin_5,protein jagged-1,JAG1,1,1976,1849
NIPBL_HUMAN,Q6KC79,NIPBL,Nipped-B-like protein,7,39,9,55,bin_5,Nipped-B-like protein,NIPBL,1,430,35
CFTR_HUMAN,P13569,CFTR,Cystic fibrosis transmembrane conductance regulator ,16,21,18,55,bin_5,Cystic fibrosis transmembrane conductance regulator,CFTR,1,14074,13542
NRG1_HUMAN,Q15491,NRG1,Neuregulin-1,11,37,7,55,bin_5,Neuregulin-1,NRG1,1,2457,2924
BIN1_HUMAN,O75515,BIN1,Myc box-dependent-interacting protein 1,10,22,23,55,bin_5,Myc box-dependent-interacting protein 1,BIN1,1,676,1
CCR7_HUMAN,P32248,CCR7,C-C chemokine receptor type 7,6,45,4,55,bin_5,C-C chemokine receptor type 7,CCR7,1,4852,705
TRPV1_HUMAN,Q8NER1,TRPV1,Transient receptor potential cation channel subfamily V member 1,14,35,6,55,bin_5,Transient receptor potential cation channel subfamily V member 1,TRPV1,1,8829,468
NAC1_HUMAN,Q9UDN1,SLC8A1,Sodium/calcium exchanger 1,6,35,14,55,bin_5,Sodium/calcium exchanger 1,SLC8A1,1,136,594
LIRB1_HUMAN,Q8NHL6,LILRB1,Leukocyte immunoglobulin-like receptor subfamily B member 1,11,40,4,55,bin_5,Leukocyte immunoglobulin-like receptor subfamily B member 1,LILRB1,1,417,41
AURKB_HUMAN,O95083,AURKB,Aurora kinase B ,5,35,15,55,bin_5,Aurora kinase B,AURKB,1,1466,1540
CSF1R_HUMAN,P07333,CSF1R,Macrophage colony-stimulating factor 1 receptor,7,42,6,55,bin_5,Macrophage colony-stimulating factor 1 receptor,CSF1R,1,2384,7226
BNIP3_HUMAN,Q12983,BNIP3,BCL2/adenovirus E1B 19 kDa protein-interacting protein 3 ,3,42,10,55,bin_5,BCL2/adenovirus E1B 19 kDa protein-interacting protein 3,BNIP3,1,1812,0
BTK_HUMAN,Q06187,BTK,Tyrosine-protein kinase BTK,8,40,7,55,bin_5,Tyrosine-protein kinase BTK,BTK,1,4838,2655
PCSK9_HUMAN,Q8NBP7,PCSK9,Proprotein convertase subtilisin/kexin type 9,10,27,18,55,bin_5,Proprotein convertase subtilisin/kexin type 9,PCSK9,1,6392,5180
HES5_HUMAN,Q5TA89,HES5,Transcription factor HES-5,6,46,3,55,bin_5,Transcription factor HES-5,HES5,1,632,41
IQGA1_HUMAN,P46940,IQGAP1,Ras GTPase-activating-like protein IQGAP1,15,17,23,55,bin_5,Ras GTPase-activating-like protein IQGAP1,IQGAP1,1,727,23
FOXC2_HUMAN,Q99958,FOXC2,Forkhead box protein C2,11,40,4,55,bin_5,Forkhead box protein C2,FOXC2,1,608,177
APOA4_HUMAN,P06727,APOA4,Apolipoprotein A-IV,10,31,14,55,bin_5,Apolipoprotein A-IV,APOA4,1,379,1069
ITBP1_HUMAN,O14713,ITGB1BP1,Integrin beta-1-binding protein 1,3,39,13,55,bin_5,Integrin beta-1-binding protein 1,ITGB1BP1,1,71,58
TBX2_HUMAN,Q13207,TBX2,T-box transcription factor TBX2,8,44,4,56,bin_5,T-box transcription factor TBX2,TBX2,1,458,275
PK3CG_HUMAN,P48736,PIK3CG,"Phosphatidylinositol 4,5-bisphosphate 3-kinase catalytic subunit gamma isoform",10,41,5,56,bin_5,"Phosphatidylinositol 4,5-bisphosphate 3-kinase catalytic subunit gamma isoform",PIK3CG,1,606,60
S22A2_HUMAN,O15244,SLC22A2,Solute carrier family 22 member 2 ,18,31,7,56,bin_5,Solute carrier family 22 member 2,SLC22A2,1,598,786
KPCB_HUMAN,Q9UEH8,PRKCB,Protein kinase C beta type,12,33,11,56,bin_5,protein,PRKCB,1,273,360
DYN2_HUMAN,P50570,DNM2,Dynamin-2 ,6,25,25,56,bin_5,Dynamin-2,DNM2,1,335,1233
EPHA2_HUMAN,P29317,EPHA2,Ephrin type-A receptor 2,7,40,9,56,bin_5,Ephrin type-A receptor 2,EPHA2,1,1558,1378
PGFRB_HUMAN,P09619,PDGFRB,Platelet-derived growth factor receptor beta,12,33,11,56,bin_5,Platelet-derived growth factor receptor beta,PDGFRB,1,6357,6239
AK1C3_HUMAN,Q9UKL9,AKR1C3,Aldo-keto reductase family 1 member C3,23,29,4,56,bin_5,Aldo-keto reductase family 1 member C3,AKR1C3,1,711,362
APOB_HUMAN,Q13788,APOB,Apolipoprotein B-48,5,26,25,56,bin_5,Apolipoprotein B-48,APOB,1,16842,855
FOXF1_HUMAN,Q12946,FOXF1,Forkhead box protein F1,6,47,3,56,bin_5,Forkhead box protein F1,FOXF1,1,408,141
FOSL2_HUMAN,P15408,FOSL2,Fos-related antigen 2,6,46,4,56,bin_5,Fos-related antigen 2,FOSL2,1,415,332
SOX17_HUMAN,Q9H6I2,SOX17,Transcription factor SOX-17,6,46,4,56,bin_5,Transcription factor SOX-17,SOX17,1,1090,711
ATG5_HUMAN,Q9H1Y0,ATG5,Autophagy protein 5 ,1,42,13,56,bin_5,Autophagy protein 5,ATG5,1,5193,1751
APC_HUMAN,P25054,APC,Adenomatous polyposis coli protein,8,30,18,56,bin_5,Adenomatous polyposis coli protein,APC,1,35292,4220
REST_HUMAN,Q13127,REST,RE1-silencing transcription factor,9,42,5,56,bin_5,RE1-silencing transcription factor,REST,1,199689,849
PAK1_HUMAN,Q13153,PAK1,Serine/threonine-protein kinase PAK 1 ,7,31,18,56,bin_5,Serine/threonine-protein kinase PAK 1,PAK1,1,2031,3064
MMP14_HUMAN,P50281,MMP14,Matrix metalloproteinase-14,6,41,9,56,bin_5,Matrix metalloproteinase-14,MMP14,1,2209,1849
CD4_HUMAN,P01730,CD4,T-cell surface glycoprotein CD4,16,32,8,56,bin_5,T-cell surface glycoprotein CD4,CD4,1,204530,22242
TGFB3_HUMAN,P10600,TGFB3,Transforming growth factor beta-3,8,39,9,56,bin_5,Transforming growth factor beta-3,TGFB3,1,2846,1102
HMGA2_HUMAN,P52926,HMGA2,High mobility group protein HMGI-C,15,35,6,56,bin_5,High mobility group protein HMGI-C,HMGA2,1,1991,90
CO1A1_HUMAN,Q15201,COL1A1,Collagen alpha-1(I) chain,5,45,6,56,bin_5,Collagen alpha-1(I) chain,COL1A1,1,5854,2063
COMT_HUMAN,P21964,COMT,Catechol O-methyltransferase ,4,44,8,56,bin_5,Catechol O-methyltransferase,COMT,1,6187,6472
COR1A_HUMAN,P31146,CORO1A,Coronin-1A,8,31,17,56,bin_5,Coronin-1A,CORO1A,1,117,103
ACHB2_HUMAN,P17787,CHRNB2,Neuronal acetylcholine receptor subunit beta-2,7,39,10,56,bin_5,Neuronal acetylcholine receptor subunit beta-2,CHRNB2,1,168,219
UFO_HUMAN,P30530,AXL,Tyrosine-protein kinase receptor UFO,7,42,7,56,bin_5,Tyrosine-protein kinase receptor UFO,AXL,1,2912,54
HYAL2_HUMAN,Q12891,HYAL2,Hyaluronidase-2,9,33,15,57,bin_5,Hyaluronidase-2,HYAL2,1,301,117
HAND2_HUMAN,P61296,HAND2,Heart- and neural crest derivatives-expressed protein 2,9,44,4,57,bin_5,Heart- and neural crest derivatives-expressed protein 2,HAND2,1,685,65
AXIN1_HUMAN,SGKSASTEVP,AXIN1,Axin-1,14,30,13,57,bin_5,Axin-1,AXIN1,1,666,70
EDNRB_HUMAN,Q8NHM9,EDNRB,Endothelin receptor type B ,3,52,2,57,bin_5,Endothelin receptor type B,EDNRB,1,774,1566
MP2K1_HUMAN,Q02750,MAP2K1,Dual specificity mitogen-activated protein kinase kinase 1 ,11,35,11,57,bin_5,Dual specificity mitogen-activated protein kinase kinase 1,MAP2K1,1,2468,141
INP5K_HUMAN,Q9BT40,INPP5K,Inositol polyphosphate 5-phosphatase K ,11,35,11,57,bin_5,Inositol polyphosphate 5-phosphatase K,INPP5K,1,34,45
TTP_HUMAN,P26651,ZFP36,mRNA decay activator protein ZFP36 ,12,38,7,57,bin_5,mRNA decay activator protein ZFP36,ZFP36,1,656,136
FCG2B_HUMAN,P31994,FCGR2B,Low affinity immunoglobulin gamma Fc region receptor II-b,5,48,4,57,bin_5,Low affinity immunoglobulin gamma Fc region receptor II-b,FCGR2B,1,626,3
FADD_HUMAN,Q13158,FADD,FAS-associated death domain protein ,11,38,8,57,bin_5,FAS-associated death domain protein,FADD,1,4331,2434
CALM1_HUMAN,Q96HK3,CALM1,Calmodulin-1 ,9,31,17,57,bin_5,Calmodulin-1,CALM1,1,251,129
STXB1_HUMAN,P61764,STXBP1,Syntaxin-binding protein 1,8,30,19,57,bin_5,Syntaxin-binding protein 1,STXBP1,1,503,1148
CATA_HUMAN,P04040,CAT,Catalase,10,32,15,57,bin_5,Catalase,CAT,1,167775,84774
TRAF2_HUMAN,Q12933,TRAF2,TNF receptor-associated factor 2,17,28,12,57,bin_5,TNF receptor-associated factor 2,TRAF2,1,2054,1258
HMGB2_HUMAN,P26583,HMGB2,High mobility group protein B2,17,31,9,57,bin_5,High mobility group protein B2,HMGB2,1,642,96
CHD7_HUMAN,Q9NXA3,CHD7,Chromodomain-helicase-DNA-binding protein 7,9,44,4,57,bin_5,Chromodomain-helicase-DNA-binding protein 7,CHD7,1,696,188
PLEC_HUMAN,Q6S382,PLEC,Plectin,7,33,17,57,bin_5,Plectin,PLEC,1,559,725
SMAD1_HUMAN,Q15797,SMAD1,Mothers against decapentaplegic homolog 1,12,34,11,57,bin_5,Mothers against decapentaplegic homolog 1,SMAD1,1,3358,10257
BIP_HUMAN,P11021,HSPA5,Endoplasmic reticulum chaperone BiP ,14,26,17,57,bin_5,Endoplasmic reticulum chaperone BiP,HSPA5,1,6553,6260
FOXO1_HUMAN,Q12778,FOXO1,Forkhead box protein O1 ,13,38,6,57,bin_5,Forkhead box protein O1,FOXO1,1,7205,4117
ITA3_HUMAN,P26006,ITGA3,Integrin alpha-3 light chain,8,30,19,57,bin_5,Integrin alpha-3 light chain,ITGA3,1,276,13
KSPKVLKGHD,Q969H0,FBXW7,F-box/WD repeat-containing protein 7 ,8,36,13,57,bin_5,F-box/WD repeat-containing protein 7,FBXW7,1,1638,936
ADCY8_HUMAN,P40145,ADCY8,Adenylate cyclase type 8 ,10,29,19,58,bin_5,Adenylate cyclase type 8,ADCY8,1,80,1274
AAPK2_HUMAN,P54646,PRKAA2,5'-AMP-activated protein kinase catalytic subunit alpha-2,11,36,11,58,bin_5,5'-AMP-activated protein kinase catalytic subunit alpha-2,PRKAA2,1,374,32
SOX4_HUMAN,Q06945,SOX4,Transcription factor SOX-4 ,7,45,6,58,bin_5,Transcription factor SOX-4,SOX4,1,1021,968
RTN4_HUMAN,Q9H3I3,RTN4,Reticulon-4 ,5,41,12,58,bin_5,Reticulon-4,RTN4,1,783,115
CDK2_HUMAN,P24941,CDK2,Cyclin-dependent kinase 2,8,31,19,58,bin_5,Cyclin-dependent kinase 2,CDK2,1,9280,5141
GATA4_HUMAN,P43694,GATA4,Transcription factor GATA-4,14,39,5,58,bin_5,Transcription factor GATA-4,GATA4,1,3429,2142
KDM1A_HUMAN,O60341,KDM1A,Lysine-specific histone demethylase 1A ,19,32,7,58,bin_5,Lysine-specific histone demethylase 1A,KDM1A,1,1256,107
NUMA1_HUMAN,Q14980,NUMA1,Nuclear mitotic apparatus protein 1 ,10,20,28,58,bin_5,Nuclear mitotic apparatus protein 1,NUMA1,1,350,1235
NLGN2_HUMAN,Q8NFZ4,NLGN2,Neuroligin-2,4,40,14,58,bin_5,Neuroligin-2,NLGN2,1,78,210
CLC7A_HUMAN,Q96PA4,CLEC7A,C-type lectin domain family 7 member A,6,48,4,58,bin_5,C-type lectin domain family 7 member A,CLEC7A,1,293,102
ITA2_HUMAN,P17301,ITGA2,Integrin alpha-2,10,39,9,58,bin_5,Integrin alpha-2,ITGA2,1,428,1606
RAD51_HUMAN,Q06609,RAD51,DNA repair protein RAD51 homolog 1 ,12,25,21,58,bin_5,DNA repair protein RAD51 homolog 1,RAD51,1,6176,1128
IRGM_HUMAN,A1A4Y4,IRGM,Immunity-related GTPase family M protein ,9,37,12,58,bin_5,Immunity-related GTPase family M protein,IRGM,1,347,57
VPS35_HUMAN,Q9NZK2,VPS35,Vacuolar protein sorting-associated protein 35,1,39,19,59,bin_5,Vacuolar protein sorting-associated protein 35,VPS35,1,562,26
NPM_HUMAN,Q96DC4,NPM1,Nucleophosmin,15,31,13,59,bin_5,Nucleophosmin,NPM1,1,3243,3654
OSR1_HUMAN,Q8TAX0,OSR1,Protein odd-skipped-related 1,4,51,4,59,bin_5,Protein odd-skipped-related 1,OSR1,1,430,55
TRI32_HUMAN,Q13049,TRIM32,E3 ubiquitin-protein ligase TRIM32 ,11,40,8,59,bin_5,E3 ubiquitin-protein ligase TRIM32,TRIM32,1,248,157
LRP2_HUMAN,P98164,LRP2,Low-density lipoprotein receptor-related protein 2,8,36,15,59,bin_5,Low-density lipoprotein receptor-related protein 2,LRP2,1,486,842
MSX1_HUMAN,P28360,MSX1,Homeobox protein MSX-1 ,8,46,5,59,bin_5,Homeobox protein MSX-1,MSX1,1,1249,118
SMAD7_HUMAN,O15105,SMAD7,Mothers against decapentaplegic homolog 7,10,39,10,59,bin_5,Mothers against decapentaplegic homolog 7,SMAD7,1,3021,3301
TISB_HUMAN,Q07352,ZFP36L1,mRNA decay activator protein ZFP36L1 ,6,48,5,59,bin_5,mRNA decay activator protein ZFP36L1,ZFP36L1,1,172,18
SRBP1_HUMAN,Q8TAK9,SREBF1,Processed sterol regulatory element-binding protein 1 ,13,36,10,59,bin_5,Processed sterol regulatory element-binding protein 1,SREBF1,1,2541,556
ARF6_HUMAN,P62330,ARF6,ADP-ribosylation factor 6 ,6,35,18,59,bin_5,ADP-ribosylation factor 6,ARF6,1,1247,818
ACVR1_HUMAN,Q04771,ACVR1,Activin receptor type-1,15,40,4,59,bin_5,Activin receptor type-1,ACVR1,1,751,271
RPGF2_HUMAN,Q9Y4G8,RAPGEF2,Rap guanine nucleotide exchange factor 2,9,37,14,60,bin_5,Rap guanine nucleotide exchange factor 2,RAPGEF2,1,88,187
CRF_HUMAN,P06850,CRH,Corticoliberin,6,49,5,60,bin_5,Corticotropin-releasing hormone,CRH,1,8118,16634
KCNJ8_HUMAN,Q15842,KCNJ8,ATP-sensitive inward rectifier potassium channel 8,7,45,8,60,bin_5,ATP-sensitive inward rectifier potassium channel 8,KCNJ8,1,124,481
HIPK2_HUMAN,Q9H2X6,HIPK2,Homeodomain-interacting protein kinase 2,10,43,7,60,bin_5,Homeodomain-interacting protein kinase 2,HIPK2,1,487,318
AT132_HUMAN,Q9NQ11,ATP13A2,Polyamine-transporting ATPase 13A2 ,11,35,14,60,bin_5,Polyamine-transporting ATPase 13A2,ATP13A2,1,388,3
SNP25_HUMAN,Q5U0B5,SNAP25,Synaptosomal-associated protein 25,8,21,31,60,bin_5,Synaptosomal-associated protein 25,SNAP25,1,2950,1952
GCR_HUMAN,P04150,NR3C1,Glucocorticoid receptor,19,29,12,60,bin_5,Glucocorticoid receptor,NR3C1,1,1561,28702
HS71B_HUMAN,P0DMV9,HSPA1B,Heat shock 70 kDa protein 1B ,15,25,20,60,bin_5,Heat shock 70 kDa protein 1B,HSPA1B,1,357,105
GHSR_HUMAN,Q92847,GHSR,Growth hormone secretagogue receptor type 1,5,47,8,60,bin_5,Growth hormone secretagogue receptor type 1,GHSR,1,1327,2972
RYR2_HUMAN,LPRHRAVNLF,RYR2,Ryanodine receptor 2 ,12,38,10,60,bin_5,Ryanodine receptor 2,RYR2,1,8443,7898
TFR1_HUMAN,P02786,TFRC,"Transferrin receptor protein 1, serum form",9,29,22,60,bin_5,"Transferrin receptor protein 1, serum form",TFRC,1,888,103
IHH_HUMAN,Q14623,IHH,Indian hedgehog protein N-product,4,51,5,60,bin_5,Indian hedgehog protein N-product,IHH,1,1884,1
SORL_HUMAN,Q92673,SORL1,Sortilin-related receptor,7,31,22,60,bin_5,Sortilin-related receptor,SORL1,1,497,134
CHIP_HUMAN,Q9UNE7,STUB1,E3 ubiquitin-protein ligase CHIP ,18,31,11,60,bin_5,E3 ubiquitin-protein ligase CHIP,STUB1,1,678,1046
B2CL1_HUMAN,Q07817,BCL2L1,Bcl-2-like protein 1,4,45,11,60,bin_5,Bcl-2-like protein 1,BCL2L1,1,8652,1300
TGBR3_HUMAN,Q03167,TGFBR3,Transforming growth factor beta receptor type 3,14,40,7,61,bin_5,Transforming growth factor beta receptor type 3,TGFBR3,1,831,5872
TERT_HUMAN,O14746,TERT,Telomerase reverse transcriptase,15,32,14,61,bin_5,Telomerase reverse transcriptase,TERT,1,41289,21113
5HT2A_HUMAN,P28223,HTR2A,5-hydroxytryptamine receptor 2A,9,39,13,61,bin_5,5-hydroxytryptamine receptor 2A,HTR2A,1,939,4339
BRAF_HUMAN,Q3MIN6,BRAF,Serine/threonine-protein kinase B-raf ,11,42,8,61,bin_5,Serine/threonine-protein kinase B-raf,BRAF,1,24715,13294
WNT11_HUMAN,O96014,WNT11,Protein Wnt-11,4,53,4,61,bin_5,Protein Wnt-11,WNT11,1,651,69
FOS_HUMAN,P01100,FOS,Protein c-Fos ,12,42,7,61,bin_5,protein,FOS,1,37555,28316
PPARD_HUMAN,Q03181,PPARD,Peroxisome proliferator-activated receptor delta,13,45,3,61,bin_5,Peroxisome proliferator-activated receptor delta,PPARD,1,445,3910
SPHK1_HUMAN,Q9NYA1,SPHK1,Sphingosine kinase 1 ,11,39,11,61,bin_5,Sphingosine kinase 1,SPHK1,1,1351,2811
UROM_HUMAN,P07911,UMOD,"Uromodulin, secreted form",2,46,13,61,bin_5,Uromodulin,UMOD,1,1157,67
AT2B4_HUMAN,P23634,ATP2B4,Plasma membrane calcium-transporting ATPase 4 ,13,35,13,61,bin_5,Plasma membrane calcium-transporting ATPase 4,ATP2B4,1,130,2824
NEB2_HUMAN,Q96SB3,PPP1R9B,Neurabin-2,7,38,16,61,bin_5,Neurabin-2,PPP1R9B,1,28,4
RELN_HUMAN,P78509,RELN,Reelin ,5,48,8,61,bin_5,Reelin,RELN,1,1762,2138
ANPRB_HUMAN,Q9UQ50,NPR2,Atrial natriuretic peptide receptor 2,9,46,6,61,bin_5,Atrial natriuretic peptide receptor 2,NPR2,1,324,2766
PAR1_HUMAN,P25116,F2R,Proteinase-activated receptor 1 ,5,46,10,61,bin_5,proteinase-activated receptor 1,F2R,1,173,2787
LRP1_HUMAN,Q07954,LRP1,Low-density lipoprotein receptor-related protein 1 intracellular domain,14,35,13,62,bin_5,Low-density lipoprotein receptor-related protein 1 intracellular domain,LRP1,1,1929,96
NKX31_HUMAN,Q99801,NKX3-1,Homeobox protein Nkx-3.1 ,13,44,5,62,bin_5,Homeobox protein Nkx-3.1,NKX3-1,1,609,14
ADA17_HUMAN,P78536,ADAM17,Disintegrin and metalloproteinase domain-containing protein 17,13,39,10,62,bin_5,Disintegrin and metalloproteinase domain-containing protein 17,ADAM17,1,2929,2580
RAGE_HUMAN,Q3L1R7,AGER,Advanced glycosylation end product-specific receptor,10,45,7,62,bin_5,Advanced glycosylation end product-specific receptor,AGER,1,2220,62
PTN6_HUMAN,P29350,PTPN6,Tyrosine-protein phosphatase non-receptor type 6,9,40,13,62,bin_5,Tyrosine-protein phosphatase non-receptor type 6,PTPN6,1,1572,3822
DVL1_HUMAN,O14640,DVL1,Segment polarity protein dishevelled homolog DVL-1,6,40,16,62,bin_5,Segment polarity protein dishevelled homolog DVL-1,DVL1,1,446,6
CASP8_HUMAN,Q9UQ81,CASP8,Caspase-8 subunit p10 ,12,38,12,62,bin_5,Caspase-8 subunit p10,CASP8,1,5663,18
SMCA4_HUMAN,P51532,SMARCA4,Transcription activator BRG1,15,31,16,62,bin_5,Transcription activator BRG1,SMARCA4,1,2029,855
PLCB1_HUMAN,Q9H4H2,PLCB1,"1-phosphatidylinositol 4,5-bisphosphate phosphodiesterase beta-1 ",9,43,10,62,bin_5,"1-phosphatidylinositol 4,5-bisphosphate phosphodiesterase beta-1",PLCB1,1,366,165
RB11A_HUMAN,P62491,RAB11A,Ras-related protein Rab-11A ,7,31,24,62,bin_5,Ras-related protein Rab-11A,RAB11A,1,516,943
RUVB2_HUMAN,Q9Y230,RUVBL2,RuvB-like 2,16,27,19,62,bin_5,RuvB-like 2,RUVBL2,1,242,48
TLR3_HUMAN,O15455,TLR3,Toll-like receptor 3 ,5,46,11,62,bin_5,Toll-like receptor 3,TLR3,1,6172,3683
DRB1_HUMAN,Q9UIN0,HLA-DRB1,"HLA class II histocompatibility antigen, DRB1 beta chain",7,36,19,62,bin_5,"HLA class II histocompatibility antigen, DRB1 beta chain",HLA-DRB1,1,11047,2138
XRCC5_HUMAN,P13010,XRCC5,X-ray repair cross-complementing protein 5,15,29,18,62,bin_5,X-ray repair cross-complementing protein 5,XRCC5,1,1040,2091
M3K7_HUMAN,Q9NZ70,MAP3K7,Mitogen-activated protein kinase kinase kinase 7,17,38,7,62,bin_5,Mitogen-activated protein kinase kinase kinase 7,MAP3K7,1,271,1382
RASH_HUMAN,P01112,HRAS,"GTPase HRas, N-terminally processed",5,47,10,62,bin_5,"GTPase HRas, N-terminally processed",HRAS,1,8130,2
CRKL_HUMAN,P46109,CRKL,Crk-like protein,7,49,6,62,bin_5,Crk-like protein,CRKL,1,690,94
CP1A1_HUMAN,P04798,CYP1A1,Cytochrome P450 1A1 ,19,41,3,63,bin_5,Cytochrome P450 1A1,CYP1A1,1,11044,2479
APOA2_HUMAN,P02652,APOA2,Truncated apolipoprotein A-II,16,37,10,63,bin_5,Truncated apolipoprotein A-II,APOA2,1,364,121
ERBB4_HUMAN,Q15303,ERBB4,ERBB4 intracellular domain,9,38,16,63,bin_5,ERBB4 intracellular domain,ERBB4,1,2619,150
MYC_HUMAN,P01106,MYC,Myc proto-oncogene protein,14,42,7,63,bin_5,Myc proto-oncogene protein,MYC,1,51040,23392
MK_HUMAN,P21741,MDK,Midkine ,4,58,1,63,bin_5,Midkine,MDK,1,1060,1167
NFKB1_HUMAN,P19838,NFKB1,Nuclear factor NF-kappa-B p50 subunit,11,40,12,63,bin_5,Nuclear factor NF-kappa-B p50 subunit,NFKB1,1,2204,3596
CEAM1_HUMAN,Q13860,CEACAM1,Carcinoembryonic antigen-related cell adhesion molecule 1 ,10,39,14,63,bin_5,Carcinoembryonic antigen-related cell adhesion molecule 1,CEACAM1,1,896,715
ADA2A_HUMAN,P08913,ADRA2A,Alpha-2A adrenergic receptor ,10,42,11,63,bin_5,Alpha-2A adrenergic receptor,ADRA2A,1,668,11485
CUL3_HUMAN,Q13618,CUL3,Cullin-3 ,7,40,16,63,bin_5,Cullin-3,CUL3,1,978,415
BL1S6_HUMAN,Q9UL45,BLOC1S6,Biogenesis of lysosome-related organelles complex 1 subunit 6,5,42,16,63,bin_5,Biogenesis of lysosome-related organelles complex 1 subunit 6,BLOC1S6,1,57,14
SFRP2_HUMAN,Q96HF1,SFRP2,Secreted frizzled-related protein 2,5,56,2,63,bin_5,Secreted frizzled-related protein 2,SFRP2,1,813,805
DHX36_HUMAN,Q9H2U1,DHX36,ATP-dependent DNA/RNA helicase DHX36 ,19,32,12,63,bin_5,ATP-dependent DNA/RNA helicase DHX36,DHX36,1,127,0
VPS4A_HUMAN,Q9UN37,VPS4A,Vacuolar protein sorting-associated protein 4A ,4,41,18,63,bin_5,Vacuolar protein sorting-associated protein 4A,VPS4A,1,175,5
NOTC2_HUMAN,Q04721,NOTCH2,Notch 2 intracellular domain,6,47,10,63,bin_5,NOTCH2,NOTCH2,1,2103,783
KS6B1_HUMAN,P23443,RPS6KB1,Ribosomal protein S6 kinase beta-1,10,42,11,63,bin_5,Ribosomal protein S6 kinase beta-1,RPS6KB1,1,341,185
NRAM2_HUMAN,Q96J35,SLC11A2,Natural resistance-associated macrophage protein 2,15,22,26,63,bin_5,Natural resistance-associated macrophage protein 2,SLC11A2,1,154,846
CCL3_HUMAN,P10147,CCL3,MIP-1-alpha(4-69),9,50,4,63,bin_5,CCL3,CCL3,1,4977,0
PICAL_HUMAN,Q13492,PICALM,Phosphatidylinositol-binding clathrin assembly protein,10,34,19,63,bin_5,Phosphatidylinositol-binding clathrin assembly protein,PICALM,1,444,72
GATA1_HUMAN,P15976,GATA1,Erythroid transcription factor,16,41,6,63,bin_5,Erythroid transcription factor,GATA1,1,3095,13354
BLM_HUMAN,P54132,BLM,RecQ-like DNA helicase BLM ,24,27,13,64,bin_5,RecQ-like DNA helicase BLM,BLM,1,5819,36
ADA10_HUMAN,O14672,ADAM10,Disintegrin and metalloproteinase domain-containing protein 10 ,12,29,23,64,bin_5,Disintegrin and metalloproteinase domain-containing protein 10,ADAM10,1,2048,1803
TBX3_HUMAN,O15119,TBX3,T-box transcription factor TBX3,7,54,3,64,bin_5,T-box transcription factor TBX3,TBX3,1,658,382
BCL6_HUMAN,P41182,BCL6,B-cell lymphoma 6 protein,12,47,5,64,bin_5,B-cell lymphoma 6 protein,BCL6,1,4479,2000
KAT2B_HUMAN,Q92831,KAT2B,Histone acetyltransferase KAT2B,16,36,12,64,bin_5,Histone acetyltransferase KAT2B,KAT2B,1,157,77
NOS1_HUMAN,P29475,NOS1,Nitric oxide synthase 1 ,14,33,17,64,bin_5,Nitric oxide synthase 1,NOS1,1,3757,55778
WNT1_HUMAN,P04628,WNT1,Proto-oncogene Wnt-1,5,51,9,65,bin_5,Proto-oncogene Wnt-1,WNT1,1,4000,311
CD5R1_HUMAN,Q15078,CDK5R1,"Cyclin-dependent kinase 5 activator 1, p25",14,30,21,65,bin_5,"Cyclin-dependent kinase 5 activator 1, p25",CDK5R1,1,259,251
FOXO3_HUMAN,O43524,FOXO3,Forkhead box protein O3 ,14,42,9,65,bin_5,Forkhead box protein O3,FOXO3,1,3825,2918
PAR2_HUMAN,P55085,F2RL1,"Proteinase-activated receptor 2, alternate cleaved 2",7,54,4,65,bin_5,Proteinase-activated receptor 2,F2RL1,1,260,3
PGFRA_HUMAN,P16234,PDGFRA,Platelet-derived growth factor receptor alpha,10,42,13,65,bin_5,Platelet-derived growth factor receptor alpha,PDGFRA,1,3355,6472
CADH2_HUMAN,P19022,CDH2,Cadherin-2,9,32,24,65,bin_5,Cadherin-2,CDH2,1,1315,28307
CH60_HUMAN,P10809,HSPD1,"60 kDa heat shock protein, mitochondrial",17,30,18,65,bin_5,"60 kDa heat shock protein, mitochondrial",HSPD1,1,523,184
TLR9_HUMAN,Q9NR96,TLR9,Toll-like receptor 9,5,45,15,65,bin_5,Toll-like receptor 9,TLR9,1,6860,4897
LARG1_HUMAN,O95461,LARGE1,"Beta-1,3-glucuronyltransferase LARGE1 ",7,53,5,65,bin_5,"Beta-1,3-glucuronyltransferase LARGE1",LARGE1,1,134,0
STK11_HUMAN,Q15831,STK11,Serine/threonine-protein kinase STK11 ,8,47,10,65,bin_5,Serine/threonine-protein kinase STK11,STK11,1,2723,1895
KPCE_HUMAN,Q02156,PRKCE,Protein kinase C epsilon type,13,40,12,65,bin_5,protein,PRKCE,1,863,515
CEBPB_HUMAN,P17676,CEBPB,CCAAT/enhancer-binding protein beta ,16,40,9,65,bin_5,CCAAT/enhancer-binding protein beta,CEBPB,1,1100,4169
GHRL_HUMAN,Q9UBU3,GHRL,Obestatin,4,54,8,66,bin_5,Obestatin,GHRL,1,428,13013
CX3C1_HUMAN,P49238,CX3CR1,CX3C chemokine receptor 1 ,8,50,8,66,bin_5,CX3C chemokine receptor 1,CX3CR1,1,3470,1577
CP1B1_HUMAN,Q16678,CYP1B1,Cytochrome P450 1B1 ,7,56,3,66,bin_5,Cytochrome P450 1B1,CYP1B1,1,3076,1140
LDLR_HUMAN,Q59FQ1,LDLR,Low-density lipoprotein receptor,11,36,19,66,bin_5,Low-density lipoprotein receptor,LDLR,1,7438,36905
B2MG_HUMAN,P61769,B2M,Beta-2-microglobulin form pI 5.3,5,36,25,66,bin_5,Beta-2-microglobulin,B2M,1,1910,2
AELLLGQPIF,P49840,GSK3A,Glycogen synthase kinase-3 alpha,7,49,10,66,bin_5,Glycogen synthase kinase-3 alpha,GSK3A,1,104,409
CEBPA_HUMAN,P49715,CEBPA,CCAAT/enhancer-binding protein alpha ,13,45,8,66,bin_5,CCAAT/enhancer-binding protein alpha,CEBPA,1,2069,4746
AURKA_HUMAN,O14965,AURKA,Aurora kinase A ,10,32,24,66,bin_5,Aurora kinase A,AURKA,1,2679,1976
NOS3_HUMAN,Q548C1,NOS3,Nitric oxide synthase 3 ,11,47,9,67,bin_5,Nitric oxide synthase 3,NOS3,1,9736,41076
SCN5A_HUMAN,Q59H93,SCN5A,Sodium channel protein type 5 subunit alpha,16,37,14,67,bin_5,Sodium channel protein type 5 subunit alpha,SCN5A,1,2799,2149
NRX1B_HUMAN,P58400,NRXN1,Neurexin-1-beta ,7,46,14,67,bin_5,Neurexin-1-beta,NRXN1,1,498,7
CXCR4_HUMAN,P61073,CXCR4,C-X-C chemokine receptor type 4,12,43,12,67,bin_5,C-X-C chemokine receptor type 4,CXCR4,1,16634,1964
CDN1B_HUMAN,P46527,CDKN1B,Cyclin-dependent kinase inhibitor 1B,13,47,7,67,bin_5,Cyclin-dependent kinase inhibitor 1B,CDKN1B,1,3059,7603
WT1_HUMAN,Q8IYZ5,WT1,Wilms tumor protein,11,50,6,67,bin_5,Wilms tumor protein,WT1,1,7527,4894
SL9A1_HUMAN,P19634,SLC9A1,Sodium/hydrogen exchanger 1,11,40,16,67,bin_5,Sodium/hydrogen exchanger 1,SLC9A1,1,668,731
INHBA_HUMAN,P08476,INHBA,Inhibin beta A chain,7,55,5,67,bin_5,Inhibin beta A chain,INHBA,1,517,393
SODM_HUMAN,Q96EE6,SOD2,"Superoxide dismutase [Mn], mitochondrial",6,57,4,67,bin_5,"Superoxide dismutase [Mn], mitochondrial",SOD2,1,5279,11448
LICH_HUMAN,P38571,LIPA,Lysosomal acid lipase/cholesteryl ester hydrolase,2,59,6,67,bin_5,Lysosomal acid lipase/cholesteryl ester hydrolase,LIPA,1,2236,806
KAT2A_HUMAN,Q92830,KAT2A,Histone acetyltransferase KAT2A,13,44,10,67,bin_5,Histone acetyltransferase KAT2A,KAT2A,1,238,173
ACVL1_HUMAN,P37023,ACVRL1,Serine/threonine-protein kinase receptor R3,12,50,5,67,bin_5,Serine/threonine-protein kinase receptor R3,ACVRL1,1,847,93
KDSTGLVNYL,Q01484,ANK2,Ankyrin-2,9,41,18,68,bin_5,Ankyrin-2,ANK2,1,273,40
NTRK1_HUMAN,Q9UIU7,NTRK1,High affinity nerve growth factor receptor,12,43,13,68,bin_5,High affinity nerve growth factor receptor,NTRK1,1,1214,1981
STA5B_HUMAN,P51692,STAT5B,Signal transducer and activator of transcription 5B,9,53,6,68,bin_5,Signal transducer and activator of transcription 5B,STAT5B,1,1434,5542
PK3CA_HUMAN,P42336,PIK3CA,"Phosphatidylinositol 4,5-bisphosphate 3-kinase catalytic subunit alpha isoform",9,50,9,68,bin_5,"Phosphatidylinositol 4,5-bisphosphate 3-kinase catalytic subunit alpha isoform",PIK3CA,1,8240,94
RIPK1_HUMAN,Q13546,RIPK1,Receptor-interacting serine/threonine-protein kinase 1,12,48,8,68,bin_5,Receptor-interacting serine/threonine-protein kinase 1,RIPK1,1,2334,2386
ABCA1_HUMAN,O95477,ABCA1,Phospholipid-transporting ATPase ABCA1 ,21,35,12,68,bin_5,Phospholipid-transporting ATPase ABCA1,ABCA1,1,4883,3
DLG4_HUMAN,P78352,DLG4,Disks large homolog 4,12,29,27,68,bin_5,Disks large homolog 4,DLG4,1,1912,2071
ADA_HUMAN,P00813,ADA,Adenosine deaminase,4,56,8,68,bin_5,Adenosine deaminase,ADA,1,17093,12303
CRK_HUMAN,P46108,CRK,Adapter molecule crk,14,45,9,68,bin_5,CRK,CRK,1,2176,72
TWST1_HUMAN,Q15672,TWIST1,Twist-related protein 1,11,55,3,69,bin_5,Twist-related protein 1,TWIST1,1,2844,2149
AA2AR_HUMAN,P29274,ADORA2A,Adenosine receptor A2a,8,50,11,69,bin_5,Adenosine receptor A2a,ADORA2A,1,532,6371
ANXA1_HUMAN,P04083,ANXA1,Annexin Ac2-26 ,9,37,23,69,bin_5,Annexin A1,ANXA1,1,1131,150
TBX1_HUMAN,O43435,TBX1,T-box transcription factor TBX1,7,60,2,69,bin_5,T-box transcription factor TBX1,TBX1,1,753,429
GATA2_HUMAN,P23769,GATA2,Endothelial transcription factor GATA-2,11,54,4,69,bin_5,Endothelial transcription factor GATA-2,GATA2,1,2303,166
NF2L2_HUMAN,Q16236,NFE2L2,Nuclear factor erythroid 2-related factor 2 ,12,46,11,69,bin_5,Nuclear factor erythroid 2-related factor 2,NFE2L2,1,10629,9109
ISL1_HUMAN,P61371,ISL1,Insulin gene enhancer protein ISL-1,11,55,3,69,bin_5,Insulin gene enhancer protein ISL-1,ISL1,1,1130,636
P85A_HUMAN,P27986,PIK3R1,Phosphatidylinositol 3-kinase regulatory subunit alpha,18,40,11,69,bin_5,Phosphatidylinositol 3-kinase regulatory subunit alpha,PIK3R1,1,1119,406
KLF4_HUMAN,Q9UNP3,KLF4,Krueppel-like factor 4,14,49,6,69,bin_5,Krueppel-like factor 4,KLF4,1,4863,4009
BBS4_HUMAN,Q96RK4,BBS4,Bardet-Biedl syndrome 4 protein,5,48,16,69,bin_5,Bardet-Biedl syndrome 4 protein,BBS4,1,154,14
PLCG2_HUMAN,GAEYDNNKFK,PLCG2,"1-phosphatidylinositol 4,5-bisphosphate phosphodiesterase gamma-2 ",7,54,8,69,bin_5,"1-phosphatidylinositol 4,5-bisphosphate phosphodiesterase gamma-2",PLCG2,1,317,137
TREX1_HUMAN,Q9NSU2,TREX1,Three-prime repair exonuclease 1 ,13,49,7,69,bin_5,Three-prime repair exonuclease 1,TREX1,1,505,342
ANXA2_HUMAN,P07355,ANXA2,Annexin A2,13,26,31,70,bin_5,Annexin A2,ANXA2,1,1085,2592
IL12B_HUMAN,P29460,IL12B,Interleukin-12 subunit beta,8,53,9,70,bin_5,Interleukin-12 subunit beta,IL12B,1,1160,504
MYH9_HUMAN,P35579,MYH9,Myosin-9,14,29,27,70,bin_5,Myosin-9,MYH9,1,1088,96
HDAC1_HUMAN,Q13547,HDAC1,Histone deacetylase 1 ,17,41,12,70,bin_5,Histone deacetylase 1,HDAC1,1,4820,2802
ASCL1_HUMAN,P50553,ASCL1,Achaete-scute homolog 1 ,12,54,4,70,bin_5,Achaete-scute homolog 1,ASCL1,1,1392,223
FAK1_HUMAN,Q05397,PTK2,Focal adhesion kinase 1 ,11,46,13,70,bin_5,Focal adhesion kinase 1,PTK2,1,4264,4021
ELVSEFSRMA,P04626,ERBB2,Receptor tyrosine-protein kinase erbB-2,11,41,18,70,bin_5,Receptor tyrosine-protein kinase erbB-2,ERBB2,1,38815,32318
AA1R_HUMAN,P30542,ADORA1,Adenosine receptor A1,7,50,13,70,bin_5,Adenosine receptor A1,ADORA1,1,173,8027
PP2BA_HUMAN,Q08209,PPP3CA,Protein phosphatase 3 catalytic subunit alpha ,10,46,14,70,bin_5,protein phosphatase 3 catalytic subunit alpha,PPP3CA,1,162,1462
CIB1_HUMAN,Q99828,CIB1,Calcium and integrin-binding protein 1,7,42,21,70,bin_5,Calcium and integrin-binding protein 1,CIB1,1,323,303
NR1H4_HUMAN,Q96RI1,NR1H4,Bile acid receptor,15,49,6,70,bin_5,Bile acid receptor,NR1H4,1,265,8212
YAP1_HUMAN,K0L195,YAP1,Transcriptional coactivator YAP1,8,53,9,70,bin_5,Transcriptional coactivator YAP1,YAP1,1,5241,929
DRD1_HUMAN,P21728,DRD1,D(1A) dopamine receptor,7,52,11,70,bin_5,D(1A) dopamine receptor,DRD1,1,985,36
PKD1_HUMAN,P98161,PKD1,Polycystin-1 ,7,44,19,70,bin_5,Polycystin-1,PKD1,1,2299,1568
P63_HUMAN,Q9UP27,TP63,Tumor protein 63,14,52,5,71,bin_5,Tumor protein 63,TP63,1,2330,44474
KPCD1_HUMAN,Q15139,PRKD1,Serine/threonine-protein kinase D1,10,51,10,71,bin_5,Serine/threonine-protein kinase D1,PRKD1,1,120,8559
GAS6_HUMAN,Q14393,GAS6,Growth arrest-specific protein 6 ,7,57,7,71,bin_5,Growth arrest-specific protein 6,GAS6,1,1178,701
ITAV_HUMAN,Q6LD15,ITGAV,Integrin alpha-V light chain,12,37,22,71,bin_5,Integrin alpha-V light chain,ITGAV,1,379,30
KPCD_HUMAN,Q05655,PRKCD,Protein kinase C delta type catalytic subunit,12,45,14,71,bin_5,protein kinase C delta type catalytic subunit,PRKCD,1,1209,19
GATA6_HUMAN,Q92908,GATA6,Transcription factor GATA-6,11,55,5,71,bin_5,Transcription factor GATA-6,GATA6,1,1351,958
PRKDC_HUMAN,P78527,PRKDC,DNA-dependent protein kinase catalytic subunit,12,46,13,71,bin_5,DNA-dependent protein kinase catalytic subunit,PRKDC,1,1700,2252
IFNG_HUMAN,P01579,IFNG,Interferon gamma,2,68,2,72,bin_5,Interferon gamma,IFNG,1,4669,117482
HS90B_HUMAN,P08238,HSP90AB1,Heat shock protein HSP 90-beta,27,24,21,72,bin_5,Heat shock protein HSP 90-beta,HSP90AB1,1,442,27
BAK_HUMAN,Q16611,BAK1,Bcl-2 homologous antagonist/killer,10,55,7,72,bin_5,Bcl-2 homologous antagonist/killer,BAK1,1,1993,1906
EZH2_HUMAN,Q15910,EZH2,Histone-lysine N-methyltransferase EZH2 ,15,47,10,72,bin_5,Histone-lysine N-methyltransferase EZH2,EZH2,1,6861,3518
CCR2_HUMAN,P41597,CCR2,C-C chemokine receptor type 2,8,54,10,72,bin_5,C-C chemokine receptor type 2,CCR2,1,5906,2226
PTN11_HUMAN,Q06124,PTPN11,Tyrosine-protein phosphatase non-receptor type 11,13,55,4,72,bin_5,Tyrosine-protein phosphatase non-receptor type 11,PTPN11,1,3001,3710
FOXC1_HUMAN,Q12948,FOXC1,Forkhead box protein C1,12,56,5,73,bin_5,Forkhead box protein C1,FOXC1,1,861,181
PTC1_HUMAN,Q86XG7,PTCH1,Protein patched homolog 1,8,55,10,73,bin_5,protein,PTCH1,1,2182,1326
PPARA_HUMAN,Q07869,PPARA,Peroxisome proliferator-activated receptor alpha,22,48,3,73,bin_5,Peroxisome proliferator-activated receptor alpha,PPARA,1,1330,22499
PLK1_HUMAN,P53350,PLK1,Serine/threonine-protein kinase PLK1,9,47,17,73,bin_5,Serine/threonine-protein kinase PLK1,PLK1,1,3201,2050
PAX2_HUMAN,Q02962,PAX2,Paired box protein Pax-2,8,58,7,73,bin_5,Paired box protein Pax-2,PAX2,1,1821,1132
WNT4_HUMAN,P56705,WNT4,Protein Wnt-4,4,59,10,73,bin_5,Protein Wnt-4,WNT4,1,1294,159
WNT7A_HUMAN,O00755,WNT7A,Protein Wnt-7a,4,57,12,73,bin_5,Protein Wnt-7a,WNT7A,1,710,83
NLGN1_HUMAN,Q8N2Q7,NLGN1,Neuroligin-1,7,47,20,74,bin_5,Neuroligin-1,NLGN1,1,135,399
KPCZ_HUMAN,Q05513,PRKCZ,Protein kinase C zeta type,12,37,25,74,bin_5,protein,PRKCZ,1,142,334
PGH2_HUMAN,P35354,PTGS2,Prostaglandin G/H synthase 2 ,7,58,9,74,bin_5,Prostaglandin G/H synthase 2,PTGS2,1,42786,31024
PDGFB_HUMAN,P01127,PDGFB,Platelet-derived growth factor subunit B,9,54,11,74,bin_5,Platelet-derived growth factor subunit B,PDGFB,1,6287,1044
DDIT3_HUMAN,P35638,DDIT3,DNA damage-inducible transcript 3 protein,15,48,11,74,bin_5,DNA damage-inducible transcript 3 protein,DDIT3,1,2833,4250
CASP3_HUMAN,P42574,CASP3,Caspase-3 subunit p12,12,56,6,74,bin_5,Caspase-3 subunit p12,CASP3,1,89023,33
BMPR2_HUMAN,Q13873,BMPR2,Bone morphogenetic protein receptor type-2,9,51,14,74,bin_5,Bone morphogenetic protein receptor type-2,BMPR2,1,2307,412
INSR_HUMAN,P06213,INSR,Insulin receptor subunit beta,16,45,13,74,bin_5,Insulin receptor subunit beta,INSR,1,1668,2268
HEY2_HUMAN,Q9UBP5,HEY2,Hairy/enhancer-of-split related with YRPW motif protein 2,11,58,5,74,bin_5,Hairy/enhancer-of-split related with YRPW motif protein 2,HEY2,1,411,23
SUH_HUMAN,Q06330,RBPJ,Recombining binding protein suppressor of hairless,9,58,7,74,bin_5,Recombining binding protein suppressor of hairless,RBPJ,1,1037,82
PKSLKSIQNV,O60603,TLR2,Toll-like receptor 2 ,12,50,12,74,bin_5,Toll-like receptor 2,TLR2,1,14830,10144
EPHA4_HUMAN,P54764,EPHA4,Ephrin type-A receptor 4,12,43,19,74,bin_5,Ephrin type-A receptor 4,EPHA4,1,790,729
KAT5_HUMAN,Q92993,KAT5,Histone acetyltransferase KAT5 ,15,43,16,74,bin_5,Histone acetyltransferase KAT5,KAT5,1,561,481
CLUS_HUMAN,P10909,CLU,Clusterin alpha chain,10,43,22,75,bin_5,Clusterin alpha chain,CLU,1,2486,124
ROCK2_HUMAN,O75116,ROCK2,Rho-associated protein kinase 2,12,56,7,75,bin_5,Rho-associated protein kinase 2,ROCK2,1,1420,4534
TRPV4_HUMAN,Q96Q92,TRPV4,Transient receptor potential cation channel subfamily V member 4,17,44,14,75,bin_5,Transient receptor potential cation channel subfamily V member 4,TRPV4,1,2429,236
CCL5_HUMAN,P13501,CCL5,RANTES(4-68),14,58,3,75,bin_5,RANTES(4-68),CCL5,1,8944,2
NOGG_HUMAN,Q13253,NOG,Noggin,2,70,3,75,bin_5,Noggin,NOG,1,1554,2247
EGLN_HUMAN,P17813,ENG,Endoglin,12,55,8,75,bin_5,Endoglin,ENG,1,196983,3339
ATF2_HUMAN,Q4ZFU9,ATF2,Cyclic AMP-dependent transcription factor ATF-2,20,47,8,75,bin_5,Cyclic AMP-dependent transcription factor ATF-2,ATF2,1,1830,18
PRIO_HUMAN,Q9UP19,PRNP,Major prion protein,20,39,16,75,bin_5,Major prion protein,PRNP,1,2337,12646
CITE2_HUMAN,Q99967,CITED2,Cbp/p300-interacting transactivator 2,9,61,5,75,bin_5,Cbp/p300-interacting transactivator 2,CITED2,1,324,91
STAT1_HUMAN,P42224,STAT1,Signal transducer and activator of transcription 1-alpha/beta,20,44,12,76,bin_5,Signal transducer and activator of transcription 1-alpha/beta,STAT1,1,12971,7
INS_HUMAN,P01308,INS,Insulin A chain,5,62,9,76,bin_5,Insulin A chain,INS,1,18930,486555
HDAC2_HUMAN,Q92769,HDAC2,Histone deacetylase 2 ,13,53,10,76,bin_5,Histone deacetylase 2,HDAC2,1,2577,1682
KAPCA_HUMAN,P17612,PRKACA,cAMP-dependent protein kinase catalytic subunit alpha,14,41,21,76,bin_5,cAMP-dependent protein kinase catalytic subunit alpha,PRKACA,1,390,656
ZC12A_HUMAN,Q5D1E8,ZC3H12A,Endoribonuclease ZC3H12A ,13,55,8,76,bin_5,Endoribonuclease ZC3H12A,ZC3H12A,1,299,41
PROX1_HUMAN,Q92786,PROX1,Prospero homeobox protein 1,10,61,5,76,bin_5,Prospero homeobox protein 1,PROX1,1,1209,693
DLL1_HUMAN,O00548,DLL1,Delta-like protein 1 ,5,65,6,76,bin_5,Delta-like protein 1,DLL1,1,696,795
AT1A2_HUMAN,P50993,ATP1A2,Sodium/potassium-transporting ATPase subunit alpha-2,11,50,15,76,bin_5,Sodium/potassium-transporting ATPase subunit alpha-2,ATP1A2,1,502,5
BRCA1_HUMAN,P38398,BRCA1,Breast cancer type 1 susceptibility protein,14,42,20,76,bin_5,Breast cancer type 1 susceptibility protein,BRCA1,1,23219,13565
RS3_HUMAN,P23396,RPS3,Small ribosomal subunit protein uS3 ,24,33,20,77,bin_5,Small ribosomal subunit protein uS3,RPS3,1,517,17
EDNRA_HUMAN,Q8TBH2,EDNRA,Endothelin-1 receptor ,2,74,1,77,bin_5,Endothelin-1 receptor,EDNRA,1,313,4030
IGF1R_HUMAN,P08069,IGF1R,Insulin-like growth factor 1 receptor beta chain,14,52,11,77,bin_5,Insulin-like growth factor 1 receptor beta chain,IGF1R,1,10308,373
IL10_HUMAN,P22301,IL10,Interleukin-10,4,71,2,77,bin_5,Interleukin-10,IL10,1,86807,41042
SIX1_HUMAN,Q15475,SIX1,Homeobox protein SIX1,10,61,6,77,bin_5,Homeobox protein SIX1,SIX1,1,776,495
IGF1_HUMAN,P05019,IGF1,Insulin-like growth factor I,5,65,7,77,bin_5,Insulin-like growth factor I,IGF1,1,24450,40890
BECN1_HUMAN,Q14457,BECN1,Beclin-1-C 37 kDa ,7,55,16,78,bin_5,Beclin-1-C 37 kDa,BECN1,1,3148,1
TRAF6_HUMAN,Q9Y4K3,TRAF6,TNF receptor-associated factor 6,9,57,12,78,bin_5,TNF receptor-associated factor 6,TRAF6,1,3999,2370
MK03_HUMAN,P27361,MAPK3,Mitogen-activated protein kinase 3,8,54,16,78,bin_5,Mitogen-activated protein kinase 3,MAPK3,1,1547,14595
LHX1_HUMAN,P48742,LHX1,LIM/homeobox protein Lhx1,6,68,4,78,bin_5,LIM/homeobox protein Lhx1,LHX1,1,366,43
ATF4_HUMAN,P18848,ATF4,Cyclic AMP-dependent transcription factor ATF-4 ,17,45,16,78,bin_5,Cyclic AMP-dependent transcription factor ATF-4,ATF4,1,4461,3
SQSTM_HUMAN,Q13501,SQSTM1,Sequestosome-1 ,19,39,20,78,bin_5,Sequestosome-1,SQSTM1,1,4361,3201
FGF8_HUMAN,P55075,FGF8,Fibroblast growth factor 8,4,70,4,78,bin_5,Fibroblast growth factor 8,FGF8,1,1883,1215
MYD88_HUMAN,Q53XS7,MYD88,Myeloid differentiation primary response protein MyD88 ,9,60,9,78,bin_5,Myeloid differentiation primary response protein MyD88,MYD88,1,11982,1362
FOXP3_HUMAN,Q9BZS1,FOXP3,Forkhead box protein P3 41 kDa form,15,57,6,78,bin_5,Forkhead box protein P3 41 kDa form,FOXP3,1,22478,0
CD2AP_HUMAN,Q9Y5K6,CD2AP,CD2-associated protein,7,52,19,78,bin_5,CD2-associated protein,CD2AP,1,522,340
RIPK2_HUMAN,O43353,RIPK2,Receptor-interacting serine/threonine-protein kinase 2,12,59,7,78,bin_5,Receptor-interacting serine/threonine-protein kinase 2,RIPK2,1,594,1660
X3CL1_HUMAN,P78423,CX3CL1,Processed fractalkine,7,63,9,79,bin_5,fractalkine,CX3CL1,1,2466,434
CLN3_HUMAN,Q9UP13,CLN3,Battenin ,4,52,23,79,bin_5,Battenin,CLN3,1,880,15
GRIA1_HUMAN,P42261,GRIA1,Glutamate receptor 1 ,20,28,31,79,bin_5,Glutamate receptor 1,GRIA1,1,264,42966
HS71A_HUMAN,P0DMV8,HSPA1A,Heat shock 70 kDa protein 1A ,23,35,21,79,bin_5,Heat shock 70 kDa protein 1A,HSPA1A,1,723,334
SMAD2_HUMAN,Q15796,SMAD2,Mothers against decapentaplegic homolog 2,21,48,10,79,bin_5,Mothers against decapentaplegic homolog 2,SMAD2,1,10092,8672
SIR6_HUMAN,Q9UQD1,SIRT6,NAD-dependent protein deacylase sirtuin-6 ,23,48,9,80,bin_5,NAD-dependent protein deacylase sirtuin-6,SIRT6,1,1431,17
SODC_HUMAN,P00441,SOD1,Superoxide dismutase [Cu-Zn] ,7,57,16,80,bin_5,Superoxide dismutase [Cu-Zn],SOD1,1,11307,109113
EZRI_HUMAN,P15311,EZR,Ezrin,14,35,31,80,bin_5,Ezrin,EZR,1,236,3250
CDN1A_HUMAN,P38936,CDKN1A,Cyclin-dependent kinase inhibitor 1,11,60,9,80,bin_5,Cyclin-dependent kinase inhibitor 1,CDKN1A,1,11177,19343
EPHB2_HUMAN,P29323,EPHB2,EphB2/CTF2 ,8,58,14,80,bin_5,EphB2/CTF2,EPHB2,1,891,1
BMP7_HUMAN,P18075,BMP7,Bone morphogenetic protein 7,4,72,4,80,bin_5,Bone morphogenetic protein 7,BMP7,1,3358,2690
TY3H_HUMAN,P07101,TH,Tyrosine 3-monooxygenase,10,55,15,80,bin_5,Tyrosine 3-monooxygenase,TH,1,9735967,16843
RB_HUMAN,P06400,RB1,Retinoblastoma-associated protein,11,60,9,80,bin_5,Retinoblastoma-associated protein,RB1,1,7022,66
HSF1_HUMAN,Q00613,HSF1,Heat shock factor protein 1 ,21,45,15,81,bin_5,Heat shock factor protein 1,HSF1,1,3103,9199
AQP1_HUMAN,P29972,AQP1,Aquaporin-1 ,12,55,14,81,bin_5,Aquaporin-1,AQP1,1,2640,2414
APOA1_HUMAN,P02647,APOA1,Truncated apolipoprotein A-I,15,48,19,82,bin_5,Truncated apolipoprotein A-I,APOA1,1,3767,397
CDK1_HUMAN,P06493,CDK1,Cyclin-dependent kinase 1,13,52,17,82,bin_5,Cyclin-dependent kinase 1,CDK1,1,6406,9443
KCNQ1_HUMAN,P51787,KCNQ1,Potassium voltage-gated channel subfamily KQT member 1 ,13,50,19,82,bin_5,Potassium voltage-gated channel subfamily KQT member 1,KCNQ1,1,2632,49
ESR1_HUMAN,P03372,ESR1,Estrogen receptor,26,45,11,82,bin_5,Estrogen receptor,ESR1,1,7509,99875
MED1_HUMAN,IPVSRAFVQK,MED1,Mediator of RNA polymerase II transcription subunit 1,20,55,8,83,bin_5,Mediator of RNA polymerase II transcription subunit 1,MED1,1,1139,303
DAG1_HUMAN,LTVILDADLT,DAG1,Beta-dystroglycan,12,38,33,83,bin_5,Beta-dystroglycan,DAG1,1,549,1825
BMR1A_HUMAN,P36894,BMPR1A,Bone morphogenetic protein receptor type-1A,9,67,7,83,bin_5,Bone morphogenetic protein receptor type-1A,BMPR1A,1,928,66
ACE_HUMAN,P12821,ACE,"Angiotensin-converting enzyme, soluble form",17,56,10,83,bin_5,"Angiotensin-converting enzyme, soluble form",ACE,1,46315,165
ADIPO_HUMAN,Q15848,ADIPOQ,Adiponectin,6,72,6,84,bin_5,Adiponectin,ADIPOQ,1,4352,26278
HG2A_HUMAN,Q8WLP6,CD74,Class-II-associated invariant chain peptide ,11,49,24,84,bin_5,Class-II-associated invariant chain peptide,CD74,1,1379,1328
HNRPU_HUMAN,Q00839,HNRNPU,Heterogeneous nuclear ribonucleoprotein U ,28,33,23,84,bin_5,Heterogeneous nuclear ribonucleoprotein U,HNRNPU,1,233,209
RAC1_HUMAN,P63000,RAC1,Ras-related C3 botulinum toxin substrate 1 ,8,53,23,84,bin_5,Ras-related C3 botulinum toxin substrate 1,RAC1,1,10905,7063
FGFR1_HUMAN,Q53H63,FGFR1,Fibroblast growth factor receptor 1,9,68,7,84,bin_5,Fibroblast growth factor receptor 1,FGFR1,1,5684,3410
PML_HUMAN,Q9BZY3,PML,Protein PML,13,61,11,85,bin_5,protein,PML,1,8403,5310
SRF_HUMAN,P11831,SRF,Serum response factor,12,69,4,85,bin_5,Serum response factor,SRF,1,5664,39188
VGFR2_HUMAN,P35968,KDR,Vascular endothelial growth factor receptor 2 ,11,61,13,85,bin_5,Vascular endothelial growth factor receptor 2,KDR,1,6585,11092
ROCK1_HUMAN,Q13464,ROCK1,Rho-associated protein kinase 1,9,63,13,85,bin_5,Rho-associated protein kinase 1,ROCK1,1,2044,5277
ANDR_HUMAN,P10275,AR,Androgen receptor,22,56,7,85,bin_5,Androgen receptor,AR,1,259638,35911
LEF1_HUMAN,Q9UJU2,LEF1,Lymphoid enhancer-binding factor 1 ,20,58,7,85,bin_5,Lymphoid enhancer-binding factor 1,LEF1,1,2219,1408
TGFR2_HUMAN,P37173,TGFBR2,TGF-beta receptor type-2,14,61,10,85,bin_5,TGF-beta receptor type-2,TGFBR2,1,6330,977
MK14_HUMAN,Q16539,MAPK14,Mitogen-activated protein kinase 14 ,9,65,11,85,bin_5,Mitogen-activated protein kinase 14,MAPK14,1,1757,1113
PTPRC_HUMAN,P08575,PTPRC,Receptor-type tyrosine-protein phosphatase C ,8,66,12,86,bin_5,Receptor-type tyrosine-protein phosphatase C,PTPRC,1,1528,10917
NKX25_HUMAN,P52952,NKX2-5,Homeobox protein Nkx-2.5,12,65,9,86,bin_5,Homeobox protein Nkx-2.5,NKX2-5,1,2020,910
CALR_HUMAN,P27797,CALR,Calreticulin ,18,41,27,86,bin_5,Calreticulin,CALR,1,1726,4818
KIT_HUMAN,P10721,KIT,Mast/stem cell growth factor receptor Kit,10,69,8,87,bin_5,Mast/stem cell growth factor receptor Kit,KIT,1,98677,68
SMO_HUMAN,Q99835,SMO,Protein smoothened,6,67,14,87,bin_5,protein,SMO,1,3947,2479
DDX3X_HUMAN,O00571,DDX3X,ATP-dependent RNA helicase DDX3X,22,50,15,87,bin_5,ATP-dependent RNA helicase DDX3X,DDX3X,1,632,38
TERA_HUMAN,P55072,VCP,Transitional endoplasmic reticulum ATPase,17,47,23,87,bin_5,Transitional endoplasmic reticulum ATPase,VCP,1,2464,506
MK01_HUMAN,P28482,MAPK1,Mitogen-activated protein kinase 1 ,9,59,20,88,bin_5,Mitogen-activated protein kinase 1,MAPK1,1,4213,15226
GPER1_HUMAN,Q99527,GPER1,G-protein coupled estrogen receptor 1 ,6,53,29,88,bin_5,G-protein coupled estrogen receptor 1,GPER1,1,1333,1153
CO6A1_HUMAN,P12109,COL6A1,Collagen alpha-1(VI) chain,3,71,14,88,bin_5,Collagen alpha-1(VI) chain,COL6A1,1,534,7
WNT3A_HUMAN,P56704,WNT3A,Protein Wnt-3a,8,68,12,88,bin_5,Protein Wnt-3a,WNT3A,1,3281,362
FLNA_HUMAN,P21333,FLNA,Filamin-A,14,49,25,88,bin_5,Filamin-A,FLNA,1,902,1954
MDM2_HUMAN,Q53XW0,MDM2,E3 ubiquitin-protein ligase Mdm2,17,63,9,89,bin_5,E3 ubiquitin-protein ligase Mdm2,MDM2,1,11949,7147
CAV3_HUMAN,P56539,CAV3,Caveolin-3,9,66,14,89,bin_5,Caveolin-3,CAV3,1,1805,947
RARA_HUMAN,P10276,RARA,Retinoic acid receptor alpha,23,53,13,89,bin_5,Retinoic acid receptor alpha,RARA,1,4525,6327
SIR2_HUMAN,Q8IXJ6,SIRT2,NAD-dependent protein deacetylase sirtuin-2,16,46,27,89,bin_5,NAD-dependent protein deacetylase sirtuin-2,SIRT2,1,2154,354
FYN_HUMAN,P06241,FYN,Tyrosine-protein kinase Fyn,18,57,14,89,bin_5,Tyrosine-protein kinase Fyn,FYN,1,3966,2872
AAPK1_HUMAN,Q13131,PRKAA1,5'-AMP-activated protein kinase catalytic subunit alpha-1,13,65,11,89,bin_5,5'-AMP-activated protein kinase catalytic subunit alpha-1,PRKAA1,1,613,65
HMGB1_HUMAN,P09429,HMGB1,High mobility group protein B1,23,54,13,90,bin_5,High mobility group protein B1,HMGB1,1,11292,669
SKDASYTKAL,Q13315,ATM,Serine-protein kinase ATM,9,69,12,90,bin_5,ATM serine/threonine kinase,ATM,1,31071,10
ACTB_HUMAN,P60709,ACTB,"Actin, cytoplasmic 1, N-terminally processed",10,39,43,92,bin_5,ACTB,ACTB,1,1674,3
CXA1_HUMAN,P17302,GJA1,Gap junction alpha-1 protein,14,54,24,92,bin_5,Gap junction alpha-1 protein,GJA1,1,1747,232
ASC_HUMAN,Q9ULZ3,PYCARD,Apoptosis-associated speck-like protein containing a CARD ,12,60,20,92,bin_5,Apoptosis-associated speck-like protein containing a CARD,PYCARD,1,1001,815
P2RX7_HUMAN,Q4VKI0,P2RX7,P2X purinoceptor 7,6,75,11,92,bin_5,P2X purinoceptor 7,P2RX7,1,1514,2014
CDK5_HUMAN,Q00535,CDK5,Cyclin-dependent kinase 5 ,13,60,20,93,bin_5,Cyclin-dependent kinase 5,CDK5,1,3213,2616
PTEN_HUMAN,P60484,PTEN,"Phosphatidylinositol 3,4,5-trisphosphate 3-phosphatase and dual-specificity protein phosphatase PTEN ",18,61,14,93,bin_5,PTEN,PTEN,1,24965,7
HS90A_HUMAN,P07900,HSP90AA1,Heat shock protein HSP 90-alpha ,27,40,27,94,bin_5,Heat shock protein HSP 90-alpha,HSP90AA1,1,909,43
DHX9_HUMAN,Q08211,DHX9,ATP-dependent RNA helicase A ,35,43,16,94,bin_5,ATP-dependent RNA helicase A,DHX9,1,342,949
ATP7A_HUMAN,Q04656,ATP7A,Copper-transporting ATPase 1,11,59,24,94,bin_5,Copper-transporting ATPase 1,ATP7A,1,1100,1682
EXT1_HUMAN,Q16394,EXT1,Exostosin-1 ,8,81,6,95,bin_5,Exostosin-1,EXT1,1,592,391
GLI3_HUMAN,P10071,GLI3,Transcriptional repressor GLI3R,11,71,13,95,bin_5,Transcriptional repressor GLI3R,GLI3,1,1274,45
IL6_HUMAN,P05231,IL6,Interleukin-6 ,3,88,4,95,bin_5,Interleukin-6,IL6,1,171417,115741
DLG1_HUMAN,E9PG21,DLG1,Disks large homolog 1 ,12,50,33,95,bin_5,Disks large homolog 1,DLG1,1,809,1126
DAB2P_HUMAN,Q5VWQ8,DAB2IP,Disabled homolog 2-interacting protein,20,64,12,96,bin_5,Disabled homolog 2-interacting protein,DAB2IP,1,234,15
SFRP1_HUMAN,Q8N474,SFRP1,Secreted frizzled-related protein 1,5,84,7,96,bin_5,Secreted frizzled-related protein 1,SFRP1,1,1238,695
EAA3_HUMAN,P43005,SLC1A1,Excitatory amino acid transporter 3 ,11,59,27,97,bin_5,Excitatory amino acid transporter 3,SLC1A1,1,593,605
TGFR1_HUMAN,P36897,TGFBR1,TGF-beta receptor type-1,14,73,10,97,bin_5,TGF-beta receptor type-1,TGFBR1,1,2933,1670
FMR1_HUMAN,Q06787,FMR1,Fragile X messenger ribonucleoprotein 1 ,28,35,34,97,bin_5,Fragile X messenger ribonucleoprotein 1,FMR1,1,4572,112
CDC42_HUMAN,P60953,CDC42,Cell division control protein 42 homolog ,11,60,26,97,bin_5,Cell division control protein 42 homolog,CDC42,1,8223,5243
TSP1_HUMAN,P07996,THBS1,Thrombospondin-1,16,68,14,98,bin_5,Thrombospondin-1,THBS1,1,1124,3791
HDAC6_HUMAN,Q9UBN7,HDAC6,Histone deacetylase 6,20,60,19,99,bin_5,Histone deacetylase 6,HDAC6,1,2552,1764
PAX6_HUMAN,P26367,PAX6,Paired box protein Pax-6,19,75,5,99,bin_5,Paired box protein Pax-6,PAX6,1,4111,2587
XBP1_HUMAN,P17861,XBP1,"X-box-binding protein 1, luminal form ",15,77,7,99,bin_5,"X-box-binding protein 1, luminal form",XBP1,1,3702,0
FGF2_HUMAN,Q9UCS5,FGF2,Fibroblast growth factor 2,10,85,4,99,bin_5,Fibroblast growth factor 2,FGF2,1,20472,17640
RHOA_HUMAN,P61586,RHOA,Transforming protein RhoA ,5,73,21,99,bin_5,Transforming protein RhoA,RHOA,1,13173,566
PINK1_HUMAN,Q9BXM7,PINK1,"Serine/threonine-protein kinase PINK1, mitochondrial",14,69,17,100,bin_5,"Serine/threonine-protein kinase PINK1, mitochondrial",PINK1,1,4272,507
IL1B_HUMAN,P01584,IL1B,Interleukin-1 beta ,4,92,5,101,bin_5,Interleukin-1 beta,IL1B,1,10725,59787
KSYK_HUMAN,P43405,SYK,Tyrosine-protein kinase SYK,16,77,8,101,bin_5,Tyrosine-protein kinase SYK,SYK,1,5719,3661
PARP1_HUMAN,P09874,PARP1,"Poly [ADP-ribose] polymerase 1, processed N-terminus ",29,56,16,101,bin_5,Poly [ADP-ribose] polymerase 1,PARP1,1,8331,10
NRP1_HUMAN,O14786,NRP1,Neuropilin-1 ,10,77,15,102,bin_5,Neuropilin-1,NRP1,1,1880,2438
LEP_HUMAN,P41159,LEP,Leptin ,4,96,3,103,bin_5,Leptin,LEP,1,4515,44876
MECP2_HUMAN,P51608,MECP2,Methyl-CpG-binding protein 2,19,77,7,103,bin_5,Methyl-CpG-binding protein 2,MECP2,1,3829,2954
NOD2_HUMAN,Q9HC29,NOD2,Nucleotide-binding oligomerization domain-containing protein 2 ,13,79,12,104,bin_5,Nucleotide-binding oligomerization domain-containing protein 2,NOD2,1,3933,897
PKD2_HUMAN,Q13563,PKD2,Polycystin-2 ,21,58,25,104,bin_5,Polycystin-2,PKD2,1,7060,1136
STAT3_HUMAN,P40763,STAT3,Signal transducer and activator of transcription 3 ,20,77,7,104,bin_5,Signal transducer and activator of transcription 3,STAT3,1,38358,26221
TAU_HUMAN,Q5XWF0,MAPT,Microtubule-associated protein tau ,23,57,24,104,bin_5,Microtubule-associated protein tau,MAPT,1,5168,22334
EP300_HUMAN,Q09472,EP300,Histone acetyltransferase p300 ,37,59,8,104,bin_5,Histone acetyltransferase p300,EP300,1,2183,4602
GSK3B_HUMAN,P49841,GSK3B,Glycogen synthase kinase-3 beta ,16,74,14,104,bin_5,Glycogen synthase kinase-3 beta,GSK3B,1,5527,10224
TGFB2_HUMAN,P61812,TGFB2,Transforming growth factor beta-2,8,91,6,105,bin_5,Transforming growth factor beta-2,TGFB2,1,1143,4025
PPARG_HUMAN,Q15180,PPARG,Peroxisome proliferator-activated receptor gamma,27,72,7,106,bin_5,Peroxisome proliferator-activated receptor gamma,PPARG,1,3270,32796
SSFSLVSVTI,Q5VZI9,TLR4,Toll-like receptor 4,9,86,11,106,bin_5,Toll-like receptor 4,TLR4,1,33074,25049
MEF2C_HUMAN,Q06413,MEF2C,Myocyte-specific enhancer factor 2C ,13,84,10,107,bin_5,Myocyte-specific enhancer factor 2C,MEF2C,1,1696,2302
SMAD4_HUMAN,Q13485,SMAD4,Mothers against decapentaplegic homolog 4,18,80,10,108,bin_5,Mothers against decapentaplegic homolog 4,SMAD4,1,6129,5303
ITB3_HUMAN,P05106,ITGB3,Integrin beta-3 ,15,66,29,110,bin_5,Integrin beta-3,ITGB3,1,1370,4774
BMP2_HUMAN,P12643,BMP2,Bone morphogenetic protein 2,7,98,5,110,bin_5,Bone morphogenetic protein 2,BMP2,1,12509,11131
CD36_HUMAN,Q9BQC2,CD36,Platelet glycoprotein 4,17,76,17,110,bin_5,Platelet glycoprotein 4,CD36,1,8735,13932
TF65_HUMAN,Q04206,RELA,Transcription factor p65,25,78,9,112,bin_5,Transcription factor p65,RELA,1,12326,13428
NF1_HUMAN,P21359,NF1,Neurofibromin truncated,3,99,11,113,bin_5,Neurofibromin truncated,NF1,1,9137,122
BAX_HUMAN,Q9UCZ7,BAX,Apoptosis regulator BAX,8,90,15,113,bin_5,Apoptosis regulator BAX,BAX,1,58440,26714
HES1_HUMAN,Q14469,HES1,Transcription factor HES-1,15,94,5,114,bin_5,Transcription factor HES-1,HES1,1,3153,1350
FGFR2_HUMAN,Q9UQH7,FGFR2,Fibroblast growth factor receptor 2,7,96,11,114,bin_5,Fibroblast growth factor receptor 2,FGFR2,1,4527,2750
FAK2_HUMAN,Q14289,PTK2B,Protein-tyrosine kinase 2-beta,9,84,21,114,bin_5,protein,PTK2B,1,602,253
MTOR_HUMAN,P42345,MTOR,Serine/threonine-protein kinase mTOR ,12,88,17,117,bin_5,Serine/threonine-protein kinase mTOR,MTOR,1,54229,30522
FGF10_HUMAN,O15520,FGF10,Fibroblast growth factor 10,5,107,6,118,bin_5,Fibroblast growth factor 10,FGF10,1,1349,1331
HSP7C_HUMAN,P11142,HSPA8,Heat shock cognate 71 kDa protein ,23,52,43,118,bin_5,Heat shock cognate 71 kDa protein,HSPA8,1,1199,138
LYN_HUMAN,P07948,LYN,Tyrosine-protein kinase Lyn,18,83,17,118,bin_5,Tyrosine-protein kinase Lyn,LYN,1,3718,2075
HIF1A_HUMAN,Q16665,HIF1A,Hypoxia-inducible factor 1-alpha ,21,86,11,118,bin_5,Hypoxia-inducible factor 1-alpha,HIF1A,1,13099,19347
GATA3_HUMAN,P23771,GATA3,Trans-acting T-cell-specific transcription factor GATA-3,16,100,3,119,bin_5,Trans-acting T-cell-specific transcription factor GATA-3,GATA3,1,5790,6
SYUA_HUMAN,P37840,SNCA,Alpha-synuclein,23,77,20,120,bin_5,Alpha-synuclein,SNCA,1,3746,18501
ITB1_HUMAN,Q13090,ITGB1,Integrin beta-1 ,17,66,41,124,bin_5,Integrin beta-1,ITGB1,1,1057,6172
SMAD3_HUMAN,O35273,SMAD3,Mothers against decapentaplegic homolog 3,34,83,10,127,bin_5,Mothers against decapentaplegic homolog 3,SMAD3,1,9665,8231
TREM2_HUMAN,Q9NZC2,TREM2,Triggering receptor expressed on myeloid cells 2,22,103,5,130,bin_5,Triggering receptor expressed on myeloid cells 2,TREM2,1,2055,3638
DRD2_HUMAN,P14416,DRD2,D(2) dopamine receptor,9,100,22,131,bin_5,D(2) dopamine receptor,DRD2,1,3376,5358
A4_HUMAN,Q9UC33,APP,Amyloid-beta precursor protein,12,79,41,132,bin_5,Amyloid-beta precursor protein,APP,1,49394,56653
EGFR_HUMAN,Q9H2C9,EGFR,Epidermal growth factor receptor ,23,85,25,133,bin_5,Epidermal growth factor receptor,EGFR,1,132994,110450
PSN1_HUMAN,P49768,PSEN1,Presenilin-1 CTF12,9,89,35,133,bin_5,Presenilin-1 CTF12,PSEN1,1,3585,0
JAK2_HUMAN,O60674,JAK2,Tyrosine-protein kinase JAK2 ,19,96,18,133,bin_5,Tyrosine-protein kinase JAK2,JAK2,1,15421,9786
EDN1_HUMAN,P05305,EDN1,Big endothelin-1,4,125,7,136,bin_5,Big endothelin-1,EDN1,1,657,21988
PARK7_HUMAN,Q99497,PARK7,Parkinson disease protein 7 ,29,94,18,141,bin_5,Parkinson disease protein 7,PARK7,1,1380,7002
CAV1_HUMAN,Q03135,CAV1,Caveolin-1,19,103,22,144,bin_5,Caveolin-1,CAV1,1,7021,6946
VEGFA_HUMAN,Q9H1W9,VEGFA,VEGFA ,15,117,13,145,bin_5,VEGFA,VEGFA,1,24252,24252
BMP4_HUMAN,P12644,BMP4,Bone morphogenetic protein 4 ,6,137,3,146,bin_5,Bone morphogenetic protein 4,BMP4,1,6125,4108
APOE_HUMAN,P02649,APOE,Apolipoprotein E ,21,97,31,149,bin_5,Apolipoprotein E,APOE,1,35550,30743
BCL2_HUMAN,P10415,BCL2,Apoptosis regulator Bcl-2,12,128,12,152,bin_5,Apoptosis regulator Bcl-2,BCL2,1,81064,54117
SOX9_HUMAN,P48436,SOX9,Transcription factor SOX-9 ,12,135,5,152,bin_5,Transcription factor SOX-9,SOX9,1,7484,4045
ABL1_HUMAN,P00519,ABL1,Tyrosine-protein kinase ABL1,25,114,17,156,bin_5,Tyrosine-protein kinase ABL1,ABL1,1,4147,2520
SIR1_HUMAN,Q96EB6,SIRT1,SirtT1 75 kDa fragment ,29,112,16,157,bin_5,SIRT1,SIRT1,1,15722,0
SRC_HUMAN,P12931,SRC,Proto-oncogene tyrosine-protein kinase Src ,22,115,23,160,bin_5,Proto-oncogene tyrosine-protein kinase Src,SRC,1,43697,8309
LRRK2_HUMAN,Q5S007,LRRK2,Leucine-rich repeat serine/threonine-protein kinase 2,27,93,42,162,bin_5,Leucine-rich repeat serine/threonine-protein kinase 2,LRRK2,1,3568,2316
WNT5A_HUMAN,P41221,WNT5A,Protein Wnt-5a,7,149,13,169,bin_5,Protein Wnt-5a,WNT5A,1,3138,1663
AKT1_HUMAN,P31749,AKT1,RAC-alpha serine/threonine-protein kinase,17,136,17,170,bin_5,RAC-alpha serine/threonine-protein kinase,AKT1,1,12042,225
P53_HUMAN,Q8J016,TP53,Cellular tumor antigen p53,33,124,18,175,bin_5,Cellular tumor antigen p53,TP53,1,32525,69475
SHH_HUMAN,Q15465,SHH,Sonic hedgehog protein N-product,9,156,12,177,bin_5,Sonic hedgehog protein N-product,SHH,1,9169,1
NOTC1_HUMAN,P46531,NOTCH1,Notch 1 intracellular domain,11,159,14,184,bin_5,Notch 1 intracellular domain,NOTCH1,1,9658,1314
TNFA_HUMAN,P01375,TNF,"Tumor necrosis factor, soluble form",6,177,9,192,bin_5,TNF,TNF,1,236054,1329
TGFB1_HUMAN,P01137,TGFB1,Transforming growth factor beta-1 ,11,175,12,198,bin_5,Transforming growth factor beta-1,TGFB1,1,9895,41947
CTNB1_HUMAN,P35222,CTNNB1,Catenin beta-1 ,21,152,44,217,bin_5,Catenin beta-1,CTNNB1,1,11381,407
